purchase_flight_id,flight_id,service_id,purchase_quantity,service_price,purchase_subtotal
236,6,10,4,70.76,283.04
187,13,1,5,118.18,590.9
90,14,10,6,124.4,746.4
129,23,3,3,98.7,296.1
9,13,10,4,76.23,304.92
204,3,8,1,118.82,118.82
29,19,9,6,95.48,572.88
1,3,6,1,53.03,53.03
12,2,2,5,28.75,143.75
242,3,1,5,106.72,533.6
219,15,9,6,50.2,301.2
39,18,4,3,120.1,360.3
240,21,1,1,107.88,107.88
214,9,7,2,96.73,193.46
68,15,10,1,43.62,43.62
25,2,7,4,26.77,107.08
119,4,2,1,43.95,43.95
37,16,2,1,107.36,107.36
165,20,6,5,79.66,398.3
189,4,10,5,94.94,474.7
191,2,9,3,106.52,319.56
46,22,5,3,29.53,88.59
49,8,2,4,85.93,343.72
143,23,4,2,46.13,92.26
173,25,8,5,39.27,196.35
199,18,9,4,73.86,295.44
46,11,9,4,92.75,371.0
43,8,2,1,30.8,30.8
235,21,6,3,76.77,230.31
80,3,3,2,36.43,72.86
83,2,6,3,43.05,129.15
167,6,3,6,78.39,470.34
198,2,3,5,98.12,490.6
143,8,3,2,79.25,158.5
169,6,4,4,48.17,192.68
238,25,1,1,98.64,98.64
36,20,10,4,74.02,296.08
80,19,9,1,86.39,86.39
107,24,1,5,32.62,163.1
246,22,2,2,107.86,215.72
243,18,2,2,119.84,239.68
247,18,4,4,118.74,474.96
14,16,3,6,104.88,629.28
24,18,3,6,28.62,171.72
110,16,6,2,61.47,122.94
152,15,6,5,89.41,447.05
35,19,4,4,97.94,391.76
162,15,4,4,64.71,258.84
24,11,5,5,25.31,126.55
247,18,10,1,25.74,25.74
123,15,6,4,90.04,360.16
190,3,4,6,41.81,250.86
129,24,3,1,74.27,74.27
61,4,4,5,48.43,242.15
32,25,9,6,108.16,648.96
119,13,5,5,104.86,524.3
123,4,3,4,97.7,390.8
174,7,4,5,73.35,366.75
196,3,5,1,87.76,87.76
108,7,6,3,74.05,222.15
55,11,10,1,97.41,97.41
115,9,3,6,107.53,645.18
227,24,9,1,46.02,46.02
61,17,7,5,111.48,557.4
226,18,2,4,96.15,384.6
41,21,6,3,81.74,245.22
94,10,7,3,66.73,200.19
31,21,10,6,110.79,664.74
171,1,7,3,55.22,165.66
185,24,4,1,69.87,69.87
180,11,6,5,26.76,133.8
119,7,8,5,57.95,289.75
17,2,3,3,83.27,249.81
233,9,7,3,70.31,210.93
155,2,6,4,34.24,136.96
135,7,7,3,78.85,236.55
149,24,8,6,111.12,666.72
250,2,6,2,123.76,247.52
12,6,1,4,94.13,376.52
243,3,4,1,70.9,70.9
239,18,10,5,95.95,479.75
27,12,10,4,89.59,358.36
233,20,10,6,107.44,644.64
101,20,3,2,38.85,77.7
188,19,8,5,45.05,225.25
164,2,1,3,108.59,325.77
142,9,4,6,79.23,475.38
41,25,4,6,117.14,702.84
92,24,8,4,28.59,114.36
137,16,8,1,68.01,68.01
164,7,9,5,108.63,543.15
208,25,1,3,100.41,301.23
92,21,7,6,50.52,303.12
99,16,7,4,39.17,156.68
235,20,1,6,38.07,228.42
124,16,7,1,110.97,110.97
72,8,8,2,87.57,175.14
97,9,1,4,32.58,130.32
32,5,4,3,35.69,107.07
13,23,9,4,72.87,291.48
140,15,1,4,114.23,456.92
237,7,4,6,81.55,489.3
218,18,9,3,77.8,233.4
77,4,10,4,42.74,170.96
152,3,10,1,105.48,105.48
152,2,7,3,111.67,335.01
224,24,2,3,28.76,86.28
227,23,7,2,73.73,147.46
31,21,4,2,105.57,211.14
167,15,6,2,95.79,191.58
40,13,10,3,109.02,327.06
135,2,7,4,74.96,299.84
12,6,10,3,82.72,248.16
205,5,3,5,69.98,349.9
58,6,6,4,26.25,105.0
154,3,3,6,120.96,725.76
229,4,9,2,106.3,212.6
158,19,8,6,39.26,235.56
110,11,10,4,113.95,455.8
218,3,7,5,75.16,375.8
122,19,6,4,45.94,183.76
81,9,2,1,31.39,31.39
18,23,10,3,119.46,358.38
11,1,5,2,117.68,235.36
164,8,3,2,71.28,142.56
248,19,5,2,77.39,154.78
20,11,5,6,70.83,424.98
54,13,3,1,87.95,87.95
101,23,6,6,39.54,237.24
182,22,5,5,113.16,565.8
195,13,10,2,45.88,91.76
222,23,8,4,80.18,320.72
224,8,9,2,44.7,89.4
126,10,7,5,35.58,177.9
139,24,9,6,34.27,205.62
67,23,3,3,97.61,292.83
107,23,4,3,102.31,306.93
178,10,5,2,50.29,100.58
141,24,9,1,74.92,74.92
149,21,1,6,59.7,358.2
197,14,9,1,120.92,120.92
52,16,6,4,83.04,332.16
105,9,2,6,64.4,386.4
244,1,4,3,53.58,160.74
30,13,8,6,57.19,343.14
150,9,6,5,25.9,129.5
230,14,4,4,113.84,455.36
76,16,1,4,46.32,185.28
176,21,6,2,112.4,224.8
246,11,4,3,67.67,203.01
71,22,1,5,27.07,135.35
177,5,6,5,124.85,624.25
36,25,7,5,101.59,507.95
193,21,10,4,42.54,170.16
47,22,7,4,67.61,270.44
19,9,3,5,107.85,539.25
229,8,3,5,85.55,427.75
120,4,6,6,110.64,663.84
47,5,4,3,102.64,307.92
156,14,9,5,96.25,481.25
12,7,8,6,83.62,501.72
132,12,7,6,107.1,642.6
143,2,4,2,66.83,133.66
71,5,9,1,52.32,52.32
163,4,6,6,55.27,331.62
206,1,4,2,104.87,209.74
235,24,6,6,35.15,210.9
201,11,9,1,109.71,109.71
223,8,10,2,87.22,174.44
51,18,5,4,92.07,368.28
56,8,5,2,121.47,242.94
173,24,7,5,58.78,293.9
139,7,2,6,121.27,727.62
68,5,5,3,29.63,88.89
12,21,2,4,110.71,442.84
68,20,8,6,54.98,329.88
196,11,7,6,54.56,327.36
174,17,10,6,47.0,282.0
73,15,9,4,121.08,484.32
237,8,3,1,112.35,112.35
42,6,8,1,120.5,120.5
243,15,8,6,42.5,255.0
84,17,9,4,31.35,125.4
17,20,2,2,53.58,107.16
148,6,7,5,105.2,526.0
152,3,3,1,60.69,60.69
117,14,5,5,124.57,622.85
64,9,10,4,54.95,219.8
120,4,1,2,43.82,87.64
157,8,1,5,76.74,383.7
186,21,5,5,89.7,448.5
131,4,10,1,118.52,118.52
144,8,4,1,97.88,97.88
176,1,6,4,38.18,152.72
242,5,10,5,81.06,405.3
182,12,6,4,62.98,251.92
40,24,8,4,84.65,338.6
131,10,10,4,92.44,369.76
140,7,7,4,106.33,425.32
60,6,1,4,36.83,147.32
181,1,6,6,119.49,716.94
106,9,5,2,82.25,164.5
211,13,3,3,33.05,99.15
94,12,9,6,70.64,423.84
225,18,9,3,31.99,95.97
200,25,5,3,33.72,101.16
114,21,8,5,39.29,196.45
96,1,9,1,107.97,107.97
60,1,10,5,40.74,203.7
170,12,9,3,92.86,278.58
37,11,10,1,118.18,118.18
91,14,6,2,115.45,230.9
96,3,2,1,89.87,89.87
106,15,5,1,60.47,60.47
29,6,5,4,60.99,243.96
79,24,7,2,101.07,202.14
75,13,7,6,96.79,580.74
199,6,10,1,74.27,74.27
132,16,6,1,83.19,83.19
196,10,6,3,59.9,179.7
5,18,8,2,121.35,242.7
77,25,8,2,35.4,70.8
3,19,9,2,71.7,143.4
57,25,6,2,86.03,172.06
199,16,9,5,93.24,466.2
153,11,9,6,95.81,574.86
75,24,6,2,78.82,157.64
183,20,10,4,99.68,398.72
21,21,2,4,66.11,264.44
77,11,1,1,73.94,73.94
47,17,5,2,27.68,55.36
27,22,6,3,78.82,236.46
228,5,4,3,92.48,277.44
185,16,7,1,54.47,54.47
184,4,3,5,103.31,516.55
161,4,9,3,93.74,281.22
203,13,4,1,105.96,105.96
116,9,7,4,123.5,494.0
204,3,9,2,102.15,204.3
35,20,7,2,46.78,93.56
164,2,2,4,87.94,351.76
214,20,1,5,95.61,478.05
247,21,10,5,84.1,420.5
87,9,7,4,88.78,355.12
185,4,7,1,72.75,72.75
75,12,3,5,53.56,267.8
91,9,9,3,44.24,132.72
167,14,3,3,118.2,354.6
136,10,2,5,104.03,520.15
1,24,3,2,76.55,153.1
97,2,8,6,121.01,726.06
187,10,5,6,99.51,597.06
11,16,2,5,79.42,397.1
93,17,8,4,70.12,280.48
121,8,7,2,28.32,56.64
64,24,5,6,87.68,526.08
140,23,1,6,116.56,699.36
215,15,2,3,83.45,250.35
164,17,9,4,87.95,351.8
222,1,4,5,114.95,574.75
194,22,7,6,122.81,736.86
192,5,6,3,76.01,228.03
63,21,6,1,48.09,48.09
218,10,3,5,60.63,303.15
59,23,9,3,80.43,241.29
187,15,6,3,42.05,126.15
28,10,8,2,79.46,158.92
194,22,6,1,98.07,98.07
87,8,2,6,67.79,406.74
126,9,3,5,103.69,518.45
203,1,6,5,49.11,245.55
75,12,5,3,92.8,278.4
130,6,6,1,106.37,106.37
35,21,4,3,30.22,90.66
156,6,1,2,107.8,215.6
63,20,8,2,117.22,234.44
91,21,6,2,102.29,204.58
133,9,6,4,34.2,136.8
185,5,7,6,72.09,432.54
118,3,6,5,43.01,215.05
169,4,6,5,64.62,323.1
145,18,2,6,83.39,500.34
225,17,6,6,51.57,309.42
168,23,7,2,84.98,169.96
5,15,10,1,62.64,62.64
123,4,2,3,81.63,244.89
3,7,9,2,76.36,152.72
143,20,5,3,28.69,86.07
201,22,9,2,26.5,53.0
167,14,7,2,60.39,120.78
137,9,6,2,118.55,237.1
62,5,3,1,82.49,82.49
39,24,10,1,56.85,56.85
243,15,3,6,34.72,208.32
10,22,5,5,105.01,525.05
236,17,2,6,89.59,537.54
217,13,7,2,47.56,95.12
135,13,3,2,114.29,228.58
112,1,8,2,96.83,193.66
4,20,9,3,100.18,300.54
163,4,1,1,73.54,73.54
6,12,6,3,80.95,242.85
27,5,8,3,80.05,240.15
146,14,3,2,66.0,132.0
165,15,2,6,102.8,616.8
121,23,1,4,58.88,235.52
239,17,8,1,79.77,79.77
159,24,2,6,53.44,320.64
31,1,10,5,55.93,279.65
160,20,8,4,103.58,414.32
177,11,9,2,65.28,130.56
186,14,10,4,120.36,481.44
196,19,8,4,87.37,349.48
157,17,9,5,42.81,214.05
66,4,4,2,109.7,219.4
161,17,9,3,101.26,303.78
225,24,7,3,91.9,275.7
162,22,7,6,60.06,360.36
175,23,9,5,33.94,169.7
6,8,2,2,67.27,134.54
88,13,6,6,72.32,433.92
51,3,10,4,50.25,201.0
66,6,4,1,56.34,56.34
155,1,8,4,90.83,363.32
125,9,5,1,107.73,107.73
39,17,2,5,39.11,195.55
46,14,5,1,68.99,68.99
126,15,7,6,26.13,156.78
181,7,6,4,78.71,314.84
137,20,7,6,35.33,211.98
13,9,7,6,46.33,277.98
102,24,5,1,25.39,25.39
59,12,6,1,91.3,91.3
209,22,5,1,72.03,72.03
199,9,7,6,42.35,254.1
141,12,8,1,31.3,31.3
65,1,1,5,45.0,225.0
70,13,9,4,62.8,251.2
124,2,10,4,43.85,175.4
235,3,1,6,122.64,735.84
48,23,2,1,96.15,96.15
125,8,5,5,42.81,214.05
88,5,9,5,67.44,337.2
120,8,3,3,48.28,144.84
180,21,8,6,30.07,180.42
212,3,6,3,94.48,283.44
117,8,10,6,73.58,441.48
76,19,8,3,75.03,225.09
16,14,1,4,67.09,268.36
191,7,10,1,111.91,111.91
79,4,3,1,124.94,124.94
102,10,2,6,56.84,341.04
244,24,5,1,43.69,43.69
32,16,8,1,53.39,53.39
172,6,8,4,87.58,350.32
100,14,8,4,91.21,364.84
131,3,2,1,46.07,46.07
88,21,7,2,53.4,106.8
210,21,8,1,113.59,113.59
74,20,10,2,91.43,182.86
198,6,9,6,37.94,227.64
172,2,3,5,84.56,422.8
66,22,1,5,28.27,141.35
86,2,4,5,95.0,475.0
224,15,8,2,81.27,162.54
37,8,10,5,46.57,232.85
190,3,5,3,111.8,335.4
92,23,6,2,106.01,212.02
173,4,3,2,49.22,98.44
170,16,2,6,52.84,317.04
33,10,4,2,124.96,249.92
220,20,9,6,28.59,171.54
97,12,2,6,28.09,168.54
183,9,10,3,80.74,242.22
164,23,6,6,73.77,442.62
91,17,10,3,49.94,149.82
30,15,4,3,30.5,91.5
200,23,10,4,29.43,117.72
80,11,2,1,115.98,115.98
189,19,5,3,101.96,305.88
99,6,6,2,99.38,198.76
187,15,1,6,112.9,677.4
231,11,8,1,103.94,103.94
176,23,9,6,93.62,561.72
86,2,5,3,123.81,371.43
18,21,8,6,56.8,340.8
162,6,3,2,40.65,81.3
224,11,2,2,103.32,206.64
138,18,7,3,69.44,208.32
117,16,1,3,114.19,342.57
38,12,8,1,109.27,109.27
136,14,9,2,84.66,169.32
231,16,9,5,85.46,427.3
46,11,7,2,91.0,182.0
33,7,6,3,76.39,229.17
75,16,7,4,89.38,357.52
51,20,10,6,124.19,745.14
132,17,5,3,75.91,227.73
14,17,2,1,123.66,123.66
84,7,1,5,68.54,342.7
135,8,4,1,53.69,53.69
69,22,4,1,52.57,52.57
136,9,10,6,34.74,208.44
41,7,3,4,39.68,158.72
185,12,9,3,58.84,176.52
237,3,1,5,77.22,386.1
106,12,3,6,55.98,335.88
50,25,3,3,55.44,166.32
196,8,10,2,47.83,95.66
207,4,3,4,64.33,257.32
100,8,5,5,65.55,327.75
73,8,7,2,26.4,52.8
80,15,5,4,103.75,415.0
216,3,5,3,55.49,166.47
195,9,6,1,96.96,96.96
177,5,2,6,73.97,443.82
20,13,8,4,116.85,467.4
66,7,9,4,122.15,488.6
207,14,9,1,102.64,102.64
26,4,7,3,82.96,248.88
250,1,10,6,61.35,368.1
235,11,8,5,42.83,214.15
36,23,7,3,58.37,175.11
223,10,6,4,60.26,241.04
21,21,8,6,102.92,617.52
4,12,4,4,25.11,100.44
163,15,5,3,107.39,322.17
138,22,4,3,89.06,267.18
215,6,9,3,122.19,366.57
158,18,9,6,69.7,418.2
25,14,9,5,28.36,141.8
206,3,8,3,94.22,282.66
244,16,10,1,83.22,83.22
159,6,1,4,115.03,460.12
99,21,7,4,57.16,228.64
61,21,2,3,75.96,227.88
194,7,3,6,63.84,383.04
193,11,7,2,25.62,51.24
244,23,7,4,45.57,182.28
214,14,10,6,44.34,266.04
195,16,10,1,35.66,35.66
76,23,8,2,114.1,228.2
219,24,9,2,65.06,130.12
198,18,6,1,70.26,70.26
76,19,9,4,92.98,371.92
125,16,6,3,50.84,152.52
235,19,3,5,83.45,417.25
6,23,5,2,119.8,239.6
67,17,6,5,30.56,152.8
215,22,8,3,94.7,284.1
157,1,6,2,30.79,61.58
38,15,2,5,55.99,279.95
67,9,2,5,110.06,550.3
102,25,2,6,55.68,334.08
78,7,3,2,44.84,89.68
216,8,5,4,31.85,127.4
57,12,9,6,36.46,218.76
65,7,9,5,97.9,489.5
236,22,2,6,41.17,247.02
214,25,7,1,122.52,122.52
217,11,3,6,108.49,650.94
91,15,6,4,41.53,166.12
190,24,5,3,60.9,182.7
42,7,7,2,84.45,168.9
244,3,7,6,123.11,738.66
187,22,9,4,60.51,242.04
62,15,5,6,52.84,317.04
9,15,4,6,79.17,475.02
136,23,1,2,79.62,159.24
207,21,7,1,61.4,61.4
195,17,1,3,66.12,198.36
68,15,7,6,103.36,620.16
232,8,9,1,97.46,97.46
213,25,3,4,55.49,221.96
111,25,4,2,72.71,145.42
143,22,3,2,118.57,237.14
162,24,3,6,98.21,589.26
26,8,6,2,58.5,117.0
30,23,9,4,92.2,368.8
50,16,8,2,32.11,64.22
102,22,2,5,52.53,262.65
85,13,1,3,49.98,149.94
102,5,8,5,77.59,387.95
43,5,4,2,38.38,76.76
57,9,5,6,26.08,156.48
146,24,3,4,117.11,468.44
23,21,10,4,42.45,169.8
11,25,9,1,103.88,103.88
53,15,9,4,84.49,337.96
109,16,1,2,63.63,127.26
177,18,2,1,112.46,112.46
214,6,8,5,96.91,484.55
1,19,5,1,119.56,119.56
2,8,10,3,62.71,188.13
158,24,7,6,38.71,232.26
99,13,3,1,124.7,124.7
164,16,6,6,62.12,372.72
114,9,1,2,43.21,86.42
134,23,6,1,123.45,123.45
246,5,2,3,31.48,94.44
47,10,2,2,32.93,65.86
148,21,7,2,110.22,220.44
75,2,1,1,26.26,26.26
51,1,3,2,118.32,236.64
207,4,7,2,119.7,239.4
100,5,1,6,42.92,257.52
182,1,3,3,60.02,180.06
66,13,4,6,46.15,276.9
112,12,6,6,89.78,538.68
62,10,4,5,104.36,521.8
172,23,4,3,104.45,313.35
85,6,5,5,123.75,618.75
25,19,1,6,116.95,701.7
91,19,7,2,86.53,173.06
166,18,10,2,80.98,161.96
101,19,3,6,120.36,722.16
114,9,4,3,30.18,90.54
96,13,10,5,52.52,262.6
97,3,1,1,33.6,33.6
14,13,4,3,105.39,316.17
65,1,7,3,63.85,191.55
184,3,5,6,94.3,565.8
38,22,8,5,119.08,595.4
150,3,10,1,40.89,40.89
130,9,5,4,67.93,271.72
63,23,6,1,85.87,85.87
83,9,8,6,107.07,642.42
150,13,4,2,118.62,237.24
238,1,3,4,29.14,116.56
34,10,3,4,31.18,124.72
47,8,8,1,41.1,41.1
248,23,10,6,45.22,271.32
235,18,8,6,48.27,289.62
19,16,8,4,64.35,257.4
155,6,10,3,102.67,308.01
90,20,4,3,27.84,83.52
88,23,6,6,60.52,363.12
188,3,5,2,119.36,238.72
66,10,8,2,93.67,187.34
53,14,10,1,104.49,104.49
18,23,8,5,71.09,355.45
82,16,7,1,89.24,89.24
209,22,8,6,108.65,651.9
24,15,9,5,122.79,613.95
96,16,4,5,32.07,160.35
193,3,9,2,51.92,103.84
249,12,2,5,86.96,434.8
64,25,5,2,46.19,92.38
234,13,5,5,81.85,409.25
188,1,9,4,95.64,382.56
74,19,8,1,45.35,45.35
45,23,9,1,93.4,93.4
160,6,6,5,93.39,466.95
65,11,8,1,89.72,89.72
29,3,10,6,29.63,177.78
71,2,8,2,32.59,65.18
68,12,9,6,27.98,167.88
117,25,3,5,95.85,479.25
2,19,8,6,79.37,476.22
154,4,2,4,48.76,195.04
150,15,2,1,91.36,91.36
106,10,7,5,47.25,236.25
167,23,6,6,102.68,616.08
139,1,10,3,69.46,208.38
196,1,4,1,100.03,100.03
25,13,9,3,54.65,163.95
115,3,1,4,74.0,296.0
214,23,2,2,47.11,94.22
12,24,5,2,65.81,131.62
154,2,6,3,52.96,158.88
126,21,6,4,25.46,101.84
222,4,8,4,72.53,290.12
194,8,3,2,63.33,126.66
82,16,6,1,54.48,54.48
224,24,4,6,103.71,622.26
149,2,3,4,34.31,137.24
167,8,8,6,52.35,314.1
50,25,4,2,55.36,110.72
62,6,5,2,36.9,73.8
68,24,2,4,83.45,333.8
236,7,5,1,38.14,38.14
35,17,1,2,30.27,60.54
196,13,1,3,38.89,116.67
233,14,8,2,107.09,214.18
104,8,5,1,34.28,34.28
105,16,3,6,109.27,655.62
44,14,10,1,46.75,46.75
198,24,1,3,27.45,82.35
207,7,3,6,62.26,373.56
206,22,5,3,26.13,78.39
135,13,4,2,37.76,75.52
95,7,9,2,103.81,207.62
18,22,10,1,53.22,53.22
87,23,6,1,74.9,74.9
155,22,10,3,52.9,158.7
93,25,5,4,27.34,109.36
234,25,5,3,70.82,212.46
20,21,2,5,57.01,285.05
78,18,2,1,118.35,118.35
107,5,10,5,43.87,219.35
203,11,8,4,122.57,490.28
146,23,10,5,51.7,258.5
142,10,5,2,69.2,138.4
120,8,1,1,35.71,35.71
177,2,8,4,109.0,436.0
232,3,5,2,68.76,137.52
66,22,7,1,112.62,112.62
53,8,9,2,67.08,134.16
71,2,1,5,79.25,396.25
239,8,2,2,73.26,146.52
54,21,10,3,35.26,105.78
210,24,3,6,33.99,203.94
248,17,6,3,93.67,281.01
207,6,6,2,115.07,230.14
78,8,10,1,70.07,70.07
91,13,5,6,80.56,483.36
231,18,3,5,45.71,228.55
116,9,8,2,111.13,222.26
213,9,4,2,115.69,231.38
229,15,2,2,103.7,207.4
28,9,6,1,96.53,96.53
98,8,9,5,81.41,407.05
212,13,7,4,71.56,286.24
39,12,6,4,101.54,406.16
121,4,9,5,73.56,367.8
86,24,9,1,110.76,110.76
144,14,6,4,80.78,323.12
127,1,7,4,46.77,187.08
81,1,4,3,123.97,371.91
133,11,6,1,49.04,49.04
113,2,1,1,43.3,43.3
30,5,8,1,82.02,82.02
207,7,7,2,70.13,140.26
110,12,10,2,93.62,187.24
226,5,9,4,33.69,134.76
198,14,8,3,65.46,196.38
243,6,6,3,42.1,126.3
85,10,10,4,37.0,148.0
179,2,5,1,64.29,64.29
148,14,4,3,114.96,344.88
50,19,6,3,46.35,139.05
32,25,10,2,117.21,234.42
192,10,5,3,49.2,147.6
85,1,4,3,26.77,80.31
73,1,8,5,121.1,605.5
131,25,7,6,82.74,496.44
63,2,4,1,60.75,60.75
51,16,8,6,43.04,258.24
83,22,3,3,69.9,209.7
187,1,8,2,52.13,104.26
109,2,8,6,31.79,190.74
126,17,8,3,35.65,106.95
148,1,3,1,77.65,77.65
145,2,3,6,81.0,486.0
85,21,9,5,99.0,495.0
41,15,9,2,124.72,249.44
79,9,2,2,25.71,51.42
126,2,8,3,30.25,90.75
153,6,8,4,39.97,159.88
38,19,5,1,45.23,45.23
216,22,2,2,35.92,71.84
218,24,6,1,95.07,95.07
63,14,10,5,53.56,267.8
50,10,7,4,106.23,424.92
163,18,9,2,69.37,138.74
172,20,6,1,68.21,68.21
159,15,2,5,44.33,221.65
61,2,9,2,55.07,110.14
162,18,2,6,124.95,749.7
141,11,4,6,78.13,468.78
182,4,2,3,57.26,171.78
175,8,2,5,120.43,602.15
202,12,5,4,43.08,172.32
95,7,7,6,112.76,676.56
209,11,9,4,100.22,400.88
196,25,1,2,26.34,52.68
76,6,9,3,41.55,124.65
200,15,8,1,67.04,67.04
194,16,10,3,118.39,355.17
82,25,5,4,47.57,190.28
136,3,5,2,40.52,81.04
51,17,3,2,97.05,194.1
74,7,2,1,111.41,111.41
95,12,6,4,45.8,183.2
247,24,4,5,55.38,276.9
196,16,9,5,118.1,590.5
19,3,4,6,69.27,415.62
81,4,1,1,26.03,26.03
126,12,2,5,37.75,188.75
197,9,3,1,70.23,70.23
101,6,2,1,115.38,115.38
148,24,5,1,61.23,61.23
200,1,10,3,62.42,187.26
231,3,3,1,61.84,61.84
14,12,2,1,100.51,100.51
206,5,2,2,38.59,77.18
108,21,5,4,100.45,401.8
143,14,6,1,112.45,112.45
164,3,1,6,64.62,387.72
242,22,7,1,77.94,77.94
204,12,6,6,33.69,202.14
170,3,3,5,101.8,509.0
190,22,2,3,124.41,373.23
190,20,5,2,54.58,109.16
66,3,2,2,91.27,182.54
15,1,8,2,27.12,54.24
200,8,10,6,80.28,481.68
6,24,5,5,99.19,495.95
125,22,5,1,50.11,50.11
236,4,3,5,52.46,262.3
168,7,8,6,115.37,692.22
166,16,4,1,37.65,37.65
18,12,10,4,44.56,178.24
245,2,2,4,62.93,251.72
93,16,2,1,83.86,83.86
223,22,6,1,98.99,98.99
206,6,1,3,121.42,364.26
209,18,4,6,63.37,380.22
136,4,10,2,87.96,175.92
134,1,2,5,70.97,354.85
84,18,2,5,97.63,488.15
179,14,6,3,52.86,158.58
94,11,5,1,96.88,96.88
102,12,9,1,72.88,72.88
2,15,3,2,40.12,80.24
219,4,7,6,112.4,674.4
238,19,7,4,30.71,122.84
163,3,4,2,108.5,217.0
107,12,2,2,98.32,196.64
127,22,9,3,123.31,369.93
150,19,8,1,99.58,99.58
129,6,1,5,88.48,442.4
149,22,9,3,95.05,285.15
206,13,10,2,86.57,173.14
21,11,1,3,77.47,232.41
188,7,7,4,56.57,226.28
106,23,4,1,32.75,32.75
85,13,10,3,104.77,314.31
37,6,6,1,120.23,120.23
125,13,8,2,114.29,228.58
228,25,3,3,116.52,349.56
94,7,10,3,113.83,341.49
103,24,3,5,122.76,613.8
89,8,4,4,55.47,221.88
167,17,5,5,34.89,174.45
88,19,10,2,97.85,195.7
46,9,1,4,95.46,381.84
86,12,6,1,82.52,82.52
201,9,4,5,48.65,243.25
68,2,6,6,118.74,712.44
128,11,7,5,101.55,507.75
17,15,4,1,104.14,104.14
138,6,4,3,38.14,114.42
249,8,10,3,65.76,197.28
232,5,7,2,77.01,154.02
47,9,8,2,94.82,189.64
50,20,1,3,91.68,275.04
107,1,8,6,41.4,248.4
217,5,5,4,49.21,196.84
11,22,7,3,69.49,208.47
66,24,3,3,116.35,349.05
51,20,5,1,28.68,28.68
46,19,2,1,122.97,122.97
247,14,9,2,104.35,208.7
187,1,10,3,29.1,87.3
35,4,5,2,72.86,145.72
26,1,4,3,56.87,170.61
137,10,6,1,97.8,97.8
134,24,5,1,91.47,91.47
166,8,4,4,26.02,104.08
17,17,2,1,68.33,68.33
75,14,2,4,36.74,146.96
42,13,5,5,75.0,375.0
56,8,10,2,116.86,233.72
228,25,10,4,26.01,104.04
228,18,7,3,80.17,240.51
223,4,10,6,102.73,616.38
77,18,3,4,47.0,188.0
241,5,6,3,71.08,213.24
226,22,2,3,112.82,338.46
38,2,1,5,64.05,320.25
210,15,1,4,45.96,183.84
107,17,9,5,86.84,434.2
210,13,6,6,76.93,461.58
9,10,9,5,78.33,391.65
172,5,5,5,64.8,324.0
245,5,8,5,49.6,248.0
234,9,2,6,69.95,419.7
37,25,6,2,88.53,177.06
39,2,8,2,28.38,56.76
90,14,2,2,41.94,83.88
246,2,2,6,33.3,199.8
15,12,8,5,40.38,201.9
106,9,1,3,51.98,155.94
86,8,2,3,87.21,261.63
170,14,3,3,37.35,112.05
150,8,2,2,76.06,152.12
155,25,4,5,113.56,567.8
102,23,5,5,112.86,564.3
120,22,8,4,63.14,252.56
206,14,10,5,82.56,412.8
150,20,2,5,101.68,508.4
62,3,6,1,115.07,115.07
82,3,3,4,32.2,128.8
231,21,4,2,79.03,158.06
141,2,8,2,80.08,160.16
239,3,1,4,35.83,143.32
195,22,9,4,113.19,452.76
214,13,9,2,120.9,241.8
236,6,7,1,113.06,113.06
95,17,6,6,29.2,175.2
165,8,9,4,83.94,335.76
57,24,1,3,80.42,241.26
130,21,7,6,121.9,731.4
111,18,1,6,117.46,704.76
31,23,6,3,77.94,233.82
137,7,2,2,90.4,180.8
203,20,2,6,49.76,298.56
83,4,5,3,63.44,190.32
47,15,4,4,123.53,494.12
195,6,3,6,66.32,397.92
236,13,1,2,80.85,161.7
171,17,6,2,33.76,67.52
176,2,3,5,80.73,403.65
194,18,9,2,47.83,95.66
12,5,2,2,123.92,247.84
215,5,3,4,121.69,486.76
142,1,8,2,40.61,81.22
181,13,10,1,88.43,88.43
237,10,9,1,104.69,104.69
117,3,2,1,41.32,41.32
223,23,8,3,69.23,207.69
28,14,1,6,74.68,448.08
180,6,8,5,32.75,163.75
161,11,5,6,89.86,539.16
229,21,8,2,62.71,125.42
83,19,9,3,45.22,135.66
174,8,8,2,107.67,215.34
106,20,1,2,104.48,208.96
52,16,1,4,52.24,208.96
235,16,8,6,40.09,240.54
20,25,8,1,100.85,100.85
134,5,1,3,87.56,262.68
51,6,10,6,103.58,621.48
101,11,1,1,39.16,39.16
248,5,10,4,94.76,379.04
141,13,9,1,107.8,107.8
249,19,5,6,71.12,426.72
89,8,7,4,123.94,495.76
214,16,4,2,77.8,155.6
62,13,10,3,83.31,249.93
93,6,6,5,120.17,600.85
75,20,7,2,66.72,133.44
79,6,9,2,50.16,100.32
40,18,10,2,42.58,85.16
88,10,7,5,81.92,409.6
92,3,8,1,51.65,51.65
232,23,4,1,25.62,25.62
244,23,1,6,25.28,151.68
2,15,9,4,57.28,229.12
84,3,7,1,104.96,104.96
19,1,10,3,107.59,322.77
215,19,6,3,49.18,147.54
105,19,9,1,97.17,97.17
54,14,10,6,120.91,725.46
135,1,9,1,27.47,27.47
162,22,10,3,74.27,222.81
64,6,6,1,110.71,110.71
44,25,3,3,55.57,166.71
200,9,6,2,95.13,190.26
240,18,3,6,96.87,581.22
221,12,6,6,102.8,616.8
50,4,10,6,75.33,451.98
54,3,5,1,62.07,62.07
155,22,3,4,88.26,353.04
16,25,10,6,76.65,459.9
35,2,2,1,124.59,124.59
61,18,7,5,85.5,427.5
226,8,3,3,35.76,107.28
108,6,10,1,61.66,61.66
94,21,3,1,38.0,38.0
20,9,1,3,112.14,336.42
42,16,10,1,87.33,87.33
186,5,10,1,122.99,122.99
179,8,8,3,116.85,350.55
100,24,6,3,45.66,136.98
31,19,10,2,104.85,209.7
7,16,9,2,121.72,243.44
36,13,7,3,72.21,216.63
141,4,9,5,34.18,170.9
75,25,5,3,101.33,303.99
150,15,4,6,82.1,492.6
226,15,7,1,49.96,49.96
142,5,1,5,102.03,510.15
121,14,8,4,89.84,359.36
191,9,3,4,123.57,494.28
144,11,9,4,50.12,200.48
108,6,7,4,51.47,205.88
121,23,2,3,101.57,304.71
11,6,7,4,54.17,216.68
29,11,1,1,87.9,87.9
123,18,3,6,49.33,295.98
2,23,7,1,35.97,35.97
125,16,10,1,98.85,98.85
77,15,10,1,34.77,34.77
52,9,9,3,37.98,113.94
159,6,3,6,57.54,345.24
46,5,10,2,108.19,216.38
209,8,4,5,44.93,224.65
130,22,8,6,42.09,252.54
109,13,5,1,118.84,118.84
203,22,4,4,68.36,273.44
178,19,4,2,112.98,225.96
185,15,6,6,26.76,160.56
59,8,8,3,76.48,229.44
120,2,5,5,73.81,369.05
59,5,9,3,96.19,288.57
76,1,3,2,68.84,137.68
154,7,10,2,26.27,52.54
70,1,9,3,46.21,138.63
49,8,6,3,93.43,280.29
86,15,5,2,121.49,242.98
190,21,8,4,116.63,466.52
117,9,7,6,118.65,711.9
125,2,10,3,52.65,157.95
63,16,1,4,78.5,314.0
177,22,2,2,105.37,210.74
218,8,1,5,35.12,175.6
183,4,4,5,100.82,504.1
123,6,4,6,61.28,367.68
241,17,10,2,36.15,72.3
20,10,3,6,103.43,620.58
56,25,5,1,30.65,30.65
236,9,1,1,27.21,27.21
101,20,5,4,104.33,417.32
11,6,2,4,84.07,336.28
154,8,1,3,90.12,270.36
65,6,4,3,98.92,296.76
53,11,7,1,120.92,120.92
139,14,2,3,67.59,202.77
121,7,3,2,87.71,175.42
24,14,7,1,62.74,62.74
91,18,6,4,99.25,397.0
227,2,7,5,70.77,353.85
177,22,10,2,90.67,181.34
122,9,5,4,80.58,322.32
106,21,6,1,42.07,42.07
243,8,5,1,110.65,110.65
138,2,9,5,65.55,327.75
185,3,10,1,123.13,123.13
16,18,4,5,70.28,351.4
76,21,8,2,71.99,143.98
197,8,5,3,100.76,302.28
93,14,2,5,25.78,128.9
73,8,6,4,116.25,465.0
243,23,5,6,56.21,337.26
73,15,1,6,35.65,213.9
171,9,9,5,75.48,377.4
172,13,1,6,110.25,661.5
205,8,6,6,95.69,574.14
188,13,8,4,75.09,300.36
103,16,3,2,107.7,215.4
164,13,1,3,113.16,339.48
242,17,7,2,31.65,63.3
228,24,4,5,29.47,147.35
16,8,9,3,93.71,281.13
192,8,6,1,66.41,66.41
187,15,8,6,106.04,636.24
164,4,10,2,116.21,232.42
128,9,6,6,58.78,352.68
38,4,9,3,50.07,150.21
164,3,7,5,93.29,466.45
36,4,8,6,55.5,333.0
204,7,2,3,53.93,161.79
6,14,8,5,93.04,465.2
190,18,5,4,80.36,321.44
93,12,5,1,123.64,123.64
132,24,5,6,91.55,549.3
30,7,1,5,84.53,422.65
68,8,2,6,81.28,487.68
95,19,8,5,116.47,582.35
84,1,10,1,97.22,97.22
99,5,1,6,51.37,308.22
124,24,5,2,112.18,224.36
63,12,1,3,74.66,223.98
105,11,5,6,35.98,215.88
174,20,2,4,111.79,447.16
11,4,5,3,44.11,132.33
203,10,9,6,81.53,489.18
212,9,8,6,112.48,674.88
130,2,2,1,50.78,50.78
224,13,1,2,31.42,62.84
207,16,2,3,103.28,309.84
146,21,9,5,90.58,452.9
234,12,9,5,68.13,340.65
17,13,6,3,48.55,145.65
84,12,8,6,72.45,434.7
182,19,4,5,113.84,569.2
89,13,4,3,52.51,157.53
83,6,7,5,66.52,332.6
5,22,4,5,104.02,520.1
61,23,3,6,32.98,197.88
108,9,2,2,113.33,226.66
91,23,5,1,68.69,68.69
134,1,9,6,71.89,431.34
233,6,3,4,30.23,120.92
114,2,8,1,34.08,34.08
106,13,8,2,92.74,185.48
31,24,5,4,48.08,192.32
230,8,4,3,39.03,117.09
79,7,8,2,115.46,230.92
79,17,9,2,27.16,54.32
42,23,6,3,62.2,186.6
47,1,1,3,69.82,209.46
183,9,6,1,35.94,35.94
60,15,10,6,101.88,611.28
171,8,2,1,46.39,46.39
167,20,1,3,75.46,226.38
101,1,2,1,48.7,48.7
13,24,9,2,72.31,144.62
118,8,4,6,49.11,294.66
31,17,7,6,91.57,549.42
76,18,4,1,123.76,123.76
82,14,7,3,36.43,109.29
50,16,9,2,105.63,211.26
54,17,1,2,95.36,190.72
224,15,2,6,27.21,163.26
53,19,10,3,31.17,93.51
228,4,8,1,73.27,73.27
191,13,6,1,44.17,44.17
162,25,9,1,83.52,83.52
191,17,3,3,61.84,185.52
77,13,8,3,54.93,164.79
151,10,7,5,78.25,391.25
200,5,8,4,109.52,438.08
181,16,2,3,72.36,217.08
65,5,9,1,27.72,27.72
190,3,6,5,38.41,192.05
31,7,9,3,97.06,291.18
230,6,1,1,40.87,40.87
21,17,6,1,53.55,53.55
44,8,10,4,76.28,305.12
191,8,5,2,30.15,60.3
111,22,1,1,114.95,114.95
104,2,10,1,31.77,31.77
143,7,3,2,31.71,63.42
136,5,4,3,105.49,316.47
143,5,4,1,66.91,66.91
17,9,8,1,79.13,79.13
189,10,2,6,94.74,568.44
128,17,7,5,101.81,509.05
174,18,9,4,122.26,489.04
225,25,8,2,116.4,232.8
95,9,1,6,59.94,359.64
101,11,9,3,42.05,126.15
96,22,1,4,101.13,404.52
100,5,10,6,65.69,394.14
72,7,9,5,124.83,624.15
113,11,5,1,67.05,67.05
6,19,4,2,99.17,198.34
242,4,8,2,120.92,241.84
115,13,9,5,104.9,524.5
191,12,1,1,34.34,34.34
98,12,4,2,51.54,103.08
229,21,4,5,56.64,283.2
108,14,1,5,38.26,191.3
163,6,10,2,113.43,226.86
79,2,4,6,91.54,549.24
37,19,10,6,40.68,244.08
72,13,7,4,119.19,476.76
166,25,5,1,48.02,48.02
53,18,9,5,102.93,514.65
87,2,7,6,33.17,199.02
236,21,8,1,108.17,108.17
207,9,2,6,101.57,609.42
112,13,3,5,44.44,222.2
175,4,8,3,72.07,216.21
145,4,2,3,64.59,193.77
179,11,3,2,36.71,73.42
141,11,9,6,87.39,524.34
25,24,8,5,57.71,288.55
48,22,9,4,95.53,382.12
52,17,6,2,119.96,239.92
210,25,10,2,34.74,69.48
39,7,5,2,39.78,79.56
127,24,7,3,104.62,313.86
52,11,7,1,108.74,108.74
236,9,10,5,63.26,316.3
156,19,2,2,60.0,120.0
140,10,3,6,122.52,735.12
193,4,7,4,40.98,163.92
193,13,9,5,91.53,457.65
47,2,6,2,57.32,114.64
106,6,10,2,106.1,212.2
245,11,3,1,38.78,38.78
85,6,2,4,63.38,253.52
13,8,1,3,57.98,173.94
3,22,10,3,55.75,167.25
170,1,5,1,120.57,120.57
232,21,4,1,123.38,123.38
38,5,3,4,51.39,205.56
32,7,1,6,62.83,376.98
170,4,8,3,36.27,108.81
83,12,2,5,30.98,154.9
109,1,5,3,45.68,137.04
214,16,5,3,120.05,360.15
114,5,3,6,30.45,182.7
52,21,2,2,122.33,244.66
67,7,3,2,29.33,58.66
192,22,3,5,63.03,315.15
73,23,2,4,117.31,469.24
159,13,6,1,42.31,42.31
50,17,9,6,86.42,518.52
175,14,8,2,36.25,72.5
126,20,5,1,31.18,31.18
159,2,5,2,36.59,73.18
184,20,8,5,112.25,561.25
5,24,5,6,71.94,431.64
177,4,4,1,60.3,60.3
35,25,2,4,92.54,370.16
151,16,10,3,118.72,356.16
78,5,1,2,78.53,157.06
44,17,3,6,25.3,151.8
132,2,7,3,50.82,152.46
239,17,3,3,77.86,233.58
91,23,4,6,81.44,488.64
94,12,7,4,56.89,227.56
30,13,7,6,111.36,668.16
173,17,1,6,59.48,356.88
58,17,5,3,36.15,108.45
75,1,9,2,27.77,55.54
25,17,4,1,95.36,95.36
183,17,4,6,110.96,665.76
92,1,8,1,93.09,93.09
111,16,1,6,72.88,437.28
71,13,1,6,97.79,586.74
143,20,4,6,29.39,176.34
51,15,9,4,57.9,231.6
14,11,7,3,56.56,169.68
219,16,8,4,119.62,478.48
244,19,3,3,96.09,288.27
63,15,2,4,29.82,119.28
207,23,10,2,52.09,104.18
118,23,6,1,106.33,106.33
208,7,5,3,119.37,358.11
115,10,10,2,82.32,164.64
174,21,10,1,71.07,71.07
78,7,9,6,74.48,446.88
215,25,2,4,59.19,236.76
32,10,1,1,66.52,66.52
142,20,6,2,45.41,90.82
148,23,4,3,70.82,212.46
113,9,1,4,118.19,472.76
163,18,4,6,96.42,578.52
35,20,10,6,27.53,165.18
160,20,5,6,67.12,402.72
219,2,4,4,118.56,474.24
160,13,6,2,81.51,163.02
216,13,10,1,86.49,86.49
60,3,3,1,58.6,58.6
21,7,10,3,122.0,366.0
227,17,4,2,44.59,89.18
139,17,1,2,98.84,197.68
36,19,7,3,118.71,356.13
167,18,6,2,108.54,217.08
85,21,6,2,49.67,99.34
96,6,10,6,120.3,721.8
46,17,8,4,111.15,444.6
219,20,2,6,37.45,224.7
84,10,6,5,98.34,491.7
63,6,3,5,56.99,284.95
138,22,6,1,55.03,55.03
34,24,7,5,122.14,610.7
176,20,2,6,103.54,621.24
137,20,9,2,73.69,147.38
164,11,9,6,60.49,362.94
119,15,6,5,83.68,418.4
75,6,2,4,43.12,172.48
126,9,10,1,60.4,60.4
170,10,4,4,117.02,468.08
227,20,8,5,44.49,222.45
65,16,8,4,80.4,321.6
105,23,4,3,97.32,291.96
67,14,9,4,79.67,318.68
4,16,9,2,35.68,71.36
206,12,6,3,91.54,274.62
68,3,4,4,25.43,101.72
164,5,7,4,29.65,118.6
116,18,2,2,99.81,199.62
23,19,1,1,74.27,74.27
175,19,6,6,89.31,535.86
224,11,8,4,76.96,307.84
69,18,1,5,47.98,239.9
218,23,5,5,78.3,391.5
230,23,6,3,71.9,215.7
152,11,1,5,62.68,313.4
69,1,4,5,42.48,212.4
36,15,9,5,40.6,203.0
39,14,7,4,84.43,337.72
199,4,7,1,61.02,61.02
111,22,5,5,78.88,394.4
244,12,7,2,50.04,100.08
106,21,8,4,121.83,487.32
70,18,10,3,42.22,126.66
58,10,3,6,45.92,275.52
202,17,1,2,59.4,118.8
200,24,3,6,99.24,595.44
190,17,8,4,99.56,398.24
184,16,3,1,78.43,78.43
208,5,8,4,70.78,283.12
215,4,2,1,116.64,116.64
167,9,5,4,101.25,405.0
236,18,6,3,113.61,340.83
78,19,10,3,39.13,117.39
173,7,10,3,70.31,210.93
168,23,10,3,29.61,88.83
132,12,6,6,82.35,494.1
35,14,2,3,28.53,85.59
98,19,5,5,115.38,576.9
148,23,3,6,40.94,245.64
236,10,6,3,29.46,88.38
114,7,2,4,110.51,442.04
15,8,5,5,118.83,594.15
162,15,1,3,49.17,147.51
156,23,7,2,37.64,75.28
44,20,1,1,114.77,114.77
46,8,10,3,49.76,149.28
208,1,9,5,115.47,577.35
100,10,5,6,118.96,713.76
67,13,5,2,29.77,59.54
221,11,5,1,57.21,57.21
134,20,8,6,58.01,348.06
52,10,5,5,41.4,207.0
224,24,5,6,59.66,357.96
81,15,9,4,86.0,344.0
187,1,6,4,71.36,285.44
132,3,7,1,80.89,80.89
202,7,8,1,62.33,62.33
132,10,2,1,111.52,111.52
148,22,9,5,67.19,335.95
238,12,9,1,40.89,40.89
131,2,10,5,39.57,197.85
2,14,3,2,103.52,207.04
140,25,5,2,29.91,59.82
119,18,1,1,90.16,90.16
195,11,4,1,109.64,109.64
28,10,4,3,99.25,297.75
15,22,2,3,107.89,323.67
207,22,3,6,102.75,616.5
184,12,9,2,34.16,68.32
235,17,1,1,77.84,77.84
158,24,9,5,110.35,551.75
112,11,4,4,71.05,284.2
209,20,9,2,103.92,207.84
186,24,4,5,73.74,368.7
235,25,9,1,25.98,25.98
81,1,8,2,67.37,134.74
44,12,5,2,123.65,247.3
52,4,10,2,26.48,52.96
51,18,7,6,75.12,450.72
198,19,9,4,105.56,422.24
229,10,7,3,56.61,169.83
15,16,6,4,78.55,314.2
42,12,8,4,109.84,439.36
102,6,3,1,117.91,117.91
207,15,4,4,104.98,419.92
111,21,3,6,38.19,229.14
181,25,3,6,67.6,405.6
95,19,4,2,93.28,186.56
154,5,1,6,72.6,435.6
11,16,4,4,118.29,473.16
33,7,4,6,58.44,350.64
165,18,7,5,39.71,198.55
125,18,2,6,78.89,473.34
55,21,8,3,34.49,103.47
128,19,2,6,73.35,440.1
203,12,8,5,45.16,225.8
214,7,1,2,79.52,159.04
230,8,1,3,41.87,125.61
217,4,5,4,94.75,379.0
101,8,3,5,86.78,433.9
241,8,3,6,32.98,197.88
173,17,2,6,77.36,464.16
43,9,4,2,78.87,157.74
125,5,8,4,111.9,447.6
125,4,10,4,116.35,465.4
113,9,7,6,81.45,488.7
231,6,7,4,111.76,447.04
249,10,3,4,32.61,130.44
183,4,3,2,67.76,135.52
201,10,7,4,53.64,214.56
229,20,3,5,38.46,192.3
224,16,10,5,30.25,151.25
116,23,6,4,110.13,440.52
92,12,9,2,60.36,120.72
203,25,4,1,39.59,39.59
226,11,9,6,100.59,603.54
124,4,9,4,93.32,373.28
163,25,9,5,32.74,163.7
223,2,5,1,49.83,49.83
117,7,3,5,81.85,409.25
161,14,5,2,71.48,142.96
184,9,8,6,93.19,559.14
163,3,1,5,103.05,515.25
139,2,6,3,83.26,249.78
71,3,10,4,52.8,211.2
148,23,10,1,27.74,27.74
226,2,3,2,62.57,125.14
29,24,4,4,43.9,175.6
211,21,6,2,102.36,204.72
95,19,3,6,91.3,547.8
155,20,9,6,75.97,455.82
118,14,10,4,55.8,223.2
142,21,10,4,61.02,244.08
21,19,1,3,36.26,108.78
110,18,9,5,96.11,480.55
11,2,3,6,107.36,644.16
229,9,10,6,72.47,434.82
182,7,10,6,108.32,649.92
220,6,5,4,67.34,269.36
225,12,6,2,122.81,245.62
203,20,5,1,66.34,66.34
18,3,9,2,120.47,240.94
110,15,8,4,122.0,488.0
130,24,9,3,98.0,294.0
128,20,2,3,106.62,319.86
50,8,7,2,68.39,136.78
137,21,3,5,85.42,427.1
235,13,3,2,109.58,219.16
187,5,2,3,85.1,255.3
118,17,8,1,52.26,52.26
110,14,5,2,29.48,58.96
236,18,5,3,105.74,317.22
68,17,8,1,61.98,61.98
63,13,6,1,122.21,122.21
77,14,1,2,53.06,106.12
74,16,9,1,30.77,30.77
141,9,9,3,98.54,295.62
52,23,10,2,65.13,130.26
25,6,4,6,76.51,459.06
132,11,10,6,52.51,315.06
169,24,8,2,66.12,132.24
93,11,6,6,35.95,215.7
97,8,4,5,89.42,447.1
60,10,5,3,46.63,139.89
106,14,8,1,114.48,114.48
43,22,10,3,107.82,323.46
7,7,9,4,65.6,262.4
227,21,1,3,113.04,339.12
177,11,7,5,119.59,597.95
170,14,4,4,102.82,411.28
29,21,5,2,115.54,231.08
153,15,8,1,49.54,49.54
248,4,4,1,107.46,107.46
125,2,5,2,55.29,110.58
40,16,7,6,88.35,530.1
46,12,4,6,100.93,605.58
222,20,9,6,89.46,536.76
91,5,8,4,53.58,214.32
173,19,10,1,72.48,72.48
92,3,10,3,93.35,280.05
23,7,6,5,55.35,276.75
129,17,3,6,36.76,220.56
151,12,3,4,123.85,495.4
171,8,10,6,26.11,156.66
19,19,8,2,34.46,68.92
11,17,4,5,98.95,494.75
46,9,8,2,67.49,134.98
50,22,9,5,92.97,464.85
230,18,2,3,101.26,303.78
87,20,4,3,109.49,328.47
154,7,8,2,64.79,129.58
80,18,10,4,122.61,490.44
40,11,2,4,69.91,279.64
80,5,7,1,62.28,62.28
250,10,1,5,89.0,445.0
224,17,2,1,25.5,25.5
31,18,6,1,120.14,120.14
37,2,8,3,51.39,154.17
192,8,1,5,111.87,559.35
71,12,5,3,85.35,256.05
215,24,6,4,26.65,106.6
128,23,7,3,116.25,348.75
118,5,4,3,45.85,137.55
160,16,6,4,27.72,110.88
85,22,8,5,121.6,608.0
72,9,7,1,113.82,113.82
72,6,7,3,98.17,294.51
250,6,5,5,109.06,545.3
194,4,7,5,84.76,423.8
91,16,8,3,34.05,102.15
45,7,10,4,116.35,465.4
108,2,3,3,60.93,182.79
51,24,4,2,71.44,142.88
143,2,10,3,46.96,140.88
139,6,3,2,72.72,145.44
89,5,1,1,92.83,92.83
96,16,10,2,74.41,148.82
197,25,3,5,33.85,169.25
75,2,8,2,78.57,157.14
121,12,6,6,99.46,596.76
219,18,5,4,59.2,236.8
111,14,2,3,66.65,199.95
91,23,7,3,57.79,173.37
147,14,3,2,107.73,215.46
194,10,9,6,75.24,451.44
10,10,7,5,89.48,447.4
82,17,10,4,81.37,325.48
156,2,10,1,116.47,116.47
43,20,1,4,70.6,282.4
133,24,4,3,51.39,154.17
86,21,3,3,95.92,287.76
44,25,2,3,85.86,257.58
34,14,3,4,72.43,289.72
58,4,10,2,26.47,52.94
143,23,8,5,65.32,326.6
42,2,8,1,93.72,93.72
133,21,9,4,122.73,490.92
33,5,4,2,74.78,149.56
201,23,4,5,89.8,449.0
119,16,1,2,56.29,112.58
70,4,5,2,56.71,113.42
208,18,3,4,29.87,119.48
142,6,7,5,114.87,574.35
148,25,7,6,67.26,403.56
41,10,7,5,69.45,347.25
21,23,10,3,123.39,370.17
198,7,8,1,98.21,98.21
132,16,10,5,109.29,546.45
219,15,6,4,90.86,363.44
155,25,8,5,94.58,472.9
32,23,10,3,46.69,140.07
104,23,10,5,113.31,566.55
36,10,4,3,118.89,356.67
9,12,5,6,98.29,589.74
213,21,7,4,124.36,497.44
92,16,1,3,56.55,169.65
245,1,5,4,74.42,297.68
142,20,10,4,97.44,389.76
78,23,1,2,32.02,64.04
47,18,8,2,50.67,101.34
143,25,9,4,51.78,207.12
145,10,4,3,94.63,283.89
25,21,7,2,86.62,173.24
184,7,3,1,56.49,56.49
145,9,5,4,109.89,439.56
82,18,3,4,69.08,276.32
149,1,5,5,94.4,472.0
24,19,1,6,42.42,254.52
200,22,3,1,64.46,64.46
230,12,10,5,59.11,295.55
37,20,5,1,63.16,63.16
156,24,7,2,37.65,75.3
28,23,6,2,31.18,62.36
91,16,10,1,26.01,26.01
36,19,10,5,41.1,205.5
119,11,1,4,85.52,342.08
67,17,7,1,28.85,28.85
79,7,10,4,76.5,306.0
122,12,9,5,42.08,210.4
141,15,1,5,97.83,489.15
186,10,4,1,98.81,98.81
214,7,3,4,45.73,182.92
229,20,8,5,75.17,375.85
18,25,6,1,80.17,80.17
32,12,1,5,121.89,609.45
153,4,1,4,69.75,279.0
105,24,7,1,55.76,55.76
104,19,5,2,41.4,82.8
191,19,7,1,69.79,69.79
78,21,9,1,112.88,112.88
96,4,4,3,85.15,255.45
50,3,5,4,54.03,216.12
112,14,1,2,84.96,169.92
136,25,1,3,107.35,322.05
72,24,1,2,94.66,189.32
63,9,8,4,55.9,223.6
78,11,2,4,79.21,316.84
87,5,8,2,32.35,64.7
161,11,4,6,35.87,215.22
108,25,7,6,118.43,710.58
53,5,2,6,94.92,569.52
43,8,9,1,39.22,39.22
68,24,9,2,73.06,146.12
226,10,1,5,108.17,540.85
58,12,2,4,79.14,316.56
45,11,10,4,59.83,239.32
214,1,9,3,99.74,299.22
211,18,8,1,63.33,63.33
101,15,3,5,46.72,233.6
250,14,8,3,99.49,298.47
245,5,3,4,27.8,111.2
178,17,1,5,86.55,432.75
123,11,1,4,30.14,120.56
180,22,1,4,64.89,259.56
61,16,8,5,53.56,267.8
16,10,10,2,44.2,88.4
65,23,5,4,64.2,256.8
237,11,4,2,56.19,112.38
163,18,5,6,54.84,329.04
