number_passport,due_date
70d52bae-58c4-404c-89d2-cf3d11ae9855,2024-06-10
1fe76d13-122b-49fb-af6f-e851f96faf6b,2029-08-30
1e155a88-9010-4554-a9ef-4f463f81d7f2,2026-10-01
08e129f2-b63c-4197-b94d-f621b19102ee,2025-04-22
35559707-d30b-4d9a-beec-c521e191517f,2024-05-14
f9845022-2997-4a06-8bff-68f48d03224f,2026-05-07
b8203e5e-07dd-4f9a-a66a-2b8c1d105c30,2023-12-17
75b6cd3b-e752-42fc-9f46-0d1639e0bf8f,2026-01-20
e0dd69f9-df0c-4cd1-a2a5-f73764b12b26,2023-10-22
a8ba6b62-e505-4351-a195-34c9516fd5ac,2023-05-15
c25c5744-6153-42c4-a201-9ef692b0194b,2026-03-15
b9532e85-5695-423e-84ca-be608c0b4148,2026-05-18
62d2e461-5e93-45ab-bf82-d457e3d1834b,2024-10-29
70424b3e-6536-49b9-8de5-d3f759448b8c,2028-10-19
38968c84-2fc4-4e5f-a84d-28ab143dabfd,2025-08-06
fc615593-1f0e-424f-ad2d-539e87ec3150,2022-06-18
e57888c4-9cba-4a1a-9f0f-f744f43579a2,2022-05-23
d0890658-7ac3-4b11-ab36-4131740ac44a,2028-06-21
b845e64f-6fee-4409-8dd9-5d7d2ad1091a,2028-11-02
eb1f8801-79e6-494c-a6f9-04be44d079f7,2028-02-17
c0e04b32-b3ad-41fe-9a83-84d3798ef517,2028-07-27
17598522-5267-4f3a-9241-f8c051eb3858,2024-03-18
3beb378a-5c9c-46ee-abcb-288d40a7a40a,2022-07-23
daf86140-966c-4abb-88b2-9103d81f7de8,2025-11-30
6b013f88-7129-437e-a7b6-cbb834b282b6,2025-08-05
c7dac6fe-a60c-4779-895f-486014c20a15,2023-12-20
8b803088-fc6f-496c-a07a-fe87e24875d6,2023-04-17
b9777858-d603-4ed9-b3c5-70710eee322f,2029-11-07
fc3c360c-155f-4367-a054-c447d03c1172,2028-09-18
9dacd2ec-a016-4ffa-927b-efd2e3e8f0d3,2025-10-26
274ead10-b989-43de-a787-d1a287a5124b,2026-03-22
8c8f4fc2-4618-4c42-81cd-57c3b87df3a5,2025-07-26
9dc608b0-73e3-4bbb-826e-615398b72441,2024-09-07
34cf4139-f75a-4eb8-8c0d-cb2d9d079930,2026-06-12
95509ef9-21fa-4ce1-9bcb-1db549018535,2029-08-29
52525eda-2e1c-4a93-b163-bac3b2dc847e,2022-12-01
b9826b81-7566-4304-9e02-55edf21d8e3f,2024-12-28
9007cc8b-8524-4804-acc7-d4a28b3ded87,2029-06-15
fceb26cb-06b8-4377-9e29-943d6f1111e6,2024-04-16
22d22561-ab95-4404-9cfb-2fd531f880c7,2025-04-27
6d74e553-85b4-496d-9faf-d861a987003f,2029-05-18
28330bf7-c90a-4b1b-9400-8346f5721d06,2023-10-22
3558d200-2956-4cbf-b88c-7f98d292d6d7,2028-08-28
f7767793-39db-460e-b074-62bc7e1bf10d,2023-09-19
a191cd42-7e38-4d5b-ab38-af9e6697c068,2028-12-01
d00d5287-2904-4103-a77e-296ca47b8785,2026-10-21
2469a803-e010-42a1-b5a7-3f7a74e182ae,2027-12-28
e5584047-f4b0-48d0-8860-f41d44e6fdd9,2029-03-15
40d60e57-9b08-4ba3-a981-46796c12f839,2029-09-17
6357c28e-0bc4-4ea5-920b-5a0dac1c520a,2025-11-08
bf9a0803-b929-4c1f-90bd-4998bac1ba80,2025-01-09
9d323ade-ba25-4867-953c-9ea33f491f48,2028-01-05
c38440e8-e558-4612-aad5-96b5758a4711,2028-11-05
cdfb7a25-43ef-4bfd-93bb-4788040d0b98,2022-11-29
87d0a371-d960-4efc-8a27-df70c0e89e80,2024-08-27
01bdaacf-339a-46ad-b9da-3e2f29fdad51,2029-10-21
4c41ab00-f773-4b73-83a0-5fad5d89201b,2025-01-14
d4010305-8122-4279-8c33-032a6b5333a8,2027-05-22
28512137-f592-4f37-a604-c2c88650ddca,2022-07-07
6ee8870a-6b87-4823-8ad4-b2aff23dca8d,2029-05-23
aea66765-19bf-4920-b949-2924c20eaffa,2028-07-20
d604cf1d-1c64-4a42-9c53-343b61759a0b,2023-09-15
bf59d040-da67-4825-8c80-5109c6a369d2,2026-02-17
f5c1c89c-2c55-493c-af3f-f98b402298ac,2024-05-27
f1a054ba-b112-470a-8b78-6945b61a3a84,2027-12-20
296f4093-9235-4d89-8d52-f533772ccfb4,2025-05-30
ac1e568d-a638-49eb-80da-d5d3c5674da7,2026-07-10
8108ca40-02be-4779-b366-4c45e6d2c6e1,2026-10-30
c3b1a99a-5836-48a3-9dae-af4712afee4e,2027-04-14
7fec90db-816d-4ce5-bbf1-ddc0d4ca7456,2023-11-01
20771bdd-4360-4143-ba7c-d3d90b3b07eb,2024-08-03
9003357a-11b7-4781-bcdb-b6e829dab333,2026-10-12
0f2ae245-7b7c-4d80-9e0a-9dd5c32cc3fc,2022-07-30
20f74e57-789e-4ebb-88af-5ae5c1c498f4,2026-04-07
e053452a-ddcc-4a7f-96fe-79faf3e74f01,2023-03-06
deccb48a-f663-4d1d-99a7-3fe65091c91b,2029-06-25
8b4d1f93-855c-4ccd-84a8-e0eef1fb6755,2022-11-04
30e741b8-c677-4219-9e34-b911fa15e75d,2026-04-27
97f8d895-7687-49dc-8eb7-6c05322b7a0b,2027-09-18
66c51890-8a71-46fa-a4a8-9644c3119098,2025-04-04
f4c4f7e4-ee8a-42e7-a2fc-c167fa2fddae,2024-08-08
6fcb1dca-cac3-4dff-ae3d-d73cd00a5dd2,2023-10-26
37b319ba-2b84-4495-84ac-23953e7baebe,2023-07-02
fb386d5f-5f23-4af6-8435-6cd1677d0782,2026-02-22
29515a38-a9a2-4ea5-a36f-1b005776fa9c,2025-11-02
625246bd-3edf-4033-9378-312e98b19823,2028-12-19
f4dcb0fe-892a-48bd-9bd3-323b3e9c8b7d,2024-02-13
cd909a7f-b7d9-4d0e-94a3-6ac03f9c12f1,2023-07-10
30b00ae6-7f59-4b18-af49-4d1fc4937e54,2026-04-11
19fc8b93-3dbe-419e-bced-c6bae0236038,2022-09-11
0d7314e8-1bd1-42a8-a7d1-25b6d88ff10b,2022-07-31
aaba5d98-904a-4728-89fd-337f38f4dd86,2022-07-28
d3a5dda7-c2ff-4517-968c-31102e79e520,2028-07-03
d7f61ca3-335d-486e-b167-1124fd77da4e,2028-03-20
9668b5b7-5817-406f-ad97-d1d1a265c267,2027-01-04
313df528-e42a-49b3-9a4b-1dc9b342e363,2026-02-09
61d0f468-4a27-487e-81af-adb96dc90cb3,2025-05-07
b18b4e5d-4c80-462e-9abb-59f7cc2c772f,2025-03-22
c8ee713a-0973-40b8-9933-99c14a9933e6,2024-03-15
a60107f4-84bd-4dea-b061-4bbf97ec63e1,2027-06-05
b164e409-5d84-49a1-8d46-dd24e4d5aaa1,2023-05-22
b87c3b51-7d50-4921-a807-2f7103f0e0e3,2024-10-05
d8ec2f4b-2e12-4c7f-8c1b-58fb01204f7a,2026-04-28
78dcee4c-48e0-4a7f-82c8-a65041f75be7,2028-12-07
7fece646-82e1-4dc3-b143-6bd51128d106,2029-12-17
c743aeb3-6b35-4ee7-9abc-51a93bb713b8,2026-07-16
112abf56-d853-4556-9bc0-f6f8cd7f218c,2028-01-10
dc3b2a29-ffed-4f25-a96d-8a620db7fe1a,2024-10-14
22c5c805-ea74-4cc3-9ae1-6b89901ee3e3,2029-09-01
2b7356a1-0795-49b4-a9fa-ab1ef7ed8199,2025-06-23
a847777a-0ea4-419f-8bd7-43be403550b3,2027-11-26
ddb4415b-c74c-477f-9182-3c4730870f70,2024-08-16
4b71e17e-c8f8-4f6b-9522-d6799123fd46,2027-12-28
8b3d3008-b1f7-4373-8bfe-90ca1ae210e8,2026-09-20
9c5bf405-3ce6-439c-b776-1e97d32ed597,2023-12-26
6da5f0c8-261a-4798-8bf2-8f0e28d48333,2029-09-17
effb004a-8040-4fb0-bfde-b5f3e2bf2aab,2022-09-17
f077cd5c-867d-47c7-9c85-1a4f6a27cda9,2027-11-02
74e6c91f-edb8-4208-ac7a-7b2938dd615e,2024-01-28
2c2a42c1-8844-45be-ad6e-cff077fd9423,2024-04-15
1e73c166-538a-4901-93e8-7de25e5f426c,2027-06-14
6b62048a-194b-4260-8cf3-49bd0b17e3aa,2028-05-06
d052f036-a84e-41d3-9b30-3fe0501fb9d4,2024-02-12
928386d6-573e-4832-ac82-533d83dfd8ad,2025-11-17
8da01c7a-130c-403c-bc36-0428a516c5d2,2024-11-06
0d6c9811-0de8-43f6-98e5-ada58e29339a,2024-07-15
636a493b-cb1c-458d-b5fd-9f67af555761,2029-07-15
27b81bb7-4389-445f-8866-44b96ffd2555,2025-10-31
5eb42f86-d29b-4633-87d0-f39d2fb01482,2023-05-15
38156bec-92a0-48e0-beea-c8beb8214e8c,2024-09-25
1090de8c-dceb-4132-bb3c-be6a68e0c960,2028-11-19
590acdae-d9d0-47a7-a90b-08fa71fe7122,2027-01-01
38d94ac3-9e03-4d6d-8574-229b76416bb8,2023-02-11
1bf38db6-5821-4908-bbb4-978da251bf2c,2026-01-20
83988fe9-3bfd-4d92-87d0-dc4b7e6d9a91,2024-11-16
0fb8a27b-721b-473a-93c5-b9444d74a913,2029-12-05
fc17c38b-bc7b-4515-a53f-c7974b4a309b,2025-04-14
97012b39-3628-4779-93f0-c41c5fcad5a3,2026-12-12
77282795-a228-4fb5-8a98-8be0c7deb6ab,2025-01-04
3f344052-7063-4cb6-8b6e-9424b24aa39d,2025-08-10
6c3a0e6f-0a58-45eb-aabd-0014a32f121b,2022-09-22
5b65e1ca-3559-4e26-a619-bfff913ffdba,2028-01-26
89121c54-8e4b-474d-888f-5c78ef9b899a,2029-03-21
2e76ee79-a5fa-41f4-aa6f-e3e8021e8503,2024-03-24
63fcf9d5-d546-4168-8eab-4fa690133ef7,2022-10-05
75730e25-1d33-4c57-9699-ec3c1ff619d7,2027-03-06
3ed4f851-90f1-4da6-ab10-45335fa1d08e,2022-07-28
25440954-375e-4c8a-860b-65cbc207ee2c,2029-01-31
c7b85bca-ca40-4d4b-9f61-a5eb709be006,2025-06-19
b1e37d51-9dbc-4ae5-81f4-307360d42e65,2029-03-03
34e05741-9b89-440a-a386-81e4117061a2,2027-11-10
9ab6756d-5640-45d1-beba-8957e7a68e82,2028-06-12
1fb3f830-7f78-47bf-9868-0e3762440573,2022-12-04
9f273bcb-0e0b-4bcb-ac3a-227c681bb41f,2023-09-13
b654794b-031a-4fa1-a50d-776b9101a66e,2026-01-02
7d33e869-aa44-48ea-ad6c-88a654ab1e0b,2027-09-04
c91bc610-c18c-4ad2-a7b0-a039a488349e,2029-06-14
47f6fb1f-e87e-4871-afbb-5661fc8522ec,2029-12-26
76f326d8-c3f5-452a-acbf-2da74088dfc3,2024-07-01
60508e9e-ded2-4415-ac04-e43bf32a57c3,2023-09-17
d2d50960-7e60-407f-a052-6adac13f3955,2024-02-17
434a82f1-8cb3-405a-8889-f280f17a0adb,2028-12-26
7bd8ca3a-a4a8-4a1d-9607-9b767e6351e9,2023-01-23
13469256-3b93-4bea-aa25-31890cfb85e9,2022-06-21
c63da31b-7b71-4010-a214-d905563d0ab2,2028-12-28
1e452eb6-8779-4601-9100-d547c5807459,2029-07-27
be11f292-6337-4be9-885a-4a6ecc44094e,2029-10-20
2122a326-ebe6-4b36-bbff-39d89b2aba8e,2024-08-30
62a25d58-68e8-4d9e-a3c0-d9d943df770c,2028-02-25
98b3af55-903f-4591-b7a2-c9ba87adf467,2025-09-27
f0e022d7-3f0c-44ed-bad0-023a740b31ee,2025-08-17
e25872db-dcb0-44f2-9643-4ee068be09c4,2024-09-18
09b12115-49c0-4e7e-8deb-4adf69831fe6,2027-10-21
bb2d27d1-10bf-4d98-a649-ed8d3519434a,2026-07-12
ee3af042-7c80-4a95-b7ce-0901e773349e,2027-03-13
dfb80343-c9ac-4a9a-8826-1f7142207564,2027-07-30
e2879ca3-de50-481a-b9ac-17741b4fa03d,2025-10-15
34733cc3-04a0-4137-aca3-cfa1649656b9,2025-11-14
12e5e6a7-dcec-49e7-9619-54f646983c81,2024-06-20
f9e1d97b-a4df-429a-8dcc-cc2fa1b72ed3,2024-01-08
035416f8-348d-4d66-a408-bf4129bdec6b,2022-07-18
fa41fc7b-af4d-4094-9d63-17fb94cba6a2,2027-11-30
da273657-5a08-47ad-a836-a0ed636de201,2026-03-28
6dd0de46-7d46-4dc8-955d-3f7e29ee094b,2022-12-07
e484d143-9881-46ba-a56c-bc171cb5db1b,2024-09-10
95d7ed6d-3d42-42fb-b4ad-e20498e4853a,2023-10-10
62e27c74-81b2-4ff0-90c1-d87e0f0cd4d2,2024-06-18
ff6db353-0ad8-4b78-80b2-3b8c6234746d,2025-12-28
6cf663f1-a721-419c-93d4-8ce0b8f50246,2027-10-26
71b0dca2-a4d2-48c8-beae-ea730433f769,2026-01-05
2608cfd5-1579-4bac-8abf-be05032c1f9a,2029-01-20
6e73322b-dd4e-4dba-a74d-de4c4f306a57,2025-01-23
fe487ee2-8b44-420a-a6ce-557bdf0a8a18,2029-03-10
7125c102-242e-4604-99c3-275d5e653d89,2022-07-07
0db3e59e-0062-4780-b152-b31a3750b384,2026-01-22
7b03a7e8-4d1a-41a8-8d4b-57f5d617c888,2026-10-16
da328220-77b7-4c91-b999-ee441fac79df,2028-06-19
cacd79f3-f3c0-4fa6-a9ea-38459aa014ea,2029-03-03
1cb95f98-0376-4777-87ff-12953a3d8f9e,2024-04-01
5183a044-c386-4de6-9b8e-08cc36eb8f4e,2028-01-30
9d1dd9d6-74d3-4320-93be-321de5d182df,2024-09-02
5cfe343f-1d82-4766-852e-97d37d3e9013,2027-07-12
16c90fbd-e44f-49eb-bfbb-41256df95a81,2022-05-23
526ef23a-a966-4a81-9079-c14709a8da15,2028-03-22
b21083c0-763d-4a24-b7ae-99edf597e174,2025-09-14
132e5ad1-d6bf-4290-9d7b-09cbc797ab67,2025-03-22
a7c4fbab-1bba-44f0-9e15-f2e20b7c3207,2025-08-22
271d8bf0-1096-4db1-8623-15ca123f7607,2024-06-17
cfc52449-fd58-43f1-9e20-11e3b1b1ce56,2029-11-10
52280a32-3d3e-405f-b318-ce60f68aec19,2024-06-20
d764e332-e7bb-464e-8da5-bc1bc13810e3,2027-08-12
9f42f5d7-f094-4965-af2b-b281ef32b0b8,2029-05-11
14f27510-c33f-46b0-9d45-9ef8219d3daf,2028-10-27
dad78c77-8bb3-4c02-b596-6e0c0c1a233d,2026-06-20
a5e317e0-4181-4e36-be32-06e275fd7f1e,2029-02-17
147b2ae7-407d-45b9-b019-beb25ca65223,2023-02-16
d55feeb4-64a1-45bb-aee6-cf4698834e66,2023-08-08
52c2b5f7-4815-4671-aa1e-801226920e59,2027-08-03
8ed484d5-593c-4958-a981-e3e4550b8b38,2029-12-19
9a515724-fef6-4762-a59f-f3830a70c3bc,2027-10-17
901535ed-5940-4d2e-9562-f7f4eb7f4355,2028-07-16
8a7620ec-26a3-4973-8ff0-4c1c7996435f,2028-06-28
6ca85ac7-54fa-494b-88aa-49e76bc6455c,2025-05-15
686fa11e-ca0d-4d7a-8f1d-59da8516f5ba,2027-05-17
82683c7a-60f6-4a9e-94cf-b0718573f42d,2022-05-18
5115e011-4126-4074-ac22-11cd10d4fe50,2029-01-18
40da5703-a265-4d75-94ce-83993b09ead0,2023-09-08
2491842f-501e-4c2c-b3b6-3a5690fd0a36,2024-09-08
7df254f7-65df-45c3-b321-cef555748f23,2024-11-19
f397765d-b34d-446c-a58b-2c84ecd7f515,2028-04-09
e29d3a1d-57ea-4465-acf4-e74a56781187,2024-10-06
3524300c-23bc-4561-843b-5f85cc9686cc,2023-10-11
9cad4d3e-1cf7-411c-b360-f7fc965e863b,2028-01-12
b512445d-e4fe-4baf-84a7-c6a04e41a191,2023-02-09
969ebd0a-50fb-4f73-946f-3bdd5e139be8,2026-05-29
2a763eb9-64ea-483b-801a-d16d0cc345b0,2024-02-03
77ac37a0-f009-45c3-a482-ab30e411b9e2,2027-05-16
c92d742f-ac35-49de-a591-d33c113ef628,2026-12-02
438c25a9-53b0-4aac-86a8-84dae1d0a011,2024-02-17
f11e659c-cede-4a0e-a23f-ac60fd950354,2029-03-25
373a262e-5e3f-4b18-93e7-191ab6cff4d1,2026-03-15
2ea2335e-be4f-4222-b0b1-c996230dba3e,2025-09-27
bbe78860-7df9-40b0-8798-56844e21661f,2024-08-29
ef9fc7b9-7d7a-4e6f-8252-a51daf8b35a3,2024-07-10
b454263e-d34a-4563-bf26-331fc598a2de,2024-05-07
dcb04852-0265-4deb-8edf-8368c218ad8a,2026-09-21
c01ac519-0543-499d-8dc4-1ce79ee1a895,2029-02-18
0d83e29b-d757-49cc-81e7-642e436e0dee,2029-03-10
e4ac7b32-5cc4-4463-8143-eb20950856d5,2027-12-05
976e8649-c649-4dd6-b204-cf6b0ed68099,2026-06-15
5841b68b-3474-438e-b116-2e66c2ee2834,2029-01-18
416c9b93-a79d-4d64-a7bd-fa388a032113,2027-09-23
75444197-5e96-4df6-9e8d-a8dadb8274bb,2026-06-06
f6d843a0-2c34-4e24-8022-f1a60d68d72d,2023-07-16
271c1667-4604-466c-894b-cfd4737b5e36,2026-06-25
a6ce6bf5-9f9a-4a9c-9249-ab9bf9b208ba,2025-12-10
b47ab045-724a-4e8f-962a-c40ff0543572,2027-12-27
d657c6a9-0561-43a2-9953-22f798c2322f,2026-03-26
d6aa4cdd-a102-4c33-8f72-a9708865196f,2027-03-03
f0103d35-0345-4edb-a542-db67ecf2acaa,2025-10-08
e8deb6c4-63e0-46f2-a66b-4ba52c420380,2022-08-20
a915f9cc-4c4a-4214-9571-4dc8a76ba105,2026-04-04
378bd78c-48a6-49e8-82ef-e5fb55a0df9f,2024-09-16
1cd8c180-d728-4328-a4d6-3cad2d6df32f,2028-03-09
3159bd94-3b33-4474-ab44-b5f69af35857,2023-10-19
36668246-08ba-4ffe-a3be-4d61a4d094e5,2022-07-03
5a8f88b2-e4a9-486e-8bb5-6529e69cafb2,2028-04-20
7f214c13-a85d-4db6-8523-95c4b6c94267,2027-05-15
11f50dd2-a22e-49dd-8412-3a90cfa185e1,2025-11-11
4f4bb6a8-c0c4-41f0-8898-735c3d7f5cdf,2025-05-12
bd42df8f-e863-4156-9184-99983663f85b,2024-03-24
86daed2a-dbbb-4cbe-ac78-e1c587e8ed15,2028-09-01
da6b3bd8-cc8a-4385-abf2-386ed4cdd0e6,2023-09-17
b8b6b74d-410f-4ee7-8ef5-c5a0acbb5f12,2026-06-09
9c3c8721-e3a1-420b-8726-581fe91c1614,2029-05-24
f0a5b1ca-9cee-4b15-b74c-61684e590f73,2025-03-14
2c02ed7f-03f0-47dc-b057-e7d3e2ba6aca,2023-02-11
ab00564c-6e77-47f3-ad19-7a5cbf86972b,2029-12-05
e5e1c5c2-4182-4738-a63d-9c2d22ed2df3,2022-09-12
55897f1d-cdb9-432b-b2de-3db35eac17f1,2026-03-17
3aeb672b-452c-4ea4-b065-fe3bfdbe6f43,2026-01-05
47efd0f0-b230-40f5-9306-b342f4e06949,2026-04-07
397108bf-d392-495d-b2cd-bee5b21e3a0d,2029-08-23
8dbe0d25-bf00-4b10-bb19-5866e4ece7a9,2029-10-09
2fb16fb0-009c-4918-affe-4271eb6c9fba,2025-06-06
ff5ae3d8-fa86-40c5-9cbd-30155a1fced3,2023-01-05
c357102b-df3a-4fe1-9e54-88ab62c73cf6,2029-07-27
44e73a3a-7119-4edd-be41-c2e38686317d,2027-05-18
a250f7be-c124-4492-bf0b-a58e78bb1b51,2026-01-13
1b8e3ad2-2c95-4668-892c-f34f25511296,2028-12-02
7ebc0287-0aa8-407d-94cf-d7843c7cd16d,2028-06-12
6ca8c638-1d32-44d4-837f-19ef20aa9b4a,2026-12-27
ad00eabf-477f-4349-9cc2-26120f79e3c2,2025-03-01
e3352fcc-f209-4c78-9d65-be9402677b7d,2026-06-14
f1dca4ce-3b34-4732-9a62-f0b224655e6e,2022-11-28
2b4ea6e4-89ea-4719-bce7-6e3fae122a40,2022-08-25
891fcc5e-67c5-4c45-8264-da687c92027b,2024-07-16
0a948e63-b9dd-43e4-ae4f-43c3afd9a064,2023-05-03
0a87990b-2c25-487f-a708-f0dd39c3f11c,2022-09-03
53d4f330-9df2-4382-8e0e-b2d454deeeb9,2026-06-03
b369cd16-e03c-4ff4-b011-76dc33ccdd0d,2025-08-02
a4319f70-3991-4d87-abdf-4227589dfbae,2028-10-19
e0aaf186-21e1-4af3-949b-2bf025a7289e,2027-07-03
0f5d38ca-e4b1-4b20-9578-90921c376823,2027-07-23
0992f267-ada3-4f20-9b6f-bd8aa4c78904,2026-09-02
ba786131-4c58-4243-ba9a-b31738ecaf0e,2022-11-21
956a8abd-c127-475e-afb4-54677c147cef,2027-12-15
3ba26f0d-be4d-4881-8a7c-69f3ca54fde3,2026-08-11
19907b15-1082-421d-8cc7-2dfd6fffc544,2029-04-20
aa03e798-0f05-48a0-9e38-03e6ce24fb45,2027-12-25
fdbbc6ae-8626-4228-a5ef-88a16d4f9e5f,2023-01-06
39d36ca1-9d2c-4763-8f6b-95c94fb2c4d5,2023-08-01
e9c26a63-11c9-480f-bcf0-7fe976b904ff,2022-05-17
2b6f5038-fb01-4545-887d-6541d1bdedd3,2025-05-03
62ffc6e4-1449-4c66-8012-31b70cd6f546,2025-04-18
0d4e198c-b082-456b-9728-06e8f305bde3,2023-04-01
cbcd3ab7-2a04-4fed-a314-8e0e17959bce,2023-06-23
ba921d52-fd63-4611-9b89-f54a7f844400,2022-11-07
83948449-d808-4494-bba5-ad466130cedf,2026-10-31
26c49bca-9f1d-46ac-aa93-fbd5b36ab9ce,2023-08-14
86f6c326-b9bb-49da-98e1-019b673d39a0,2024-07-24
747041b0-0d97-4668-adb9-aed9e86f40d3,2027-06-14
eaf0669d-7f5e-4dc8-90c4-97e87e5ce07f,2024-06-29
2522f03c-3759-4657-8853-1f663b35ab80,2025-08-29
61fdd170-942e-454a-86e4-dc8712b0fec3,2027-04-20
8ad79bf9-7167-43a1-ab01-8dc1fb5e3aa6,2026-03-07
1b5081aa-7d5f-46e2-a2c4-c8ee62b05f8f,2028-08-22
a534fe9f-1c61-434d-8970-140208102ac8,2025-03-05
ecf61a95-a88f-414d-bc66-c82ab3fd2173,2023-03-15
f78b87f2-9729-4b16-9a79-2b60566e7a4f,2028-08-08
49760376-a73c-4eda-86c3-10377ef542b3,2027-09-27
a277b9e7-422b-485c-bb62-4f7537dba013,2026-08-18
5658e34a-5c3f-422f-80f8-adcc88ccc89d,2027-01-20
80922cdc-54db-49bc-9b32-260d758b05ee,2025-05-23
53fc8b97-1ca2-49b6-a003-56768d33345e,2028-03-08
f074c9bd-d618-42f0-90f4-65d88cf22ff1,2025-04-03
9a9d8bb9-0d6a-42c1-9e30-e5fa3d9702ab,2024-01-06
307d6665-fb14-49bc-a3ee-266830ac5b47,2022-07-04
14e515cb-9493-4399-9367-3b97ba4357af,2025-06-26
5a1f1bc6-4b37-46c5-bdf5-3ecdc981f900,2028-04-14
a5c8133f-c071-4076-a86c-a58e68e33492,2026-02-22
e20de96c-ed45-4fd9-8be4-57f3e74691b5,2025-10-21
511f4724-7fa8-4471-9d5c-f4382f4849f6,2025-05-18
86147de6-239f-491e-bc53-4f29784e90fb,2027-09-24
9f3373ea-a560-414b-9edb-30bf0cf1e9a8,2023-01-24
3c62b586-2e3d-4b8d-aaf2-5125f48e555b,2024-09-27
1a218a8e-3ac5-4f54-896c-cb48ba606522,2022-08-24
7ee47288-3b8b-4be8-b0ce-33ca7968b0d9,2029-05-23
546db38a-095c-4939-8b31-64c39ecea4f3,2023-09-03
628d6bb5-66f4-4ae1-a4e3-ee0692415986,2027-05-26
91924752-8b75-40c7-8dae-a067effe2e68,2023-10-27
913f25cf-f944-43f5-b208-75c07a91cfb2,2024-06-17
843ad3fd-58cd-4196-a456-7c85753eee01,2029-07-20
eff0e7ff-4a2c-4bcf-86fd-7f848b5f3795,2028-07-21
04e8321b-8202-4685-8fa1-dde623154217,2023-04-22
26b8f65c-9b43-4dbc-9877-509a58d9b6a5,2026-08-09
4ca10efd-96a9-44ce-a63c-b3bf8d4b1b1c,2026-08-10
24dd9967-3519-41f4-b558-3dd1aa4fd5f9,2026-11-19
c232481b-17d9-441f-9c68-d5c2edaf73a8,2025-06-18
7a13213d-0429-4d84-8ac3-14bc51b83aee,2028-03-25
010eb2cd-5257-453e-aaa9-69364a53eed9,2028-10-28
e0ba26c2-190f-424d-97c2-936c760d21e5,2028-11-30
435e40b3-f0f7-48bb-bafa-e559582d34a1,2023-05-10
e4c4dd95-f100-471c-b415-cee2cf4b1a59,2027-10-25
e443b2c5-90f1-4f85-aeb5-9b137966479d,2028-12-09
bd726907-b65d-4b53-8683-9341f407ec9b,2022-08-18
b84c9ff9-412b-4104-93f0-db3279196a92,2025-09-21
8c91a2d2-89ed-4fa2-b55b-bed4abd25c3c,2023-09-16
1df251ec-c8fc-4661-be5e-17614e4aa4fc,2029-03-21
c6f25494-93f3-4461-b3de-117e7126b6f2,2023-01-25
6fd91c6b-51a4-4a9c-9d32-9804b2d07c89,2029-06-14
9cb67f84-f0ea-4e2f-bb2e-f17cfcb387c7,2029-05-07
e4da690a-e18b-4c98-a9dc-71711484016a,2025-03-18
11f9fabe-0878-4f5a-a69a-52b651326a9c,2028-09-28
62a19035-46c9-4731-81bb-d50e4913fdce,2029-08-09
92ba2109-b6d5-4d25-8758-58a6ba8340c3,2029-08-09
fda9399a-9a7c-4257-b91d-31b36af7be42,2024-09-13
c39379ae-2886-4d74-a1b4-8e0362f5d066,2025-11-02
a1b60691-ab44-461a-8792-34d37df23e6f,2026-12-06
ff73e50d-a31b-466c-9f30-9ff08e8efe41,2022-07-14
6c519b4f-fca3-4538-8eae-b9cd4bb95307,2029-06-15
8f56a7a7-ba7e-415b-8159-0558210ee2c5,2029-06-02
9b58227f-0849-4913-bcf5-db07c1bf61ba,2027-08-26
18fd715f-ad9e-4b8f-8d41-f5865aa0cd26,2024-05-24
754be30f-503f-46be-8790-5bc712246499,2027-05-02
57159122-e7a1-448a-9393-c44d4e00f352,2025-01-31
200ae8ee-2611-4903-bba8-a42cbe57e677,2022-07-08
612d4ddc-ef4d-4dc5-a7f5-b6ce4e549b06,2025-12-22
3d137669-740d-4f68-8f18-6eea32014ce8,2029-09-09
c6dedb2b-48a0-472f-8525-962ce89c45e7,2026-08-12
ac141b0b-9dc9-4e32-b9cd-6dcfa6eb36da,2023-01-19
5635688d-593b-4f73-9c73-20066ab5506a,2027-08-22
352e2593-7eec-4ae7-85e1-02c6d53ca413,2025-10-23
1e32ded0-e52e-4783-9cbd-591792694fb8,2022-06-24
02d81770-19eb-4ba2-881f-ecfbe52f569f,2025-03-22
26fd25db-6921-4490-8c5f-826397ed7b8b,2026-09-24
1e3bd06e-8a3b-4448-8c3b-584cebdf54c1,2025-09-12
832bff61-2529-4deb-8aec-8bf7afa8fed2,2027-06-30
8a21c9dc-351f-4e16-8f24-9d74f011b17d,2022-12-26
fb5636df-b0d2-4923-b870-8e8aa2ec99e3,2022-08-17
181e4eb8-305f-4cef-955d-dd89e17c0301,2027-10-16
3dbdad83-f571-4fbc-bacd-2c69df307eba,2023-10-20
cd00107c-5256-4aae-a2b3-f5662fac816a,2028-12-13
448764f4-e773-4855-9968-120c656ee200,2025-04-30
6c5501cc-1d8a-4c7b-afd1-390c62a287ae,2026-08-21
e53da615-f234-42a3-b5ad-f70461935513,2023-06-15
9f33a6de-3c51-4513-8402-740345bb5b95,2026-10-04
178ed32b-5ea9-474f-b166-5945bcfadced,2025-08-21
ef092419-3c34-4910-951f-93a5aa90df7b,2027-01-12
ddc42c27-1dc2-45f4-9eca-49be3837d485,2029-11-10
b6364794-0d5a-4dd4-937b-4180878126ca,2028-05-01
7e10c9a9-3b20-41a1-bd12-c73a340425c8,2023-08-16
946111f6-a25e-4ce5-93fd-60a10552976d,2025-08-24
e7911950-e51c-4f02-983e-168c03c2ff3c,2028-11-08
a1989354-7e6e-4e02-afbc-6daa1458d492,2024-03-15
36d9245b-58a9-4b2b-95f4-0d61921458b5,2029-06-12
d45c7653-23da-4696-8a19-5236d2a8804c,2022-10-10
efd2f943-a8e6-4dd4-9e5f-b833ca262d3e,2022-06-08
4a56c9a0-65ee-4a3b-85ba-c4df79a4f38c,2029-07-29
b3eb9f27-0cdf-4b3c-b4fa-dfecac26c5ef,2025-02-25
e2fa06dd-1294-48a6-95ff-2d94082a8483,2029-10-27
be6edda5-2f0c-4df3-8c56-06fa5f67c22c,2024-01-07
da58c8cd-c327-4722-b2bd-5777ab170931,2023-01-20
5beeb2aa-74fe-40f1-a11f-59230f424c20,2027-02-09
c3c8d838-cc3b-4eb7-a004-7706755304d7,2028-04-26
36403d61-0894-4bbe-95d1-9d709ee2b062,2022-09-19
95b20927-90fc-4d7a-abc3-f0d8c869f0b5,2029-04-27
b0970072-c717-4868-b506-959c30a93c55,2025-11-04
0d083582-8585-441a-9aae-945adc4a8cd6,2023-09-12
286cb224-a7b6-4aab-8971-42c5ad17b373,2028-10-30
677f6049-900a-4d6f-a2f7-32701349883b,2027-02-28
b2af0b31-4dfe-4b17-bf97-4ee3e3ef2c46,2022-09-20
377c4909-ddd4-4785-86c8-64750358b427,2024-12-12
5c13c153-4228-4457-853a-8a9693bf542d,2026-10-16
7d69fe86-e33d-4ef2-91dd-71dc6ad111f2,2026-07-28
f14fffc8-b610-4ebf-825b-a094a16d79b3,2025-05-04
9a791823-ca39-4294-9299-66552b7cff04,2022-12-14
7f00a42a-2e81-4693-964e-f108b8f03a1a,2029-12-26
66a07f3b-5aae-4277-a93d-06642c44e67e,2026-01-05
a517ec48-a0b7-4065-9616-9d5744bb4cab,2028-08-29
ff5bb547-a896-4c81-a982-b49c995a7cf0,2026-08-07
165c69f7-7c5d-4e91-8aee-2553c186c5b0,2025-09-20
0308d1ba-0759-42a7-9a81-8c21e177e587,2027-04-23
a770e710-7391-42cb-970e-a6c9bd467713,2026-09-08
11411c20-c91f-406c-acdb-42da363aa2df,2026-10-07
c972c48b-365d-403f-8b2b-fb2f2e177f51,2023-07-03
82f98d78-1ba5-4d18-94d6-4ac8ca36a446,2025-02-08
db8cf4b9-b56b-4dd9-b1b2-6b2cfe7c5204,2025-07-21
4690b089-3d5a-4850-b8f4-4d91fa7a87f0,2023-05-10
ebed725c-362b-4db4-84e1-db0a3d90a4b0,2026-05-29
43b132f5-8d72-432f-b2b4-2727e8bf2be9,2023-03-12
29cee142-04ea-431a-a859-3509706092ad,2025-08-21
d785248c-47e1-4643-99fa-ba51388faf2e,2023-02-21
e7f544c6-5553-4d50-8648-f5d6aafd8693,2026-10-31
6c6cd247-b219-4e50-9d7b-23a2cd6e7b51,2026-06-08
e9a50959-8c87-4aa4-a0f8-24b7e10f2f02,2029-06-20
9231a80d-b10f-49bc-8d28-fefeb9540d48,2023-05-04
2f124eef-3bc1-4062-9f2d-26d9d22b512c,2022-12-30
7a101d67-cb40-4274-83c3-cec5f649762c,2023-05-04
95b86838-a055-41c1-af57-d8a4b34c602f,2022-11-20
57b459c8-7622-4de9-8274-dbf375323e74,2026-10-13
b50d7f83-404b-4d51-8a7a-9506d4f5cb6d,2027-11-14
89841c1a-7ff7-411c-9556-21973e9229fc,2028-05-04
174a3e8c-8acf-492f-b122-fdcb4a84828a,2028-02-23
012c28bf-abbc-4cfc-81f8-f458ac1079a8,2027-07-23
346c8f35-6b43-4d1e-aeb7-9584a51abba7,2024-10-09
b2953c4b-71a2-425b-b9da-00948c35f970,2026-11-20
d6e76ca8-d09a-44d5-acc3-0f4851c74ee6,2023-03-16
0161e752-11ec-4e0d-91c0-bf20f4cde4a2,2022-08-15
93f3866e-08df-4f12-871c-137d817a0f92,2026-07-11
668aaed7-1784-4217-9793-208e6db8b37c,2024-10-24
f711acc9-b851-41c1-aa09-5db0d8536dce,2025-10-01
07aeb794-c90b-4fce-bc74-ffa7879786e9,2023-09-27
c53cdf23-0c13-466c-be3e-1cb3356bc1f6,2022-08-20
61fc79cc-2c93-4dea-ac54-4c6475e6d837,2024-09-01
59971544-f2ec-413c-9190-3b22a258ad21,2023-03-01
120c22c9-d9ce-4e9b-be4f-4e81b37651a0,2027-12-11
a512f034-0e5d-466e-b81b-8854631e9ddc,2025-07-12
d77d7e67-6490-44a6-92c8-0eb7656d96cc,2028-08-20
21c931ac-8c9a-4db7-954f-cb72f6c10f19,2024-05-04
e08c2ba0-ab50-4215-8ad2-f164eee1d157,2024-07-11
d5e38ffe-9130-4bda-8d81-51f116ec4615,2022-10-27
81cdaa6e-246a-46bd-a491-b57ecd09ef00,2028-07-07
72353745-e678-41d7-8688-7ee2324d486e,2028-12-23
fb3e7d59-0edb-40d5-8a29-69181a2fa0b7,2027-08-30
1bd7d7c8-82c8-4536-b7bd-704371130f76,2023-10-20
1fd1a76c-52be-4ef9-a46b-4ec778848fe5,2029-02-06
a31c5c64-f187-48d1-837e-d21afdb43ab6,2029-04-23
8e2e00e9-bb6f-4ca7-81ea-47f43eea9e05,2029-03-07
dad4bd80-6496-417e-a7fb-798d38265ee0,2026-01-09
b4937c19-5fe1-407e-8236-0b1359e6189f,2027-03-12
bbe33924-7ddb-4573-8a4b-e09e46cf36f0,2022-09-29
6b6bc27b-6809-4707-804f-5cd4703abae0,2024-10-24
8efb88f9-2774-4ea1-bcec-1cc4fb996df8,2029-03-20
559f8e66-799a-417c-a127-8a831ace3ff8,2024-02-11
6eb55d78-c640-401b-ad29-3cc0a09e3b69,2022-06-08
92bb5b92-b5c6-49e4-9243-73358ff14763,2023-11-05
a10eb7ed-a48f-4653-9c60-7bfa4396b324,2028-03-26
4e098cf3-9b22-4090-a9fd-aa70fe9ab07d,2023-11-01
43a70b63-29b7-447c-b85b-e97d9aacb337,2025-04-29
fb98f5aa-d81a-44b9-b78b-dd6b5abba963,2026-06-04
5a4ecb3c-f1be-4ea8-a123-a2ee37aaee12,2027-04-09
a9b431fa-a068-4b8d-b0e3-1d1301ffccac,2026-05-01
5bc3ddd3-5993-4713-b656-ecbfccd73271,2024-12-17
a59ecbb2-b23e-4f6b-8729-8d22314b8ca9,2025-02-08
1d607163-ffe8-4203-89ed-e3948fdfd641,2027-09-01
cfdeebd7-bce6-43ac-9250-1491ae3f4180,2028-08-08
105bdfd5-a3a8-42bd-8d89-b364e9feea0d,2025-11-19
02fd98ab-b878-4df0-9f07-65198a9a1e25,2026-09-29
0bfe6e00-ac5b-4939-b507-2e8727bf68cb,2023-01-05
57a83aec-acdb-4206-b9b1-d31ed3800b96,2024-03-22
eb9d1197-f23e-4a3a-b314-73620c8104f8,2029-10-30
627fde90-5b9c-4c88-9e6f-18e10d462b46,2024-12-21
99f0ef0e-f07e-4b48-8798-8784e9b38551,2025-05-28
c936716a-81af-4e3c-b737-33f0d3cdeb2d,2024-04-26
e634ea80-4648-428e-9a7c-bca1f70b2042,2029-11-13
7d20b9c5-8c17-4d82-831d-3a8ebc110f23,2022-05-25
e0f60bf6-8abd-437c-af86-d7e4741d3ea7,2029-08-09
2ce64b6f-7709-4606-a4c2-164568ad75f9,2022-09-19
21725492-31ed-4f91-9650-dd1f0b9bffaa,2022-10-22
fc3e0c0b-f917-4339-842e-e6c2b50315bc,2029-12-08
9e5c8887-765c-4a96-bf55-948a184260d0,2027-07-21
3634ab49-cc19-41fe-8d60-db020b455e31,2028-01-13
0c187477-f5ea-47a5-a6a3-ae70daeadb86,2025-03-23
c801f3e7-ec9a-4127-a840-214ac438806b,2025-05-07
3cd7c96e-a80f-4e34-985f-c7e37129de2f,2024-04-04
64b62f36-e80b-41f0-8ce8-60c9ba40c5ec,2029-08-28
7b4b4f1d-87db-4499-a710-9240377442fe,2025-08-06
073b9da4-e86a-4f0f-8fc1-e9484cb03572,2023-01-01
ae064987-54e0-4c4d-9e67-664903835498,2026-05-18
40662937-fe7d-4700-bbc6-3c8356924a02,2028-03-09
bb5437ae-4df2-405a-a82f-28ac51e4bd8b,2029-04-20
4dad9332-635a-4062-8159-79f9bc2871c4,2029-05-08
90001ccf-b8a9-43db-b919-3c153b7a1f54,2026-02-05
77aa25d1-e47f-4f12-a6a4-d64ec0c90ab9,2025-02-19
6e8cb1ee-f699-47d5-ae9a-1c5a4c9790c5,2022-10-16
db15ce2c-9bbc-4c32-818d-355415b402b1,2026-02-03
bad8079c-6f77-4178-ab59-1329cc8f6f34,2027-03-10
c0583d5b-6f34-4cf9-bffc-2b57ad471071,2029-02-06
5d4d3d6b-1096-45b3-bf4d-a024ff8619c0,2027-07-01
f9a04508-7f54-4b7c-a514-1e361c6bc955,2028-08-18
1895db97-3c47-4a72-8915-f66d7a7256a1,2024-11-26
2686e51d-d178-4029-bf76-be2288bc1303,2023-02-18
bbdb7f9a-c15a-46fd-af3a-309a40a80554,2029-07-17
6225141e-7da6-4b0c-989b-0822c9ab4c54,2027-04-11
2ea1a5ef-c2a8-418b-8f20-773c445b45d8,2023-05-06
84ae7904-7100-4628-897a-b71bda655640,2025-12-24
20ca2d30-32ae-411c-ab50-6e132e59171a,2029-05-22
08c11e75-8c73-420b-927d-58a39834d277,2026-09-27
27f5574e-f8a1-4891-8784-63e14a623ca7,2026-06-06
dac3e631-0307-402d-b329-569eeffcd88d,2024-07-30
47c4beeb-927a-49a6-a718-5791de4d0a48,2026-05-21
1dbcd6a2-79c1-4901-904e-63708a19e518,2027-08-05
b20acd88-62d7-4b75-b822-b552948aa879,2022-11-17
96f86deb-726e-4f79-b746-877066ff163a,2028-04-13
6b92c38e-3bb5-44c2-a7f3-4b1cb7cf0d8b,2027-01-14
1f810627-2d52-42fd-b4b8-d5d1afdfe570,2026-04-22
9a5093e4-22a5-48df-98d9-5dd644302a42,2026-07-04
5f623317-09be-40b7-9e97-05a748cf7d3d,2024-10-15
849af58a-0bb4-4fc2-ac9a-53f765054901,2024-12-23
6df1c295-dffe-4816-b5ab-acc395946562,2022-10-26
08c119e8-e694-403c-9a64-79607dcc5aba,2022-09-28
78b99247-f641-425e-902d-c6f0f5ee037f,2025-12-29
4a2042a7-4947-4114-9fad-69b2f2f1a113,2027-04-20
c93cdceb-261a-479c-851c-a7ec53ed5887,2029-08-24
e7234f5a-0fe3-4c05-a5fe-47b29de9a53f,2028-09-16
f3b8a92f-43ef-4d66-94d0-ecfe0f3470a0,2023-10-26
1babeccf-7bdf-4833-b1b7-56601826edf4,2022-09-05
d272536e-f2a3-486b-9d20-ffcb5bb05ba3,2029-09-17
e72f5d70-6775-4f07-9771-e9c0a768d3e9,2026-08-24
9a623d4a-b5ff-4f16-9e80-3c2449ddd7aa,2024-07-20
53a7366d-48e0-4f63-ab53-df36fb4c8a5e,2026-11-03
d39dfa0b-6cc8-4089-a3b5-58df540e7a73,2027-01-01
fd9e280e-ff57-4635-b4a7-fff9c286e749,2027-08-13
d588cebe-31b8-4f3e-a853-6aadb2fd14db,2029-02-22
9f4e5805-0850-4838-aa7b-945e519fa6c0,2025-06-06
7f3a93a7-04e6-4009-9db4-5d7a80a9b010,2027-09-22
b8645365-a546-4a55-8b5a-d87e1ca2b9ba,2028-02-10
9d05fc80-9b3b-4930-9785-957c0a705fd8,2025-10-04
9676549d-20b4-411a-8198-ad9529574ee4,2025-04-02
84016843-98d3-4172-859a-9129979db5e6,2027-04-28
57acd82d-cb7f-4971-b559-a65737671fab,2023-10-20
2f15a654-ad2f-412b-bea2-58d65f28e16c,2027-05-03
1613930b-6824-4dc3-a124-05571238ea37,2026-02-02
cb05e37d-6988-4086-9ae1-113355623130,2024-09-19
c56d196c-580d-40f7-b9bb-7af9ba25ff86,2024-08-17
ae725919-ed18-4478-b1c0-9526a1ae3979,2029-01-10
a47b5402-bab0-43a1-a4ce-fa5b728e2262,2024-01-27
25f22413-e084-4f81-8646-2620e0493fd6,2027-09-08
419b3432-86c2-49ab-ad99-b0a10d181453,2027-07-07
8c87ebf4-0667-416e-8c0b-0836a0146a41,2025-02-21
598be1da-79bd-4ad1-bf54-83c73305d2cc,2027-06-29
3e7bbd27-65d0-4ef5-85eb-7fa1147fdc5a,2026-05-27
1a41132c-5e97-4d2b-beb0-5da031b963a1,2022-12-14
c6d6ac52-9711-4453-b1ef-b0730ec545bb,2023-09-22
e87f9425-029f-4aeb-b81d-dd56b5a89061,2029-04-26
e790a1ca-ee27-475f-a359-1369d7500b27,2027-11-06
bcf5a86c-a161-4e63-83fc-ffb9a3d1adb0,2027-04-05
494f56e7-f789-4973-831a-b9b2d9142e53,2025-09-12
a673c63c-e762-48dc-a01b-ef98586278c0,2028-11-18
a9202f62-8b0b-404e-aa16-d095aff9d555,2024-07-07
b6964abf-0dc2-4677-be2b-4ef2bd07da9e,2025-09-30
fc6d187b-541f-4cc1-be62-d2e325a0641c,2023-05-16
6092807c-13c1-490f-bcb3-728459677a5b,2024-05-26
5a382a60-43b8-4550-87a3-9098d69c7f63,2022-08-10
403c3379-dca3-4d93-bafe-e54083dea679,2029-12-01
7ad8c9c4-d204-4b4e-b566-d18cfe3cb83a,2024-11-28
8c6f3bde-2c79-4ffd-a077-8d9d06d4349a,2023-05-23
e5ad62bc-f1d9-4358-8011-952fcaf11bdd,2029-06-09
05a0c6ad-bc59-4c8f-8707-ada8166f2f36,2024-10-28
7a51789b-fe1f-41f9-af2b-2b6c37524b31,2022-08-17
4096cdbe-7999-4336-85cf-2214d9b6b0a1,2028-02-27
d08a0b1f-472f-4b36-8ff2-1f01282eb543,2028-05-11
68c79781-a3d3-4500-80bf-3eb831d06c4c,2027-09-17
0f66a7f6-7994-4856-b83e-2f678dee6a9b,2026-11-14
5aa4e544-3708-4e84-aa78-31a2979af0b6,2026-11-01
159c944b-f659-455a-b3dd-47c3bec3ff7b,2024-11-30
cedbfd74-a2e9-452e-abe6-37fb1a4c11ec,2023-11-06
f440cd37-6361-485b-bb97-73fa4f85cff2,2026-08-27
7d3d3f3a-3b30-46f7-bc5b-a8c5e0fb7bf8,2029-09-05
c951ec13-ba69-43ed-bff9-95190e13926c,2025-09-16
a680f312-90d8-4f62-8725-020f4bb86470,2026-10-14
e6abde12-99c1-4875-aaf0-000b0127c8c9,2022-05-29
4935cc3d-64d0-4fcd-87c1-ee488b32789e,2027-08-29
f42c1389-5e78-4938-ad20-e77606568154,2023-04-12
25aa182c-d18c-46f4-bc6f-285d949cd1f6,2027-09-08
ab10a66b-413f-4fd8-bb5d-61e0db789e44,2028-07-27
4e32722f-68a3-4113-b109-5124c4342fec,2026-12-28
75da318f-49d0-4270-aace-e1855941121a,2027-08-13
ce14c679-9c34-4320-ae4f-440f9d10ba9d,2028-03-04
ddde226d-84bc-4d2b-936e-b77b0b615546,2023-05-17
8c8880a3-921e-4146-89bd-fc0f1a89c55a,2029-07-29
c3eea4f8-b7b6-4252-8d1b-bf2cc9e8a056,2023-05-27
10d78045-0e63-4feb-a977-2f575420de9d,2026-03-03
cd33c073-364d-4211-b05b-caedd66fb7a1,2028-09-15
88181c92-c157-4c5d-9707-678c324b2727,2028-06-01
cec5e6da-7741-4c57-bf13-7de9a1a2e9b4,2022-12-03
4ce4c20d-a6b2-40e6-bf75-1cebe9b1e14d,2024-01-19
ae9dce55-866d-4de8-92ac-0e176c643bad,2023-05-28
98e295fb-f78d-45f7-91fb-f31252a97c6d,2029-04-26
8c092f63-136e-4070-b8d9-3f21c3fa4975,2027-06-28
0774e43a-206d-4696-9dd4-cf3ec9c4e259,2024-01-01
0e2ae074-b5b2-443e-bbf9-10a7645eb0fa,2027-05-04
4fb77b59-302a-43fb-9c4e-b707cfc4c7f6,2029-11-06
68211b75-f157-446f-907d-4b2860eb1684,2023-10-14
9e2b5060-eb8e-40d2-a76a-88ba8eb8b569,2028-05-04
ab080fb6-65d3-4a8a-88c1-d772a2e62994,2024-03-26
c9989a06-0ac4-4a3a-b3e0-7286cdb0db17,2023-04-22
05df9ccc-4e98-4580-9420-ea3f74e1c5f6,2028-03-12
0061743d-1bd9-4fe8-a2fe-5c378b8e0c52,2023-03-04
073a4bd2-5247-4803-bd4a-04edcd71561d,2025-08-08
643f3206-7509-4472-bc0b-c0bfc26a0a60,2024-08-12
aa488593-89fd-431a-8a8d-5daeb8c8d7e2,2025-05-02
b9f43ce1-6f1f-45a8-ad25-8749fb5eb43e,2024-04-21
6dadf5e1-4ccb-42e0-b5bf-aca4689aa98f,2026-04-04
168ebb50-e5f7-4ef7-899a-af8204ad5266,2029-11-05
5c16fbfa-7d2e-4cf7-8999-e530942081e1,2026-08-03
5b491418-0e02-4b8c-891f-b286b3a15cba,2029-02-25
1f37a8c9-f824-42ee-9603-e9f63b0a12a8,2026-04-26
2332bfe6-ed0a-451b-8a47-055833856df3,2024-02-25
f8f2f3c0-1cf5-457d-8258-46551ab7d215,2022-09-14
b6e73d9b-6181-41f2-bfcd-eca5e3aef345,2028-12-13
b048c748-a2b2-44bd-8223-425d3ac2c59e,2023-07-30
4fba41da-93c4-4315-adc1-c2abeaa4d20d,2024-02-20
a3142971-06b3-408a-9272-d307392b22c9,2024-06-22
4bb97cfd-d42a-4559-b9f2-30fb898f1527,2028-12-12
c5d74263-7fdb-488f-9f0c-80638700a9c1,2024-03-23
a0636f29-c243-464b-ba43-a3cbaa7e8060,2029-04-16
d12cbc5b-402d-4be6-a489-1610337e2b03,2026-05-07
6e6d2112-cc79-4049-8f77-cc9ca6aca0eb,2024-04-28
af13ed82-9dc8-414b-ada5-85c8ebb9d455,2025-04-10
041b4123-38bf-495c-81a8-18d91d176a5a,2026-02-21
a8ac4e02-b5b1-490c-be3d-a306ada08731,2026-06-11
57bb398a-05bf-4fab-9b9b-ada7ef96273a,2028-10-25
794e28b3-b2c6-4f9b-830d-3b16a59971bc,2029-02-25
0f0259f5-e196-4a2b-aa34-daf5ff0b6bb8,2023-07-22
c819b0b1-1613-43a0-9d80-917b09a03ecd,2026-03-06
67ed85fe-bd1f-4505-a283-1d87d73ba172,2025-02-18
ce06911c-9350-412c-bec3-799d05a0e161,2026-10-24
1cd06639-1f5d-4863-9bba-f4dcc3a1f450,2024-11-20
a39dc213-c892-4750-a5be-7f479c32555a,2027-12-18
bbf8e85e-2b94-4c6c-a86a-91bf23f7cacf,2029-06-02
ddf8e610-3f32-49b3-b28a-587b06aafd03,2029-09-20
b647f199-56d9-4f16-b58b-cd0b3c52d7cb,2026-04-20
6456ed70-01c4-4d6a-ba29-2c88f08cf979,2025-04-13
1ff21829-5ae1-4d70-bbc6-eebb75cf6b06,2024-08-11
a87b9a59-fc1a-42b8-8921-536a58fcbff2,2025-09-05
89da3d8e-9d62-410f-9007-202dd32e8746,2023-09-09
1df68b22-7271-4a11-8830-6df5e5863b04,2029-05-30
ea9ccb1a-c385-402b-89ae-d87d8611106a,2027-01-06
887b2878-5ae8-47ab-b8a7-4de2fa28b68f,2028-04-14
a9260b5a-a1e1-4a47-bca9-d77f1fdfb287,2025-04-17
084f24d9-646c-48dd-a885-bf85df434564,2029-01-08
37232db2-233a-49ac-837f-ee9f2d148791,2026-10-06
884680e4-d5de-4382-b164-f869d4adfea8,2029-07-04
14e78441-6e24-49b7-b821-aab64691bc23,2027-03-05
aa07bdb2-227a-4765-b84a-fb30e9da824e,2022-07-12
e89f158f-bd37-482a-a2a8-5272906ac324,2023-05-17
81d008d0-b047-4b3c-817e-4fb51a9ccb53,2028-08-28
974741e7-b01f-4e11-a445-ea58aaee9a6e,2023-02-15
04111715-2cb3-4667-b524-dcc83eb96d8d,2023-02-23
505c4cbd-fe78-4882-b85f-5da5e011aa06,2024-12-27
6de84fed-c39e-4b94-8c06-3a0c31df612f,2026-11-21
f406c90f-ee43-4a1c-a392-db1c06ceb168,2028-08-26
0b465a2d-f4f5-46f4-84e6-9e77a503c565,2023-08-18
fd77f7cf-02c5-4fea-a290-94fb0ac9ac78,2026-12-18
2d1fb6c2-803e-4201-a194-e58f11a1cc21,2024-02-12
01a75914-4f1c-436b-973b-6b861b4eb2df,2023-01-06
f78c4656-8657-4646-be00-57997f6c1738,2023-12-05
ef94dcd5-ae4d-4602-b14c-11e14926e03e,2026-01-05
3c93448a-e93d-4e3a-b097-36a3f87b2655,2029-08-03
2873d3fd-fae7-4e47-b20d-9311c4059eba,2028-02-24
28b139fc-e3b8-4cd4-b3e0-3f551b675a48,2022-06-15
239b94df-a521-473b-a618-8c4f6eda4e41,2025-10-13
9b890354-96f1-4443-9ae7-b5a521860e28,2029-05-14
18e5e4e5-8a88-4a71-a90b-df0da2b95e27,2025-08-21
2c48304d-b79e-4d16-af3f-557c1581f85f,2022-07-25
a62a9f4d-5d6e-42e3-bec8-9af0ced177d9,2028-04-17
c9596ede-022e-465a-b0eb-1ec7ddbdeae5,2025-09-11
92a0136a-cf2d-4af3-ac9d-cf4dcec63e7f,2025-11-10
75de1f02-00ed-426e-9482-74f77fc31ea0,2028-11-17
ef73ebe2-2542-4a06-b1db-7d7fb61e1ed0,2024-12-30
49de7988-e266-46f5-aa76-eca92bdcce8e,2025-04-17
1ef64a5b-3cd2-4a98-911b-4caa02481c1d,2022-11-06
2b7d9d59-e630-49b5-ad37-367e8c0130aa,2027-10-19
4c560816-55da-46e1-96bd-b4ef10f3b1da,2028-07-13
3c9cafa1-d26e-4737-a362-d609424572f2,2028-09-17
0c046f61-3c1a-4082-af92-7fd68a3a2f41,2029-05-31
40b1778d-e1bf-4621-b517-ea8d9b55a023,2026-03-11
3876713a-ddd1-4b18-bd49-fed328a819f9,2029-05-06
e8aa0110-13e8-47b3-9d59-0a492a5992f2,2028-12-31
e298d1ab-b539-4da7-96ae-320ca4f3fc15,2025-08-01
f000fb27-50ea-4885-8acc-817e07627115,2026-02-14
84c0aedc-6c63-470c-beaf-f659131a0044,2028-12-02
3ea99a41-d65d-4e17-a144-b1b56fddeca5,2026-12-13
18601ac1-ecd0-47d9-a169-e4bc3be3817d,2027-11-12
956f18cd-68f1-444b-8c9a-0ba917da9aec,2027-05-02
8029827c-f4a6-425a-a8a9-f5e36d933027,2023-11-13
236b5942-ec5f-42d0-9730-86d1e1fef1b5,2025-01-10
587d9456-1c2f-4c02-87ba-32b539223551,2025-01-24
6ac68884-e793-4362-a68d-a6b0a320c316,2028-08-23
8d9a697b-7e08-47f8-bb31-94ece41c3b39,2029-08-16
5fd2d4ca-a305-4a9a-af3b-6c5e35659e1f,2029-12-27
da06c922-6d43-4cb4-979f-fa2348b8342f,2022-09-21
19089c40-773d-47a5-969c-96c8445f653c,2023-01-04
de7eee5c-2edc-4ea0-b6bf-4503f98df395,2027-12-13
73074f8a-359c-4906-bffb-077fa2fea901,2024-08-26
4be1786a-9024-42c6-87cb-2519b450cf16,2027-05-14
2eec92f2-5859-4c6b-abf5-4ccff04d4cb3,2028-02-08
5cda8659-4f59-43ad-a45a-92ce79788db7,2025-03-01
5e1985f2-9fb4-4ae7-84b6-f00cf804f7ad,2022-07-29
6b967a7d-a463-4057-90d6-12cf22dc37b0,2026-09-14
080bf88a-c2a6-423c-b2c9-caa6f954bc25,2026-02-22
63ed9512-ed67-4228-9cb1-d14610a9aa50,2026-04-03
6b671fa5-df57-41fd-9879-7bda2d5bca60,2025-07-27
66d9132f-de55-4154-aaa7-6201a85d9494,2029-09-04
686da7d4-dfa8-43c0-bca1-c857dc7e5e28,2027-03-06
a46e351a-2d9e-4eb3-b6e8-fbdcedff8c20,2025-12-23
4cb3ebe7-4a42-4a7a-b5ec-2568d0422a2e,2023-02-04
3fb72000-ea5a-4148-a7d1-96b34aef3136,2028-04-05
77370ddf-eb59-420d-8ec5-f50266a40d25,2029-01-26
d838b8ba-a3e5-41e4-addd-1af4ee634d91,2024-12-23
613190a6-f7c6-4c65-970b-44a6bf5c651a,2028-10-05
3f687293-3ebb-4972-8fc2-412d252dacec,2029-11-23
6d4a9c4d-9400-4b17-9dc8-5efb2e880600,2027-09-01
991edfca-4966-433a-8d26-a905c2a68f09,2028-09-26
69221ee7-c7fd-4592-b0ee-08d941358ceb,2029-11-03
c46c7f57-5779-4a05-a5b1-f45455bbb5d5,2026-10-12
f8fa1aeb-444b-47b2-8763-f6ee08aaaf8e,2024-04-11
d8bb3870-27a0-4bbf-90a4-6ec55f875205,2024-10-21
e071f8d1-1feb-4118-a793-3646e4cc5a1e,2028-07-18
2c5349cb-2964-46a0-b2f8-f13616ea1fe3,2022-12-07
4e8ce143-def9-47b8-9063-35394c15f559,2024-01-30
a04a4a33-3ac2-4451-a2a9-d86875a7f00c,2026-12-25
ab91c64b-f148-4a23-a65f-8f6e603bd305,2023-04-23
c39e331f-6928-4cad-9629-3615f2c0a7ef,2022-06-23
19ac085b-e848-48eb-8d7b-4e36ad8996cb,2024-08-15
666a81d7-5ee7-4573-893c-1aa5f3f53a97,2029-08-05
2268cdfe-da0b-4ad6-a19a-3ac22593c3a3,2024-05-02
16a1f249-8be7-485f-adce-64bb5023a07c,2028-08-06
d8df063b-6020-4b36-b45a-69f85314642c,2028-03-27
02f2b9b0-8dc3-48a1-b1e7-21a0577d4040,2023-06-30
721b9e0c-6f7d-4e2d-b286-49ddec93b925,2024-08-03
52159913-6ce6-40cc-9c67-871d13d5037c,2028-10-21
998546de-093e-4255-9e07-bfc512f0abd0,2027-07-16
5ff599c8-6489-4d5a-84c5-7dc4359bc323,2023-03-16
5524fd75-a498-44fb-9b85-d62ddec469c8,2028-01-14
c4a14640-66b5-4fd2-9c00-f22a84dee48b,2024-04-17
4dd74db5-0bc2-4edb-8539-c9faf328f1a2,2026-09-01
9a3335c8-d52b-492d-ba5d-0859f39d9853,2022-11-11
fe82bb62-2000-4a85-9cf2-972f9bdadd74,2029-04-13
3f85510d-9c22-413d-b3c3-daad31d0f442,2027-04-25
078c8c32-9ce6-473d-9340-330a78f7566e,2028-01-20
4715533f-0524-4b5a-94d4-f23ac412ca65,2024-09-29
96c1c29a-489e-4e08-843e-cdfc6dc93f68,2027-07-17
c31a7d44-6f5b-46e1-9f51-9b19183320e0,2027-09-23
d21408fd-e136-4949-b60f-4f2a50659434,2028-05-13
b1552bbf-7b10-4c62-bea3-1409961b2d20,2029-08-22
4a8af8a3-b3ae-4e53-9d4a-06eba8d6538a,2027-04-09
c9ad2593-9038-4cbc-8a25-9fe9727b4da2,2028-10-25
d749c604-965e-4188-967a-ab3b30ca6876,2029-07-30
e35b488b-07fa-4304-bae5-267ce48866ba,2029-07-18
a2ea7cc6-7b34-4d4d-b2d9-a16ac8dbaa70,2022-09-02
d6b3ecb2-9643-4f63-89b1-93df453e015e,2022-08-07
b85da328-a906-49e2-840a-6db76acf3427,2024-09-01
18a2045c-c836-44c7-b600-92da8be274dd,2029-10-24
2ab1887e-d13e-4bcc-bab1-944b3268332a,2026-09-30
40ae86e0-a43d-457b-9dae-96ce1ec92479,2024-11-29
a62be7e3-850e-4b93-9ad6-c93a7fe57088,2023-07-03
ca8d2d1b-f19b-4eb1-99a8-2f21d7fa1429,2028-09-19
9f58c783-9ae4-4dc4-a12b-d4dd55bfdca3,2025-09-20
584884fb-12b8-451b-a18e-b9d4ba8d6976,2024-06-02
2b5094de-0df2-450a-a666-2689cd5551c7,2022-05-28
32747702-e409-412e-b219-c9dfa925d412,2027-02-10
7324ac07-fc7d-4fc8-8444-a997841c9866,2023-05-20
613028b6-6930-4352-b4b3-f30478a50996,2024-03-15
cc2e0e1b-5294-493b-9b12-cc254cf541f5,2022-07-23
71851e25-9c6e-44f2-b671-2b2aacfcf988,2026-09-14
617a102b-b32f-44de-9bb1-6185cf384610,2024-12-17
a6d7622c-dc60-45c5-9cec-373c45f10320,2022-11-16
47d448be-b470-417e-9eec-78bc5e55618d,2027-06-20
b6693e56-8682-45a6-96b5-1f8816e69aa0,2029-02-22
957121cb-1557-4428-b80b-4b5775765ca3,2025-01-04
f626f995-9b44-4e2e-8c12-474781f7822a,2028-11-24
e996d74b-6fff-442c-8f89-db90ef788ce6,2026-09-11
b88adafc-b38e-4a81-a8a6-c9879226a8dd,2026-06-08
855d342f-a183-4af5-a66f-c23357e35cb5,2023-03-17
35a7617c-8e58-4843-bd0c-eef46cffa8ad,2024-12-07
d264dc76-7e79-46d4-b80a-99881809ee39,2026-08-15
b7132020-bcbb-4185-b68c-d9cfd4b34334,2026-01-23
4b08f009-f454-4d6d-b8ab-dc21fb8d2ac3,2025-06-11
fba91267-ce6b-405e-ac64-cc02ca81f0a9,2026-01-26
1392b847-9188-46b6-9e47-01dac3476f42,2028-05-06
7632a2e3-ca27-4928-931f-ac06910bda2a,2023-07-06
b76d9e2d-bed0-4529-806a-4f74de559518,2022-12-01
733a3129-c166-42e7-ad6c-40df7b5b5b16,2028-10-10
8c74db7a-265f-4e4e-bd50-1c91b8251e23,2026-05-26
d3924627-fe1f-44f0-9627-bacde5b77f80,2025-08-12
8325ac96-a45d-4201-9cfa-97234f9255c8,2024-03-10
82b67664-69af-4947-a847-ef9a6857b56d,2024-05-22
bd6889a1-340d-4a6a-89bb-52a7da6f91d5,2029-11-04
c7c117e3-2546-4ab1-937a-7b89d19c3962,2026-02-12
5c417c0a-e490-4e15-980e-ec05764dd7f8,2023-04-28
2b453757-3f5e-4443-981f-92a56d2fdca9,2029-09-27
0799c85e-8e06-451d-bc66-c5e5cd9a3809,2028-02-10
8e66f50a-b461-4e61-b09c-86b80538ff4f,2029-10-16
0467782a-bc5c-434f-8365-0f2d06bcaea7,2024-12-13
32df756e-c0bb-48b7-8ce0-c8f8b59c20bf,2022-10-21
2ef84096-6622-4527-aecd-b9ab0fb5eb56,2023-01-16
8bee5bd1-15c0-4dbd-a972-98a8b4c83f9c,2028-07-21
411fb308-6651-4936-b943-d0d3df24f1ad,2029-03-31
2ace4a7a-a0b3-4d52-9096-09ada938f670,2023-09-22
3e990382-5978-46e2-9a7e-3d2bc6f569f4,2024-05-18
0220c778-0bcb-40cd-9197-0c4905104997,2026-06-11
05bdc76f-82c7-4957-96e0-8139e82a0418,2024-04-30
8528e9d8-dea3-4acc-b95b-ade6e23d45ee,2029-12-24
ff426dda-8862-4076-a696-173c84e4657a,2022-10-18
ae303d31-091e-4320-a9a8-5b53861f6379,2028-01-30
a91252d4-cee8-4f72-bb8d-4aa447ca66d0,2028-07-23
0ce16b8c-7027-4c0b-bb8a-a89cabdc152e,2025-05-25
321e1fa1-d9df-425e-9b19-f0dbdfa1de86,2026-07-05
c179fd53-4833-4dfa-88b9-7a918a6cc2a2,2027-01-02
50bc7737-f0c2-4348-83fb-24f7e59a4eca,2026-04-19
76f85ec8-587b-4079-86dc-287a9025a3d3,2028-09-29
b7dc7d1b-6d14-45b3-b13f-82dbe919f1fc,2022-11-20
5103d03f-6822-418a-9e7a-24f53a82bccf,2024-10-15
5d966876-6d03-40c8-8728-0a1dff147978,2029-11-03
709bceb3-ff39-4c77-9ec1-4ccaef965871,2022-10-22
44d476fb-9839-4e9e-8132-007b90869854,2023-02-05
89a5a8b8-9bbc-42b2-8f8c-15f0c83d8a28,2024-02-05
957b3e71-71ef-45fc-aa14-24c19fe67b36,2029-04-14
40c7f8bb-ca9c-49e3-882e-4eb506d846ac,2022-10-31
a0d26f7d-3580-44a4-87ac-96cd4093ae68,2028-06-16
2bdd0f86-c7b3-41be-b3ad-0b819d5e5ef4,2029-07-01
c2867ddd-1472-4091-95bf-bc7f2189b047,2026-07-17
ec551501-0114-469b-b8b3-3e6772d0f241,2022-06-06
49c35e8c-cfbc-4694-aa79-8b0f409b526b,2028-01-02
ff4bef1e-ba60-4eaa-9b6e-7019c7d15d0a,2023-12-05
2fb06acf-5f67-45b5-bcef-564968312bc6,2023-01-30
c69bc37d-658d-4d68-9965-48bd45b93887,2024-10-12
d2b0e507-89e7-4c0b-9656-d0e671249d57,2023-11-09
0eb1f441-f6f4-46c7-bf71-f0f2660163ba,2028-08-30
b3693ccc-6d93-44cf-84e0-8451fb3f7547,2028-02-15
356e6470-7953-4ebd-a6f2-524dcd7de707,2025-09-18
4b90c2c5-4072-4f13-91b0-e2a4d2500a1c,2022-09-19
93af6bb8-6132-4484-9eba-ecbe8ab95b3d,2024-11-03
fd7400f6-cf9a-4ba5-bdb4-ba9485056686,2025-02-28
37dd36dc-aad3-4a1b-8a83-36f2060a4898,2024-06-19
2a0f0fd4-6504-49b0-bb30-93788bb65cf9,2026-01-28
a626eb1e-2908-4bf7-a4bd-ee406a2006d9,2025-12-30
1dfb9bac-e799-4f58-bc35-33f1af466c4f,2027-03-26
6154bacc-790f-4fbf-81e8-6ff3ea9675a9,2027-11-16
f8e09c0d-a4a1-4b87-9d69-cd8ada32df11,2023-04-06
fc4f5ea5-3516-424d-9310-e3c5f6379282,2028-10-08
29e5a990-8f86-4b23-b744-80e8fa9a922b,2029-03-27
501dba97-1dd5-486f-9e9c-8de76206b475,2023-12-23
e97666a7-ba27-4e97-a085-8cb7eca390de,2029-03-10
898cdeab-c579-4c9e-83d7-ec5c332f063a,2029-02-22
b008e850-0e56-4e9d-92f5-a96bd0cc1ab0,2027-12-20
9cdbee2c-bbcd-468e-beab-40c278e388b7,2023-03-12
a8d4c622-3ea5-40d9-bc53-bd1016810854,2029-08-07
062c0ce7-62d6-4609-b064-c64fdbdb798a,2023-12-24
86d38654-76a4-4569-90b5-9d04a433d7c0,2024-04-08
1d05f4c5-6807-4be4-b8d9-4d4e65a6d347,2029-10-26
4c6e4e1f-2603-4b62-bc68-481cc60d8a9d,2029-09-17
012da755-6aa2-4c2f-bbc2-e26dc9beb22f,2022-07-28
768947b9-018f-4956-93ac-41b2b1c450b3,2024-10-01
2a9ca888-33bb-46ff-82c4-92b3b416e8c9,2029-04-22
859c6ffd-b8c1-4e2b-9973-12e4b1124393,2025-08-13
a39c5df7-b800-4ee0-b029-33c4d125b6a9,2027-12-11
f05db6d5-3c4e-4df6-be7e-d5338a559de5,2028-10-07
13f8efdb-05e9-40dc-8fe0-12f7d7bfd3e3,2028-07-22
bdccb0ba-4329-4d99-9cbf-e6beedeb72e4,2024-03-09
4ee0edcc-958e-4185-b0a8-549b1a12a2f5,2024-11-16
2648c546-ca41-41a7-8509-f5a5c2ab5c73,2023-01-15
eda50e62-f649-44fa-bea9-ad2abbcfea92,2022-12-03
c5f22607-50d1-45a2-ab5e-7789a9b9f218,2024-06-24
2ddf067d-2a4b-478f-9c71-ca1b6242d11e,2026-11-21
62f3e588-1925-4fbb-9557-7da293f23fbf,2027-09-25
d469ac1c-f1b4-423c-ba70-c33a6a82ad8a,2026-07-09
8acab49f-ebe9-42f1-81fa-95bc60bb17cc,2025-02-04
a99aeb8c-2b33-4a21-8724-05f31f255ef7,2025-12-11
e16f6557-690d-43c9-b168-e60b547c60fb,2028-04-08
09bfd8fa-b6eb-4ac2-a23b-a88977a22a8a,2023-11-16
8cbf2c56-5920-46b5-a5fd-f44a8452a44e,2027-07-15
4bfe8a38-10b7-43fb-8b8d-f3d8a8acacf3,2025-02-05
2bae0937-327f-4632-a43f-aafa644dfaf8,2022-05-16
00ed47a5-cfbb-4a4a-a66a-6ca7a26f7940,2028-07-04
6d4746b7-64c9-4553-bf49-927a17cf3fd5,2028-04-01
fc3277e0-edc8-45eb-832f-66af04ee1e34,2022-10-23
b50a9115-d767-4eca-9194-472137a87452,2028-06-26
05b5f6d8-3f00-40f6-8585-a6333cb0bf09,2023-02-14
f6d4c00f-2add-4b4a-8f74-2d5e50256473,2023-02-02
aa5be469-c0b9-454d-b999-c669b2cd637c,2029-11-29
0efc67e5-349c-4229-92c4-54fc013e191b,2027-08-06
eb81d086-d2b9-454f-8784-320579a845a3,2028-03-20
6fd87ef3-f76b-48b1-9fd3-ba174c6cd5d1,2022-12-02
0050dfab-5698-4a7c-89e8-d80267d3f3f9,2025-07-24
5e16a9a2-3d09-40cb-833a-6192b3177ef8,2024-03-06
0ec1ffec-0dfe-400d-9f15-04f78d6a7b62,2024-08-20
b4b854a7-fe62-4c96-853a-ed60f8f5cfa8,2026-02-01
200d3a99-4ad4-4fe6-bbed-39e4005378b8,2023-01-01
ada9ecaf-b72a-414c-aae1-5d25acc0d030,2024-07-25
0c01984b-596e-4e45-94a8-85bc8fe6931d,2027-06-26
af80019c-9c76-4059-9113-55030b2e0323,2022-09-11
5e0956dc-c67d-4273-b16a-a3737651043b,2026-12-18
8c2c779a-e6b8-4880-8fa8-23a59875e8b2,2024-03-03
23a1860a-af76-4523-96f6-374ebf07c3ff,2022-06-26
43d55fef-210c-4b05-8a95-d5efc97e2961,2025-05-18
bf11e6e1-01de-465d-9cbe-0513154960ca,2022-12-17
68114597-b332-4aa1-9d5a-38ca01043dc8,2029-08-16
2744d10e-fa0d-4221-981e-cc2e535cb28a,2029-01-16
3e9ca4de-fe75-4aac-9c14-25b3db2f076d,2026-08-08
d6c2f8e1-9ed4-45b6-84e0-5f00fea8e683,2023-06-24
e2001e48-fdfb-4f51-bd22-9b6b41f1cb7c,2028-12-14
c1d777fe-a55c-465b-8ad0-c2a1399cd4a4,2022-10-25
22a9dbaf-0c02-486d-a4be-f0d5c4a5a3f2,2025-01-27
55c4e738-ded7-4773-a9f9-bcda35e53c3d,2027-05-24
d4b7e945-6d25-4f61-9b43-abb912847681,2026-04-03
1870627b-01ff-455e-920e-fec1f94b1b31,2029-09-15
7027264d-807d-4c94-946e-115fa4e8f4d8,2027-11-01
85625d26-4dcc-4cfe-9062-89b463a38233,2029-06-23
5f9e6de1-6c6a-4a33-895e-37aae8fee02e,2027-12-04
9c7cf172-08f1-475e-a7b4-61e1da5bf10f,2026-01-04
aef0fca0-1f98-4029-99fb-db8239a4ccb4,2029-05-16
b14330c4-35cd-4a94-bcc2-ba6ab8ef286c,2024-11-06
7bc1ee65-51d0-4f42-8377-6fd1bc8830ae,2028-02-19
bee8d786-ef90-4ddd-8c57-1ad228387e70,2029-01-31
2b9a21d4-33c1-4ebc-ab98-3430ea4c1fbb,2029-06-23
b9d41969-a634-4c34-afce-4f3f0f6d467a,2025-12-08
ac286797-b104-42e8-aa12-19e175138d33,2027-09-21
55f438ea-ed22-415b-a9a0-1490afe8c6a4,2029-06-19
31bfe2f4-7650-4b42-b549-4449223dfbb0,2022-06-30
38900cdf-2ab2-4906-9eb8-655f8703e8f8,2028-12-13
10676809-9569-4e35-81d2-876cd8ca545c,2027-06-15
5af94a2e-03d2-4b83-9fdc-7aec0ef5dd07,2028-05-15
c1043718-49c2-4bfc-b9a8-a2020dff5c9f,2023-09-09
5975b170-113f-4c94-b1f7-05602d62c25d,2027-12-11
f4241c20-b996-4fc8-a612-487c8c9de0ad,2024-10-23
85a91c42-6c01-46c1-a05e-9aede26ed7d5,2025-12-21
45196e12-c6b1-4394-ad81-9b5327f8c3aa,2023-08-01
bdc8c263-7127-477b-b32a-be8a1372b747,2028-04-07
da80fcaf-04af-4133-9cb3-5216e651db10,2027-11-14
d17e235e-83b5-4da3-bbbf-89ba47c84170,2029-07-07
9927ba4d-3b71-41c7-b003-c2a99fc16c9c,2025-09-11
91dc08da-cac1-4162-8436-27d2f1917522,2025-02-18
ec324ce8-b9d1-45c8-8678-10a17c7f7873,2022-09-27
00687b58-245b-4fa5-b388-f14ff9a91a7f,2023-08-29
f4096b7c-8a01-4ef7-aae8-6ef3de812e39,2026-09-12
645fcc7e-cd5a-4404-a9b4-68afe81a57c4,2023-12-16
ffcab1a2-4b5b-46c8-a763-b40346dbd47d,2024-01-13
f7563a5a-1bd2-44a3-81ee-f384f38134a5,2026-07-31
9f942510-3dc8-45b3-a682-83e6bee324f3,2025-03-19
bde7b379-831b-4caa-9ca8-bf8429c7c698,2028-06-18
f6213f79-6f2d-4578-8a1d-40649c17dcad,2024-10-18
a53fad38-5aac-4e6d-bd57-cd28b6ca3ecd,2026-07-01
8ad50e09-c796-4f20-a26f-2ea80ad291ef,2025-09-23
556bac82-9e73-4a30-bb92-0d729727f6ab,2024-09-24
9a44128c-4082-4cef-87ee-0e313cbf110b,2024-06-15
16310734-51c0-4696-b06f-7c53eea5bb14,2025-03-25
31dd98cd-89cd-4ddb-b8f9-0e395553b1a1,2023-06-04
f96c28db-879d-4016-9534-46f647794117,2029-12-15
2ca7fbec-290d-4e51-b664-77c678f7b382,2027-03-16
94010caf-9d7c-4b6d-8d8e-008efab0e3e4,2026-05-03
962119c7-c431-4377-ad1c-760c40cb812a,2029-12-02
06299ac3-4e60-4e6f-a571-5c7ec95ff069,2022-12-04
cc172c30-bc24-4ce7-ba7a-78c890902d49,2029-08-29
63466b6d-7db8-4696-a2db-449f89c14c7b,2027-09-30
1054bbb0-4826-4359-b18b-3d77d75a6d8d,2029-09-06
4c8b7be6-650c-4289-8751-d9109e6e2078,2023-01-24
778bc975-f17c-4600-8803-3594afcb78a3,2023-05-08
864f3c0e-68e5-43ea-9d3b-204a377e45a9,2023-02-26
49488ffe-00c9-4c02-b7e7-9ffc71b45e60,2024-09-25
3bf1b4a1-447e-4dd9-81f2-78f7552e17bc,2029-03-30
8e30d6cd-a3a7-419e-ab8a-1b7615980da4,2022-08-11
5bff37bc-2834-4ebf-8ef7-9133736d26a8,2029-08-14
2d47e090-39a4-402c-aa26-0e316a98d875,2024-01-27
0597d7e5-fe7d-4179-9236-756b1d0c23d0,2029-10-01
998f4a45-0e72-47ab-9fba-05509855010f,2026-12-03
151d7881-bfeb-47b2-b6ef-ba50b52d285d,2023-05-06
209333c8-f55a-4e68-8720-6fe4d84c52b8,2023-04-04
854a5bf5-ba1b-4e04-aff0-bc788a156f31,2022-11-27
2411af13-c612-49e5-90f2-43d0c725b9e7,2027-11-04
43a74429-283c-45bb-91e7-dc4e19a828b4,2027-05-14
5aebd7f9-4b81-4662-af5c-c887fb6f8dea,2026-05-17
268f4d06-ab45-4f9e-8ac1-4dc3f810e22d,2024-08-13
6083d1fc-554d-4158-8432-65ed724ca859,2022-09-26
e143200b-582b-44e7-abbf-731283338fa2,2029-03-03
51e7b899-e9cb-4f8b-8957-0ae2e8d7ef42,2024-03-23
840ed6d1-6b2e-44ef-98fb-c4c2f72f1f77,2027-12-17
b6fda389-b802-46e1-a9bc-1a61e516491d,2022-09-29
96544526-f8a2-4ef6-87b8-3028c2eec6f0,2023-08-30
37b8bcaa-0d81-486a-9044-32c76ae2f0c1,2028-05-22
d1961467-7a2c-4d9c-9526-8046b5cf2718,2025-04-12
90fa2d84-e5b5-460d-b05b-98efd259a9d8,2027-07-27
a5e671c2-cd14-4d10-8804-139e3ce11682,2024-02-19
751be4ec-a44e-4a9c-bb67-9ef6e210b28c,2028-09-17
bbf03f5c-6e6b-4624-b147-a512bf0cd51a,2027-05-19
de7fd59c-4179-45e9-8a6b-3f0317893478,2023-02-23
75357921-b182-4c51-bc26-43a2cd6abda6,2023-10-04
080966ec-666a-44be-a96a-e1c589d2bac6,2027-01-23
0970cb75-d9cd-4bf4-aab7-0f8f7405721b,2024-07-01
27aa8959-5092-40bc-bb1e-5a67d8d54fb6,2027-04-16
fb7dbf7d-698e-4709-a8e8-1677a45c4ecb,2027-03-14
80d267e0-d41e-439a-85e0-e547cc6ad066,2027-06-17
d4654ace-d78d-4ea3-84a2-9242318db06d,2024-05-14
fc3dcc95-13c5-4307-909c-ca639806abb0,2024-09-20
cd6a85ab-ac76-4530-b31a-58d6361320e2,2025-07-25
bd9cb61b-2d46-44a5-b4e9-e748a856c8fc,2022-12-02
215fa216-24f2-4df2-a684-48b41d59988c,2025-08-27
2986e9c7-df18-4fe0-95e9-209733795289,2025-10-21
52678ba3-7da9-49a0-9fa7-b6146f69f4b3,2029-12-29
5f9546dc-94be-4b71-8b40-cd5678023f88,2029-04-23
c8105db5-98c0-4070-a1cf-d9b1f17a866e,2023-11-06
a5491cdc-4261-41e1-84f6-3b994adf2d76,2025-06-19
3cabca82-058d-42e1-afeb-1060fd11e705,2027-10-30
89ce4968-4626-4e2b-9681-fd14b2c17dd1,2025-09-26
487ba742-336e-463c-a11a-92417ea61ece,2025-03-29
e37fc7f1-4296-4b10-acf9-8ffbdcd939fa,2024-05-11
11b19f0a-1d66-4ead-b6e1-8ae729ccf210,2026-02-17
181dabe7-91f3-475d-ab66-55493ec683f5,2024-04-01
d92d7d6e-a5fb-47cc-b51a-197587b1efc7,2026-11-22
324a0a63-f3c3-466d-ab3d-f7deb941423d,2027-07-11
dd1d3898-954d-47ae-9de6-847847bac9f9,2025-04-14
88b66950-1184-423d-b651-382b39402890,2026-11-21
70c8c723-58fe-4b93-8582-c6bbf7752534,2029-12-11
2554173e-afa6-4a1a-8d3f-3900ab43aba9,2024-02-24
f669c9fd-05e3-4249-a36e-f63e18a788e6,2029-01-09
bb38bba7-ffc1-4ef6-b039-91519d9edd56,2026-07-04
f37de820-2172-485a-aeff-fb2790816a6d,2027-05-13
0c5c0760-30fe-43f6-ba30-b62cc5d668f7,2028-10-31
b76bac0b-16e2-4ce4-9b81-3bbb0c0c9299,2022-10-19
bdc48cea-831b-4a72-beaf-6dab934bc478,2028-11-21
f41fa44f-173a-4add-a7fd-f5ab4b8ebc95,2025-09-12
c13ac706-d37a-4296-89f1-361d60c6dc8a,2029-10-09
cbfe0d0f-473b-49be-b307-d12cdc313be5,2025-09-28
a1aa6cae-d0bb-4622-8b55-73efd00abb8d,2028-01-07
57bd8b75-7b12-477b-9d8e-f2f1fd2e754e,2024-08-29
3dab55e7-dd61-48dd-8083-6bdbd7a83161,2027-09-08
b09ae0c6-1e2e-4314-9344-6841ae15d9d9,2026-05-16
6e7d8efd-23e8-4408-ae40-9830d7a2fe0e,2029-07-08
d57532fb-e65c-4363-b2e7-9a1f941ce600,2027-06-12
765375e7-8903-47c0-baf5-109856814fba,2023-05-22
06a823a4-66c0-4da1-ac0c-350fdd0c8739,2027-09-20
32fa0d85-3fa7-4743-8643-64d4f656ea9a,2028-03-01
1ea81b3e-bdae-42b6-83eb-79a0b6bc02f9,2023-07-02
bd18bf49-9201-407c-9c6d-7edc47f0cd3d,2024-01-29
6ab2daa3-39e3-458b-877d-47e94d21a185,2024-09-10
4cd59918-c50c-4644-b83c-6cb2bdb7c965,2026-12-24
275714e0-6042-4c74-bd15-2328819de35a,2024-07-03
2da60530-b65f-44bc-92db-e758b0aab44d,2023-11-10
e36edba8-9d04-4d3f-ab61-3dfc5e5b8fdb,2023-10-27
7918dc9c-2119-4b38-a9bf-8c0e577ad86e,2026-07-06
b1f9fc99-3589-4d56-b419-61085856a1af,2023-04-08
a745288f-af16-46ef-92f5-02990187ff57,2023-12-14
69233f50-56b8-4423-b592-3895172176f0,2023-02-12
23d0a586-4237-4369-a204-94379815fe86,2029-07-07
e76a87ad-4e28-4b3d-a4a4-836d2fb3e577,2028-02-22
476c383f-7141-4396-ba4e-f8405333c171,2024-04-17
01cc3ede-cae3-4a07-9364-35796ad61a85,2025-05-07
da535f99-6aab-40a2-89b9-ea857453068a,2024-06-24
af443fd8-d464-4093-a198-0536efbb3a81,2023-12-15
e1591b4e-a7ff-4b45-a467-9e38451544e5,2029-10-27
5a2db0c7-cad7-4a7e-acd2-bb06798c0cbf,2026-09-24
10882b38-5f7c-47e2-80d0-0603b4a6c172,2025-01-15
fe2849d5-e190-4c4b-8335-1fc2b0c2acff,2022-05-14
f4d8eb66-a3c6-4c59-bcf6-343940f07ecd,2022-12-19
065046cf-f7df-4afe-b1b1-9c02ca63d92b,2022-11-29
3c12b247-66fc-4732-8251-e0c00d0820cb,2028-02-15
3b1a17e9-2a80-4269-9217-ed783f91effa,2022-09-29
78682629-4636-4c7d-b063-7589b3fa01fc,2028-07-26
866d11c9-18d2-44c4-b5f1-218e64dfa679,2028-05-27
68fda7ed-f27f-49fe-8c56-7720d72be966,2025-08-18
9301eb42-fcd3-4daa-9e97-27a2016dc62c,2023-07-02
9a57f997-218e-43d0-984c-e815130da233,2023-09-27
1a04afd5-c1c2-4d90-9cf1-5547ca68e7a5,2028-06-05
df20f23c-c7b5-4a56-bd56-903a2011859e,2025-01-04
111b5dd5-7900-4bf9-8df1-70ed89409747,2029-03-18
55c3b546-a23d-4bd1-a254-abcc973b6028,2023-02-15
c20c6d54-cabc-4412-a46d-0672919590f6,2029-12-25
06dc36b9-f3ff-4377-8fbe-8f96451044c5,2024-07-14
7b40e51b-ded7-480b-bbc7-7e220dc19630,2024-07-29
72442f05-d3f1-4e24-961d-eba42cb49fdc,2029-08-21
4684f5ff-6027-463d-802b-e18ab88fe8e6,2028-11-27
cd3ae292-5b09-4ee4-8293-644d71d2924c,2024-10-31
b43018ba-4209-4406-a4dc-8d9cb11820e0,2027-02-14
3b689801-3a4e-4343-9cae-f3991ae954f5,2029-08-07
e304540e-7025-47a0-b589-1d27ca035a2a,2023-05-22
51060f8b-f0f4-433d-8b93-37fdf05f2580,2026-02-01
a2d881b5-0010-48a9-9f83-74b1fd084a50,2023-01-15
2356a029-5953-4387-a31d-bfbcfd2a1df5,2023-04-20
8dbd4ba8-ff00-453c-bcf0-b7a9abffe37e,2023-10-08
d518b38d-ae6e-440d-8b00-88c946a16a92,2025-03-05
e227148a-6664-4400-b244-c6f21838c88b,2028-05-16
c166c606-4c2d-401f-8f73-b7dd27736098,2028-08-20
06e11d18-7245-497d-889c-32b94b9a0bc6,2025-08-12
1b8500bc-ed45-4669-9538-eb83191aa024,2023-07-28
5fd92a06-25b4-4760-a2a0-cbee3dfd541a,2026-12-14
a7bca387-59d6-4e52-87e5-551736b03785,2028-03-26
2aaf0e0d-cbdd-423e-a109-3eed9763bbb7,2025-09-19
94d22e9b-ea8b-41e3-9c72-65b67b64438c,2023-02-25
01fb86e8-e52f-41fa-9b95-ca0b176c203e,2023-11-04
f2c0f1f5-6c3b-4fcc-99a9-121e8f391555,2029-01-03
4fa6fe80-ecc4-441c-a832-a6c29d884e1d,2024-07-01
969a08e0-0234-432f-b212-ad51aae2b897,2029-09-01
435f9bdf-0274-4a98-8ba6-3e3db742a42e,2028-01-20
5d6ab078-4748-45f7-b59e-6db3f27af600,2026-02-11
a3777ee8-2e69-4ad8-9ac1-cd003126d78d,2025-06-04
4819b280-ce85-4e0e-8f9f-1e214e90f39d,2026-05-09
11d65cfa-9cef-410a-bfa7-76906eeae4df,2025-04-10
111171cc-b3d7-4d14-a25a-3f12448511cd,2027-03-21
56401934-edfe-4440-9ffc-8b7fad5901f4,2023-04-11
ae2bcfc4-8f9b-4162-9173-88ce3c48bfc4,2028-10-21
63bacd42-5413-4af0-b2eb-f8c03b281498,2028-12-04
cf23716b-8a59-4787-a5b2-e6f08eace0ba,2025-04-19
b9a7e925-bf89-45d0-89aa-8736811be599,2029-06-20
228eb450-f3b5-4043-8cfe-a7b780ad15a1,2025-07-13
8e74b8e9-d0b2-4d7f-ac4f-1baaebb4d273,2026-09-22
e9d3caee-0625-4dc9-a8fb-f10c746ecbde,2029-06-11
3d8a0b46-1de1-42a2-9472-bc2b6c3a5082,2025-10-24
d9d84144-89b7-447a-92ac-7c1fadbc8053,2022-06-16
24529e9c-822a-4142-a9a6-8fa4b36167b9,2023-06-20
282a8460-6d7a-45a5-a900-78f4c5656074,2026-12-29
bfc0b85c-a270-4336-8cbf-8613db524ca1,2025-12-12
0eb09400-74d3-4b2a-90da-ce5b26d31aec,2023-08-11
02ac522a-e91c-4974-b1e5-a3d57155dc76,2025-08-11
bf55fca6-bff0-4f3d-b594-1dc28a24d195,2026-05-26
c3960952-9d5c-4077-acc6-ff1a7c8fd04b,2027-02-05
fa2d82a0-9567-4d7a-bf16-798ccbf1c29b,2027-03-04
bbe0945b-1aee-4569-9f02-e58497548c71,2025-11-18
be626744-710f-49df-abe1-6d3078d8d834,2025-01-01
2e99f997-08f8-4646-9e71-ea7d96af5a07,2029-07-05
f8ae4c22-896b-49e3-9526-c3875c692aaf,2027-07-08
26749a4c-3890-4069-b7d8-840d365e2beb,2025-10-07
8a7ed3ab-2353-4317-8bb7-2fbdcc4d94d5,2022-09-26
a8963f64-aac1-4706-ae09-100e5cb2d0ef,2022-09-06
a1ab4b29-cc88-4993-b5dc-9c4a43e2398f,2028-07-25
2c5098c4-3091-4152-8c81-ca37451f0bc6,2022-11-22
33e06364-41e4-4cf9-80a7-14acd7adf476,2023-11-07
f98f3ec3-6a34-4cb5-a6b1-7d15d583a5c2,2023-10-21
0ff9bb32-c887-43f1-8b98-81ca714e2bc0,2026-04-16
c19d928e-a9a5-4275-ba74-064b0609d344,2026-12-12
ee02c8d5-cf39-4e99-b6b8-1c402b8b7bcc,2023-04-14
01acf842-0cca-4285-8f8b-3b86dff74332,2024-09-16
b019c173-e2f2-41d8-9a0b-2d3be5e784a7,2025-03-30
a6e1323b-02cc-4e2f-8d8e-955b1ef8b583,2024-07-05
0c8ba6e0-7a47-46bc-9fbb-13fe95191057,2029-07-25
3130b065-c612-4677-af22-3850ee358064,2026-11-04
2a45eea6-c2c1-4798-8de1-69e7c52b821a,2027-11-08
82d6e82f-ae10-4d1d-be77-f95406dd2afd,2027-08-12
d5be6eaf-2661-4dd3-83cf-b70de3a31f54,2027-05-20
b6d116e4-6ca5-415a-81aa-d26d905abb75,2028-03-04
875394b7-1bf8-4dfb-9ee1-c2e2b6f797df,2024-10-26
ef9bdf9c-d7cc-44ae-b266-ce6da6c344cd,2026-08-18
1c482e91-b82e-48fb-a881-8cc0abf0a30f,2024-07-09
739324cc-941c-4a26-ba8c-5fd08104b6a7,2023-03-18
8a504da6-d549-47bb-81b1-69ec858002c7,2025-11-17
9c7ab758-c593-4e35-8424-3d6aaa2a6acb,2027-05-26
2d5f5037-3ffd-485f-af67-b3622c110abb,2028-10-04
3d858aec-4a66-49a6-a686-d910b7d40a81,2026-02-03
515060a9-b5b8-4f32-9292-679ce822cb08,2028-04-10
e064cb22-38ac-4d61-b515-b616442d10dc,2024-01-29
622369de-cd94-4a56-b70d-7ce0f6109dd8,2029-08-10
c0992486-efea-4bda-b724-c7c8cf305b2a,2023-02-07
92d79d27-4f3f-458b-9512-9142c387b75a,2023-11-19
bab1b4b6-7a1e-4123-b68b-583293b28c2c,2025-09-04
5a121a43-9204-4632-8bb0-c67c9a036086,2026-05-14
067cd6f0-17dc-469b-a790-a6ed33db4910,2024-02-02
17aa6e7f-1996-4ea0-87b9-a105f5fb4407,2026-03-06
45aa84ca-133f-45c5-b5c1-c1fb13312073,2024-12-26
57fe526d-6438-4034-9983-82299284ed57,2023-12-23
fc7fc54d-0d01-4e2c-8890-a5739579dd98,2023-06-13
69070860-0aee-4797-955f-0b76fd644e9c,2025-06-02
ac408193-983e-4262-9b53-29377dddeb05,2025-11-24
66d6e931-8d07-43dd-857d-1dc1f386104f,2025-07-20
4e7b4a76-3152-4144-8bdd-a65d5d57eeca,2025-12-24
52acbeaf-6d09-4fce-8097-0535e7aa82f6,2029-08-10
13a1e35c-904b-464f-96b3-9947b87d99c2,2025-11-13
ddf303be-e7e2-4994-98c9-c68b7c404b23,2026-06-28
5db14625-50ad-421d-8a5e-0cc9c559963c,2023-04-09
4c81e407-3996-4485-9008-84687b707807,2024-11-04
072d9602-9ef2-4cee-b26e-0fb9bdc016fa,2029-09-16
84c9b334-ba39-48d7-a509-af867a435746,2029-11-23
c2691456-3dce-4990-ae22-7d3876e77215,2026-10-18
65e559d3-c001-4df3-a814-6de1cdc0d27d,2029-12-11
686c1079-a0c0-4010-a35a-4f0604022bf3,2026-11-20
af257050-3edb-4c7a-9c8a-951a89e9cd45,2028-07-26
819235bc-dcc0-4290-a7d4-38b7b8424ac1,2024-02-16
1b4d4642-2a99-43d5-b496-bff8a865be48,2026-06-27
6e8e92a2-2dd7-4dc9-8978-4b686175a162,2023-01-04
12c7922f-49d5-4dec-a1dd-3f9dbf51165d,2026-05-17
4ce50e80-4fd3-4353-a821-408fcc072a3d,2024-08-09
2b1f3bae-84cf-4155-8719-69263c78ba7a,2028-02-02
8dba5cfc-31dd-4f56-b111-75e2b901ab83,2029-11-30
ee4474d7-cbff-4100-9f1c-465c0eb91068,2029-10-13
f997b12c-d9cc-4ba9-ac12-d8a9368cdd98,2023-01-15
39f25971-39d0-451e-a7db-ef46482aaabb,2025-06-01
d4532273-1c8f-4a82-96e1-404b4a6f7f2a,2028-04-03
e4769aac-6067-4cb4-9757-338c0a36f388,2029-08-12
27a477b9-3277-4f3f-9e0d-bb17f6d8dbbe,2023-02-08
e8911265-17c0-467c-8642-7effe2bd0420,2022-12-28
8d85d7cf-f57f-4f3a-99bb-aa93838b86c6,2025-05-19
4840dcca-8c42-4196-814c-ceb36bae4161,2023-03-24
cb906134-cb5c-4143-961b-50c310552c75,2028-02-17
712bd173-2558-4767-88ea-b644757c55f2,2027-12-29
b10e652a-22d6-4583-bb88-760d7f900db9,2029-02-04
a9b3160b-2d60-4f07-82cc-102c287d9879,2025-09-15
981573ee-e315-4f06-ae35-651d08bcdb6c,2024-08-30
f01ad93e-2f1a-4f69-a704-71ede605465e,2023-08-20
44659e80-21b1-426b-9bd9-425c0ec4f64b,2023-01-18
3f61399b-fa20-4e54-82ac-c58bbc2236bc,2027-08-12
1f2de65d-8b78-44ca-b39f-1e2bbd43b73b,2024-12-27
479d0f79-54f4-4844-afa3-dd05fe6bba10,2028-01-02
f5681562-beb6-4cab-a469-6fb5bd67f380,2026-10-13
7febd000-83be-417e-b189-705950f322b9,2028-10-04
7215b200-3414-4773-9409-4528e041c3bd,2022-05-31
8b6aaedf-3a5d-4655-9aa4-4ed6ae90365d,2023-09-20
cbed6fd2-d8c5-4438-896d-839f41567e14,2029-08-15
8487699e-942f-466a-91f7-28213ebb98db,2023-04-27
aedd5888-c359-4ead-8227-c7b3c2bd2989,2025-01-20
43635f9f-f59e-4517-ba3f-19f646180e89,2024-02-03
210a4d52-14ce-46ed-b3b5-0be37e9e9ce7,2026-09-15
c34992f6-7030-4946-b8ca-6df100847daf,2025-01-29
96166e57-625f-46c0-a298-c83d24e8c3d6,2022-05-23
90baf9c6-6fb9-46d1-b086-5776ed4da93e,2022-06-26
35ef838d-25dc-4592-a085-794f855812e6,2028-06-27
a7146f64-96fe-4b56-badd-428ea51c05da,2028-01-19
936ee3a8-3294-4b3c-b450-4e060be07edd,2028-10-23
3702a0d8-2698-4294-a57e-61dd1060123b,2024-04-18
44ba2af1-2302-4dfc-934d-e44c5fe3a733,2029-04-19
6aa246c3-a0e2-4086-bf5a-20b2ebd4c1a5,2026-10-10
20f40b98-e525-4393-8a09-6bf37a528292,2024-12-21
90b4d06f-edc9-4969-bc50-ff074e168c9e,2028-11-18
27e419e1-8e64-47f8-9aeb-e6c81004ae02,2025-03-08
c1b0930d-b1d1-4edc-a9b5-f828d8cd4f98,2027-07-07
3bc30e36-887d-42d3-ad23-e968c475a557,2025-03-27
3bdae095-0a95-4c2d-9bd7-818eaee22025,2026-01-27
d78862d9-705e-4f20-b558-fb4e02dc9357,2024-11-26
76390a86-1bb8-417c-9d46-087873154d0f,2027-02-12
5ed27ad8-3379-47bc-a2f6-336dd5e463c7,2024-08-31
5ed0d6d4-5dd5-4539-ba2c-a62b3aa0096f,2024-09-18
86462b14-bae8-4efc-922a-5e5c66effb1d,2029-06-24
5dd9c1c5-ae7b-4327-ad3f-d193ac02d8d3,2027-10-05
932dd577-a45b-4f8e-b519-937d9486e51d,2023-06-07
55064938-59b6-4a38-a1e4-e221599dee88,2026-09-30
b0f12cd6-96d0-44f2-a71f-4563cb97fda9,2025-11-30
b8e58f75-fe44-4e95-947d-fc624dbfb6bf,2022-11-04
f9935d38-8241-437b-a178-779178462491,2024-03-25
dd3394dc-7ba9-444e-bd4c-f61366293e7c,2029-10-29
fd0700e0-8f88-4a2b-957a-023cbf2ca126,2028-02-16
404d2f38-75bc-4554-ad4e-669d22a348ce,2024-06-28
111fbdf5-114e-40c0-8688-2112acce7a82,2023-07-21
8f214db0-632d-489d-8789-4fb7bf9cc719,2029-05-18
8b0b9927-1aba-4fd7-8d46-4cb5f039344c,2024-06-28
cffc06f2-42df-4b07-aee9-9d5ae0886a72,2027-02-09
93302624-3877-41ad-af6f-cef78364affc,2026-11-20
97071245-65be-4ae3-849d-4f3eeefb138f,2029-06-12
fabc68bc-2eda-4d4b-80b7-a9822d2eee4b,2025-05-10
f472211b-b6ef-4327-97bb-3e18705987da,2026-08-19
6d39ebcf-8927-466d-9555-a43cdae464e3,2025-06-19
b0460fd3-b476-4515-bfc8-88f000a576e9,2029-03-07
ef884447-66fa-4ced-ba6d-b183a41a93f5,2024-07-01
ebcc4a80-d023-4854-9fad-1fc0221e7658,2027-10-12
1a82db2f-7865-4a41-8f2f-f966338e0ee7,2025-09-07
a452825c-d2db-4350-87a7-41f61dd13ae5,2029-03-06
f3bed92e-2e0f-4e2d-83a4-b01ff5a35054,2028-01-01
10769e69-035d-4050-8f90-8e27e53b7f5a,2022-06-13
6eb223ba-ec58-4a39-9b8c-f41ac38886ca,2029-02-13
5ae4c08c-70e3-4f0c-a45b-e0372bc67629,2022-06-12
2a6d6920-bf8a-4bff-ae42-7d0eeb319e54,2023-11-20
f3448df4-a4f9-4f3d-a48c-b18fb5bbfc51,2029-05-16
e8a41818-63d2-4ad6-8d46-9308936f7a14,2023-11-15
2d3117b9-67fe-4520-a798-eed3f267b927,2027-01-24
24ca0ed3-2988-44d0-a31c-233b3c45a803,2023-03-24
39c18788-6f26-4a8f-8e55-8017ff384c34,2023-02-22
dcdaf0f9-6795-42bc-9e50-91ad02f12c9c,2026-03-29
9de67ca1-a75c-4bfb-ac36-9ece7d43a732,2025-06-03
ba1bf354-f8cf-4d5f-ba10-fcb88dad1b5a,2024-04-20
bea44089-eae6-4ef5-a5c9-ee26cc7d10bc,2024-05-30
a1c82f89-6481-4730-b733-8fb81e7af4db,2026-07-06
d19f8d0c-a23f-4abd-8d55-71bf83159ec0,2029-03-26
7d042fa3-ed8f-4990-91f4-71c6ca26bde2,2029-10-20
b109a7be-0308-4429-b8e3-9e33db60b03f,2025-12-24
62880858-08fe-49bd-956c-6e38ea05ea69,2028-12-08
a7d26315-3e0f-45c8-8326-a0cc5388a6a0,2025-01-11
4cc16905-a884-4d23-925d-f4843d2f0e23,2028-10-07
7f21eec1-7be0-4a6c-a4b5-924bb42f055e,2028-09-18
08ec52e4-0c6b-43e2-bb66-769493fc281e,2026-10-19
6bb48ece-959f-488d-bc36-844ed77562d8,2028-10-05
479bbdcc-4b1e-4e61-babe-49f47e684ab9,2022-06-02
b26cad15-421d-4ea3-bb3e-7f69588f6dff,2024-08-22
01dc3535-5a1c-48a1-adf2-472e4ef4e0f2,2028-08-28
5afb3205-658b-4ebc-98cd-1733a983a8d6,2027-09-24
c1052526-d54e-4aa8-9df1-b2c30b5e9d88,2029-02-11
30b6c856-f93b-4c9b-bee4-d0a7e356f7d8,2029-08-02
3fd0b1fd-7466-4728-b0c1-4e0933692845,2023-05-13
164a577e-66b3-4360-94bc-51dedaac41b8,2027-01-15
c5ffed93-928e-403e-a3e4-8612f3e2ca3e,2026-02-27
3c404e17-b9ca-441d-9d6f-d885d36f0f21,2028-06-11
2ed1f4f3-28d6-4fb7-8b98-abb8bd322f13,2024-06-02
9a08df74-89b6-4fdb-9724-59dc567b23e5,2023-12-27
702b0c1a-dd97-423b-b364-60936dc8d0e3,2026-07-15
4e1bd30a-3863-4033-af48-76da663d1ba5,2023-05-23
2eb1f123-c4f0-4b44-a31c-3f47e27f39f6,2022-06-08
18a74a36-4682-47bf-9599-bd3294b127e1,2029-09-21
29ca9fc6-0afa-479e-a63b-f09f9b619156,2023-01-29
b6c6a9d1-6ee9-4daa-b32d-593f2c1a25d6,2028-02-18
4ce4a053-4cde-48c1-a52c-2ab9a6b74322,2028-01-02
8cdff1f1-8f5d-4682-b8fb-6bce62a90d71,2026-12-03
d7928f0c-bbf1-42ed-8fb1-e1c7bb9bac0a,2027-07-29
3dc88ae6-c80e-4a40-a46e-3082753e0187,2025-09-10
367c07fc-a2d6-4e38-adf5-9e4bab5a43ae,2028-05-09
3fd0fb9d-5956-4a53-888f-0c9a636f7b7b,2023-01-26
4f469b48-7ff5-4960-9e78-20d0a49421bd,2022-05-15
f514d7e6-b7b6-4a93-b807-ee3410148462,2024-01-06
d550c6db-a2a8-4676-a0e0-f2175e2563c0,2029-04-10
3389ab10-ef98-4e1a-a093-2a78f67e0e0a,2029-05-01
fe01cac4-805e-4052-81b1-d4b89221fbfd,2025-12-07
2e7d2c85-1399-4bb1-8a52-817928fa50d1,2029-10-13
2fa5f53a-2d84-4998-961f-07b0140e16e7,2026-07-08
9904dcef-2a9d-413b-8d7e-47348c708d65,2029-06-18
f995112a-747c-40a4-90ff-fead6eb17485,2028-08-01
dc21f018-290f-42dc-8c01-945e049401f7,2029-11-27
c9e1eff0-75c6-4f96-911a-f36cb4bdb6f2,2023-12-25
7e269a3f-ac23-4575-ad95-b979594e551c,2022-06-13
407a7d3d-7904-4443-bee4-1fd1981c8be3,2029-05-28
7b6c1c47-a3cc-445d-8c7e-f088cad5cad3,2022-10-19
6f97df5f-358f-42fe-94c2-e4cdf7685945,2026-03-25
ac369ba4-112a-476e-99fe-869e1830539c,2028-07-30
4226f595-48ad-42a1-8d0d-681b7d4f7483,2022-07-23
d9cbf6c0-3a1a-4964-9248-12b4dc7ae88e,2022-08-06
07524fed-f84e-4389-8ecc-ef7b5ab34585,2028-01-11
2157bfd0-f002-47b1-972f-6b0f6163daa5,2024-05-29
af1ebbe1-f66d-4d69-ba8d-6fc485724352,2024-08-21
c3d42ff9-7997-4a59-acd4-92d13d889902,2029-03-31
514a75a0-2889-417e-93c8-7031b0bf0f80,2023-08-17
4b5e8785-1f2c-44d7-bb39-9004145480be,2028-12-12
a08f7fc9-b715-4916-a889-0f4375868d73,2023-07-03
5c81b804-415f-4ed3-afdd-18131e6c4bea,2028-03-31
bd42bc14-ff21-4cbe-8c11-0f2ec25bfa57,2023-12-02
ff0eee3e-db8c-41ff-a8d2-cc3100701139,2026-01-11
ec8c4697-bc0b-4005-94b6-dadaafdb6196,2025-04-01
0cd5cf14-be1a-4a58-8c9b-04153ca118e3,2026-10-21
a45d08a1-e6a4-4ca3-8680-98c815fe62a5,2024-03-22
d005a014-5eff-4682-a5c2-c02671156e50,2024-05-26
7d961a0e-3fe1-4f5d-a89a-8c575a51b18f,2023-06-03
4f6290e2-9aae-44e4-bad3-20645433f733,2029-07-28
922f9fc5-2d09-44b0-b5a2-5c4302cede40,2024-01-01
e558aeb2-6776-490e-9bd6-c340436dd44f,2024-02-17
1519ecf9-f017-4f81-9cc9-73216bd0d54d,2022-12-09
dbd152b5-9112-4524-858a-a3b3914cacda,2029-08-15
f6c72abf-73e1-471e-9166-40c90377260b,2025-12-08
660982d3-48b7-46e2-9b9f-c76d05e88e1d,2026-09-29
a0794eba-1a65-4248-82b3-fd6fdf1b0e9e,2026-03-17
df80d900-84aa-48b9-a42e-89bba05de404,2022-06-29
e60f5567-7b43-49f6-a6f7-2a284474d9ae,2029-01-16
1bdbd6a7-e1bd-4852-a223-ef556a88f7fb,2025-08-20
446e1839-ac9e-4da2-9601-fa6a81bd3aa6,2022-11-20
64f7b012-932b-448f-8769-c375b879f008,2028-05-21
df3a56f1-dc9b-4ed5-8ef0-b8926668b746,2024-06-07
4314d834-af37-4956-b194-373adce812ca,2026-06-26
1eb33594-adc0-42f7-968d-78e6415a4329,2024-06-28
f2d32a73-f8f9-4c75-9380-282c6d87a4a8,2027-10-31
3ad540f1-3401-4585-9a1f-2dae5c456fe9,2023-04-17
7e5b9596-fccc-44fc-a2fe-76c3463e47bc,2027-01-16
464f4bc8-7da8-4ba6-bfcb-e24e4d0c7097,2029-10-04
d506a5f5-d789-464b-b692-e0642aa43297,2028-09-12
67d1c2af-30a1-4349-9320-d0fc90209f8d,2023-09-12
e0c412f5-d85e-4d37-96c8-809d237439a7,2026-12-08
d017a102-c7f2-4e90-9b77-78bd2b972f1c,2029-03-10
05a6afb6-e91c-4e34-a796-f46810c42af9,2028-08-29
9bb202df-e1d0-4182-8c96-1c755096c152,2027-12-14
f38f20a4-6e63-4751-a27d-2b3cf69fac34,2024-09-17
5b9e6cc3-88f5-4ac6-a452-416b2fb0c914,2026-11-30
6ce18dc9-9840-4802-ae2f-b0c5710a6aa2,2026-01-19
3f58b540-ae0f-4b19-a6d3-f7238d7626f6,2027-08-15
ab085001-3f65-4fa0-a853-7cd77cf7cfc7,2026-03-09
d3a1f37e-33e3-42f2-8915-6f6d08cb0c2c,2023-01-23
49b498b7-480a-431d-bad6-332b8dde9185,2028-02-02
726d2ce2-c583-4d62-97a7-5689334c0498,2024-06-11
7ace858f-6c87-418b-8b49-e0af1bc18703,2025-03-01
69bdb73a-5ca0-442f-ae50-19f6b00105ba,2028-09-30
45b335e8-11c6-47a2-afe5-7ddd7327c54f,2023-03-20
9e0c23c8-a93b-4fc3-8ba7-2b67fac84152,2028-05-16
4a7826ec-c937-4ae4-a16f-61f5cc76ec92,2028-05-30
813e1db0-289f-4c1f-acb2-770602c7ab4e,2024-01-03
3f3c8110-2796-4965-8c22-9449eaaa0584,2027-10-17
fd3a37ca-825f-49d4-9b64-8eb13ad03aab,2023-02-21
16a9ff2b-fe35-47aa-8d4f-f2a30096ddbb,2024-03-30
12fe8c6d-1185-4416-8c80-83e59d251c41,2024-08-04
a9b4efb3-fb72-4003-bfd4-9345bb4c9475,2026-10-13
52dfecdd-36e5-4098-86b3-ef4a79b233bf,2028-09-22
4db0bed5-7ac7-4bfe-91c0-d91d0e6f6671,2028-01-09
75f74c3f-c29a-41d9-b324-96ef468d811f,2026-10-17
d5ac1671-46c6-4d54-bd88-ec21dd2ea061,2026-01-23
509eb31d-a59f-4af5-a2c3-374fa47b0a9a,2024-03-04
fa113968-54fa-4244-9a4d-6a7786670869,2023-10-22
6efcc765-c464-4cb5-abf0-46a642499a85,2026-11-11
ed599b53-4fa7-4110-83b0-5ae7467efe8d,2027-01-03
3f431cfd-ea3b-4604-b3af-3133ac20117f,2026-09-16
4106672e-fcf1-4fd9-9877-3bd710b25d12,2025-11-14
d9e31227-d09f-4801-a6e2-44a09f32ebfc,2023-09-27
7c6f88af-9c4e-404b-9cfd-b4e2c7f67a07,2027-05-26
0639449c-9930-4799-8d62-822945c890af,2022-09-18
950093cf-4424-4a76-bf53-3c4c440f6f71,2023-04-13
af086e7f-3bb7-4328-9576-51d3a1b244e6,2027-07-21
3cd42c51-fba6-47ce-ab2e-57b226810a15,2023-10-23
2a570c68-a7b4-49e0-bfa2-81682f5cfc65,2023-03-29
3c53667e-4104-4304-97ec-25a83c95a3df,2028-09-30
a3b47a0d-be4e-4141-a10f-f139a38c52de,2029-01-15
ecc6e2db-48a1-4f43-90ae-47d8c00396f7,2027-11-02
fd56d7f6-ff60-4ee3-a5fe-9d7325d4a0ae,2024-08-21
863df499-6213-4ecb-a7bf-f74fc1e93fe9,2025-05-01
d37806fd-54b9-422b-a90b-5c38ab2e3513,2024-03-31
9953b07c-648d-4725-93e5-f990f10973eb,2028-09-12
96bb40e5-29d3-4f73-993a-a9e58a5e7af3,2025-05-09
5cd6012e-03d4-473f-955b-d5ec8a2bbb2a,2028-09-15
5f80a365-6ff5-4815-82ca-a23f83f0a26a,2026-11-26
49ca1d9d-b1f7-498e-ab3a-fe18bd9e416e,2025-06-03
a67e9def-feeb-4ab3-957a-f59778788c18,2024-04-03
26dddfff-d399-43c8-b479-9392625d3256,2027-02-13
cc8ac74f-7ab2-4212-9fc0-04e43541f8d2,2022-06-28
6a3e24c6-182c-4c82-b748-0a35a49024e3,2022-07-12
d3453928-82be-4215-aa9c-0c85836b7388,2024-09-29
75b9e080-34dc-4af4-8da2-e2c12ff8a8d1,2022-07-26
1235da23-321b-43c2-8fbb-d07dd04f0d10,2023-04-27
17445be8-85cb-4d09-8e47-56c9f9e8c464,2024-09-04
af9e4544-00b6-4964-bf22-3c68935e0d15,2024-07-26
99e2d876-5620-426a-be8d-f86357ad3a16,2025-09-29
2f6babe6-5ae9-488f-9628-ea6a1e14f72f,2028-11-14
9d8036cb-0df5-450e-b3f7-95e173ef709a,2022-07-24
72ac5b33-7e25-4e17-b45e-30583931fd68,2029-12-08
8d6aa0a7-2fee-494c-9c68-ea0da71496b0,2026-01-29
e15ece94-abac-4967-a70a-f75559d72935,2024-06-04
ec13ab9d-0724-4170-94a7-0ec66588f434,2027-02-10
11275a7a-f474-403b-84ea-654b5161c789,2025-03-13
21cf0b55-87b5-414a-90e3-db10f0397c8e,2029-08-02
db978a32-097b-4e02-9aca-65077184e202,2026-03-14
0fac30b6-b360-4543-8365-6e74d8d17259,2029-03-10
e161a2fe-c458-4fed-8483-600367dfb3ae,2024-06-01
73382a4f-2932-4d40-8fc0-5967d0c90152,2027-10-26
e699eb03-8561-44d5-a131-711783d871b2,2023-01-18
2d4e936e-df79-495e-9f5f-b6b9613bfb56,2022-06-26
cf2f5020-4e19-49b6-988d-f44d7eee0188,2024-08-22
c6f4c96c-5200-406a-bcf5-cb9d753984e3,2025-08-13
d6330509-6e35-4f93-aa0f-b181144eff57,2029-08-16
d0c6bd4b-a1fe-4670-8173-c47a19e1b9a5,2023-07-31
32f4fd87-e239-4392-a6de-bb0c201fe7f8,2028-09-05
138c6e68-f88c-4c4f-92c9-bc1b352c1f7d,2029-05-09
fa457ee1-f74b-4b2f-ab92-f54ccde4d9a4,2026-08-24
7f67b584-21e8-41d4-b70b-d89c273dfec8,2026-11-28
55fec9fb-8913-4fa1-97ed-02a625f5274b,2028-09-27
cafb2110-fa2e-46a1-a1f1-d689594ef41b,2027-12-14
e4804b63-6c1a-4480-b1ac-683501b6b504,2026-03-30
cbdfce76-93a0-48a8-9e01-111df74c037e,2027-06-02
4d7bae8f-8ab0-41b3-898f-1009fc515520,2027-02-10
0c4580dd-dc04-45ad-bd6e-6ae43fbe331c,2025-02-16
624c47cf-f6de-4961-b413-3dd3998fbbf4,2028-03-13
15fcf9b8-127f-48c0-bae2-4480dae75116,2028-09-19
ca707704-129f-4462-bc02-cda492381618,2025-05-27
e177f46d-386f-4558-bd17-28b20746ce61,2027-07-29
578998c7-1c27-4801-906d-b2c02b5d6f33,2024-10-07
e6fc9fc2-d9be-48d1-b0c7-6579851c4270,2029-05-08
5e982628-2d14-4087-b570-087cbbdcd388,2028-01-01
91a1c680-2a6c-4e81-8745-962d0dfafb7e,2029-11-20
3517cedd-29e4-465d-9792-00869bd7a436,2024-06-11
6d58329a-c00b-49ff-9139-a88a8e0d0678,2029-08-15
a9bb8f99-ee8e-4f3c-896c-e647ad09746f,2029-09-29
70055e67-3ae3-43dc-a877-964cf428b53a,2026-05-05
e5d0cf09-a70b-463e-aa6e-fe736f1ae55b,2028-10-04
24fc55ad-cb8f-42ba-9db6-de489f4aacfb,2026-11-27
b1b83ce5-023a-4a02-88f7-a5480a16d82a,2025-09-22
c191ae51-3f04-4dbf-8589-1ed2e83f1a8b,2026-06-06
2492d12c-f7ed-4345-b409-f0121c78155b,2027-09-20
e84d2b27-2004-402d-8b33-33042ec5f0a4,2023-04-25
2e5d9b88-a655-416f-9be9-8ba10ff0b26d,2024-10-13
7270ae37-b5b3-4fa1-9a4c-88e24fc416d3,2028-03-25
8530df35-6edc-4ecc-8f10-15498195f714,2022-11-16
122e4e9f-c036-4cfd-985e-c2e38551d8c6,2029-08-28
ce1acb33-005a-4137-84e7-d5dab92bcfe5,2022-06-25
994ab472-00ed-4174-8082-2dbd285f4b50,2023-11-04
ffcf801e-c3db-48e7-abdb-9c46e8ce77ea,2028-02-26
caa63581-bfea-4c5a-a142-2f5d390ff3db,2022-10-19
28b3ff52-114a-4d82-892d-be8c3b757d84,2022-10-20
6fef1e88-c403-4c98-beb8-d5d041114f42,2025-04-22
25f6d1d8-632f-403c-bf12-8a4b105ad477,2026-08-15
26b66255-3097-40c0-814d-5e9b52557d46,2023-02-25
14759738-a629-40f5-967d-06cecd1680ce,2028-05-01
60c1cbdd-7880-4bb9-a9f8-f8c1eba47b21,2028-02-02
85dd2203-e922-40a0-aa68-15d43bb6fc9c,2027-02-05
0e530ea8-1500-40ef-a723-07e1aa534a6c,2025-02-04
f6645327-efcb-480e-ae0e-d67372d63f4d,2022-12-14
dab75b50-0d43-4c1d-9b5a-9c210982bc83,2029-10-05
e8ceddbe-e137-45c7-977c-730836a68690,2024-12-22
6624c4b7-2441-4ae0-bc0f-e1ab128b2087,2028-09-20
2a57bc69-eb92-4b78-bff5-0801118a725c,2027-12-13
43373674-ee38-4672-991b-304af4e7235e,2023-05-17
3caf8c46-05ec-4361-b51a-b89f3fd27cce,2029-07-11
c32e2a63-898b-4cc4-875e-0286f789b993,2029-05-27
838735d8-8e6b-4420-97d9-ccf6e48d875e,2023-07-02
f14d4463-cdd7-4744-9838-fa5d6da6a81b,2024-06-09
3b86d0a5-427c-464c-a1e6-7be466cf19ab,2029-02-14
c45ff703-2ee9-4345-ad92-7c20a7c3aef1,2026-09-09
eb928adb-9604-46e7-a0fe-8e67483c6d0b,2029-12-25
ccaa06ec-e87d-4554-99c3-8fc0629b37d8,2027-05-14
71b930eb-b748-4e66-91a4-38d9bb1e8c1f,2029-01-03
6a291b02-ff66-48c2-b8e6-979c081764b5,2028-02-22
ba3af7cd-4791-4e3e-a07a-96f704c30510,2026-08-22
5942924a-e63a-4de2-add6-8a18f44c36bf,2027-11-12
04a40eab-5656-4fe6-86e8-a6af422c8c49,2023-06-23
a0d0b680-215d-44e2-bbe6-5ee826e92689,2023-01-23
bcff24de-f206-473e-9d47-6a2f6a3c5dc0,2027-10-22
6a015dd1-49c7-4373-b839-d08c3146edec,2026-10-18
faa23090-d1bb-417e-9c08-43b9e5c204e4,2024-02-07
bd3b3e35-ecfb-4476-a1f0-f5a48e2b0c91,2027-07-05
6cec105e-cfb2-4035-966d-97928ced9243,2025-11-08
3fde240d-fbbb-4586-877d-4c13ee2367cf,2027-08-24
a44cf3b5-6b5f-4991-bc5e-6dbf57d4dc89,2028-02-08
5ee968de-1361-495d-b161-8a4c7fbe5e66,2028-06-18
23f19c18-b116-49a9-8cbb-e86a9ee488f4,2025-11-20
e6b541e1-2932-470d-90dd-77364146ffda,2029-03-10
0fe08bad-77b5-4ed2-b608-b05ba4afcf47,2024-07-19
b7a8175c-992c-4b50-a7d8-58963ad5f883,2022-05-19
42360423-0df7-4fd2-9557-3fa740127f5a,2026-11-25
858484de-f854-46d4-8910-681b9fd8bcf3,2026-08-12
ddf756c5-1ec4-4414-98cc-28bda6a7ecd7,2024-12-03
c6c0c460-e683-43d8-a0b0-bc6fdce2237e,2025-07-15
b23a84de-65f7-4ff6-acbf-0e76032ba0c9,2026-01-16
87cd2aed-5cba-46a5-a4e2-16ea5d2a6d96,2022-08-14
86d7aa8e-ed1b-4762-9106-1467690683fd,2023-11-12
27f420e0-441b-43fa-81c0-543fc201d906,2023-08-10
dd014396-fec6-463f-b189-98d996eff1ee,2024-06-10
8873bb13-6084-4889-a389-43a7748b352a,2024-06-27
67ab71ee-2886-4b74-b9cf-c9f3779a5883,2022-10-27
378baecb-42f0-4e62-86e7-1ec7441ebb64,2026-08-09
71e58247-02d9-4251-acc5-a16bcad4ded8,2026-01-20
3b79cce8-eb54-4ea9-9d0b-586b02f2f42f,2029-05-20
b5014d03-203d-423e-8bab-2330af35908e,2027-10-25
b4c19979-0daa-4dd8-91aa-91c8cbefb651,2028-05-16
d3b905bc-086b-4c01-9d59-1e497d4f332f,2028-06-07
3658bb87-d77e-4156-b440-ee6efdb4c044,2028-07-24
f8fada8a-f339-4037-8a4e-d63f87459531,2027-05-30
d14d0664-a7a1-4d8f-b978-3d0b6dc86a9e,2026-04-16
ac12e5d4-ad60-4adf-9c66-759f222587a0,2028-01-01
106f86b7-7def-4277-94d2-9d529a554919,2022-06-12
755c28d7-5225-4651-be20-0329627e359c,2028-10-16
cc375b7d-589d-40bd-91a1-b3c7c6c22990,2026-09-28
9acd65e9-35ad-4e9e-ac1d-2dc0ed595f7b,2025-05-09
2d868c80-e354-460a-8274-c63b0906741c,2029-12-18
d4b24cce-89be-4943-864b-df7d92a552bf,2027-06-06
a44453a6-029b-4149-ba4e-e9eb3a704a60,2029-11-07
11ee800e-4749-4c72-9660-29cb4dd0aff9,2028-11-08
d6a1dbb7-fb16-44b9-94c0-34a2c085ca3e,2027-07-07
0499c51c-ff6c-4bf0-a462-51f011ba7a6a,2027-03-20
3d8a3502-2b75-448d-97b9-29e21f62a943,2028-06-03
2eaf0975-f0f4-4e23-bf41-c539e9816589,2025-01-03
c5548832-1e40-4b8f-9be7-7214d26bb975,2023-03-11
d6c92118-30c2-4015-b3f7-fdcc2cf5d701,2028-11-27
cb99f503-99ce-4605-9f47-e62f72088c2e,2028-08-03
0b92bd4f-1d48-4f57-8d9e-bead438ecd45,2024-07-31
6ab1f96e-fdcc-49f1-957a-250a55ce729a,2025-02-16
4f380c28-3544-4aa7-93b7-41dd81c6b980,2028-04-01
aca74f97-93a0-477f-9411-cc791dbdaa0a,2029-12-12
033b4da4-8feb-4211-a954-1e12e086d7f9,2024-05-13
8863580c-0b15-44b4-8a77-e6d9f91f9b3a,2029-02-01
3c0d0780-e73c-4a6f-965c-c7c5cf588650,2027-06-25
2b3c05bb-eadd-45d0-8297-7fa811818b53,2029-07-24
e123eb90-653c-486a-8ef1-2d6f20aa1afa,2025-05-20
a00110c2-7664-4276-a0a7-645704ebea1e,2023-05-07
1d08eb36-fec6-4722-a6a3-99005be0bd9f,2028-05-30
cc7a57af-9af4-4910-b21a-6323cfcb6ef5,2024-04-24
d39489b0-5d12-491e-a593-ee429ff87f43,2028-03-13
83e0588b-d30e-4cfc-8899-bb3de11ffbad,2026-07-16
b04912cb-6932-4807-9b0c-065c250d4f8e,2027-09-06
825eef12-2a3e-4f70-81ae-b78096bc2f19,2024-12-15
46b4b014-c4af-4c67-9157-3a2f3139be5e,2027-04-22
34edf000-d626-4778-a5be-9d8af32cf3e1,2024-12-15
ec20c65a-aaa0-46df-b8d4-c3278929fddd,2027-08-16
22722c4b-b3ca-47f0-83a4-3f5d826b4fe2,2029-12-28
f2422d94-fbde-49ef-ac74-01b007577763,2028-07-19
644bc437-ea23-4246-bec9-d7b44ab764a0,2026-05-21
b2ae7629-d32d-4b7b-9058-bd81d1830e1d,2023-10-27
e1fd04fb-1389-43c4-90c0-b15541ce0dfa,2028-02-23
a4382b41-c18d-4942-a8ec-9e44a4e752f3,2023-03-03
f7157b21-a92c-45f5-966d-54ac4a7430da,2027-10-07
8222f770-1bdd-4645-a2fd-1b4c8190414f,2024-02-19
c89b7a1a-f61d-4d55-a031-140874438854,2024-07-28
986921ed-b767-4f78-b667-c08953f9fb9c,2023-12-30
8fc24918-ea4f-468b-9c1f-296b906e11d5,2029-01-19
a03cb947-66d5-4b2d-9033-3b48cfef29b2,2028-06-18
3b1ba3f3-307d-4808-8cac-d4d80d9ed16b,2026-11-16
82354a2d-6bbf-4864-bd9b-99bec9f1b1ad,2029-05-07
01a5b38f-09a0-41d1-88ad-171882cdfe18,2024-12-11
0c24eda7-7baf-4489-82a4-07939b29b2b8,2029-06-21
76398b67-d3c1-471a-953f-f3877fb23bb6,2028-07-08
312ee9a5-7a83-4038-bd5f-0d89dbe7d028,2027-04-16
0fb00095-8312-47a7-94c6-01c48921dacc,2022-08-27
00ee172f-4c45-4a2c-b4ba-1c61c456753b,2023-06-28
09220caf-5075-46d2-b0d2-929429a80649,2028-10-06
a939fe0e-89e0-4d1f-9ce8-e33464b2ec0d,2027-07-19
43fdbed2-5825-48ed-8b0e-e7938b79446e,2027-09-24
75cdc91a-f912-47eb-93be-0dda8a272915,2024-04-08
decb9517-62d2-4112-8260-09a1e9adebfd,2026-02-23
1b2182df-4904-4cca-95e9-d3c357dc6fd7,2024-11-14
bce35247-fe24-408a-8e81-737b9028db6d,2028-03-01
ff08b528-bcca-4601-bef0-dab32baf5483,2027-03-22
e4d599af-2587-4dd2-81f3-d01188dbc70b,2024-12-21
f61796e0-3c9b-4143-81fa-9f5f00d00f96,2027-05-27
5f7748cf-b773-456b-8c07-af9f1402e86c,2026-05-02