purchase_id,ticket_id
270,1
252,2
697,3
746,4
702,5
851,6
820,7
56,8
530,9
189,10
650,11
597,12
126,13
110,14
514,15
613,16
655,17
617,18
696,19
998,20
414,21
108,22
315,23
798,24
531,25
299,26
451,27
563,28
16,29
863,30
776,31
643,32
784,33
587,34
622,35
690,36
908,37
484,38
469,39
232,40
213,41
807,42
800,43
493,44
936,45
946,46
831,47
981,48
898,49
569,50
873,51
948,52
89,53
91,54
114,55
901,56
456,57
943,58
584,59
435,60
966,61
764,62
665,63
184,64
774,65
941,66
95,67
558,68
624,69
430,70
381,71
19,72
787,73
917,74
647,75
421,76
954,77
807,78
516,79
442,80
886,81
581,82
847,83
374,84
729,85
439,86
566,87
24,88
689,89
246,90
406,91
646,92
490,93
673,94
268,95
393,96
507,97
374,98
931,99
860,100
757,101
935,102
833,103
757,104
638,105
30,106
263,107
91,108
710,109
215,110
755,111
905,112
156,113
468,114
968,115
98,116
95,117
666,118
506,119
127,120
213,121
977,122
525,123
775,124
476,125
413,126
500,127
820,128
857,129
366,130
510,131
384,132
244,133
504,134
10,135
378,136
546,137
936,138
763,139
444,140
383,141
934,142
552,143
253,144
523,145
70,146
865,147
620,148
345,149
361,150
696,151
76,152
885,153
393,154
740,155
868,156
339,157
209,158
309,159
372,160
83,161
903,162
412,163
4,164
929,165
667,166
422,167
592,168
585,169
160,170
22,171
328,172
56,173
160,174
978,175
316,176
366,177
66,178
848,179
647,180
139,181
172,182
949,183
904,184
419,185
498,186
654,187
317,188
262,189
38,190
520,191
480,192
824,193
39,194
656,195
45,196
833,197
520,198
681,199
169,200
124,201
804,202
682,203
946,204
147,205
151,206
982,207
9,208
451,209
706,210
171,211
45,212
368,213
358,214
316,215
65,216
645,217
326,218
69,219
97,220
662,221
88,222
218,223
141,224
594,225
445,226
620,227
339,228
272,229
284,230
202,231
319,232
364,233
764,234
424,235
773,236
552,237
555,238
153,239
685,240
999,241
911,242
126,243
405,244
328,245
351,246
936,247
124,248
488,249
479,250
106,251
402,252
224,253
540,254
939,255
586,256
298,257
876,258
116,259
750,260
767,261
584,262
906,263
43,264
863,265
190,266
54,267
513,268
828,269
18,270
426,271
306,272
122,273
675,274
611,275
512,276
513,277
779,278
371,279
421,280
746,281
621,282
234,283
445,284
950,285
161,286
210,287
652,288
204,289
126,290
923,291
572,292
499,293
416,294
30,295
840,296
994,297
784,298
936,299
782,300
50,301
2,302
853,303
746,304
140,305
934,306
296,307
399,308
434,309
457,310
934,311
973,312
636,313
242,314
616,315
415,316
372,317
452,318
532,319
915,320
348,321
486,322
953,323
479,324
973,325
199,326
971,327
92,328
869,329
284,330
756,331
59,332
856,333
518,334
54,335
667,336
815,337
574,338
390,339
5,340
622,341
110,342
936,343
219,344
255,345
744,346
820,347
272,348
99,349
846,350
858,351
166,352
60,353
774,354
282,355
818,356
108,357
994,358
731,359
774,360
132,361
860,362
857,363
225,364
902,365
833,366
524,367
671,368
32,369
30,370
795,371
675,372
974,373
562,374
845,375
391,376
171,377
248,378
861,379
917,380
161,381
538,382
340,383
107,384
954,385
51,386
86,387
523,388
900,389
963,390
734,391
501,392
280,393
469,394
14,395
676,396
964,397
621,398
10,399
934,400
628,401
299,402
199,403
377,404
820,405
789,406
301,407
248,408
358,409
984,410
428,411
879,412
255,413
395,414
516,415
344,416
43,417
463,418
184,419
405,420
133,421
211,422
72,423
171,424
227,425
788,426
380,427
194,428
465,429
201,430
645,431
720,432
756,433
100,434
280,435
223,436
931,437
738,438
131,439
262,440
160,441
876,442
397,443
391,444
402,445
607,446
154,447
192,448
31,449
892,450
33,451
176,452
718,453
885,454
224,455
138,456
862,457
889,458
229,459
877,460
60,461
362,462
638,463
937,464
829,465
352,466
383,467
832,468
652,469
189,470
410,471
14,472
119,473
508,474
571,475
361,476
974,477
79,478
379,479
287,480
748,481
424,482
156,483
445,484
711,485
811,486
933,487
438,488
762,489
362,490
415,491
117,492
122,493
878,494
992,495
66,496
355,497
891,498
742,499
550,500
625,501
970,502
201,503
962,504
653,505
54,506
962,507
592,508
8,509
369,510
410,511
83,512
138,513
324,514
562,515
662,516
689,517
203,518
726,519
124,520
451,521
478,522
445,523
446,524
611,525
663,526
949,527
148,528
104,529
340,530
77,531
190,532
302,533
653,534
492,535
900,536
458,537
750,538
81,539
499,540
468,541
335,542
64,543
597,544
938,545
989,546
185,547
921,548
226,549
455,550
523,551
982,552
218,553
240,554
612,555
154,556
854,557
868,558
536,559
340,560
402,561
411,562
637,563
424,564
205,565
892,566
344,567
40,568
596,569
660,570
551,571
498,572
176,573
41,574
933,575
907,576
626,577
690,578
246,579
49,580
54,581
961,582
954,583
108,584
508,585
225,586
405,587
810,588
203,589
201,590
80,591
304,592
200,593
531,594
976,595
562,596
309,597
983,598
977,599
610,600
677,601
33,602
604,603
218,604
852,605
499,606
757,607
995,608
439,609
64,610
804,611
28,612
375,613
842,614
576,615
338,616
995,617
309,618
563,619
166,620
867,621
623,622
921,623
355,624
553,625
959,626
845,627
164,628
929,629
203,630
24,631
429,632
134,633
946,634
638,635
311,636
682,637
15,638
931,639
853,640
867,641
91,642
693,643
43,644
650,645
40,646
449,647
973,648
366,649
916,650
729,651
161,652
131,653
556,654
453,655
564,656
574,657
88,658
181,659
56,660
872,661
406,662
656,663
821,664
388,665
880,666
400,667
78,668
671,669
585,670
860,671
364,672
15,673
360,674
988,675
126,676
356,677
188,678
225,679
57,680
309,681
392,682
23,683
720,684
316,685
989,686
150,687
489,688
484,689
25,690
133,691
201,692
475,693
68,694
17,695
64,696
315,697
573,698
70,699
33,700
123,701
559,702
566,703
5,704
94,705
387,706
315,707
551,708
865,709
225,710
440,711
458,712
41,713
231,714
872,715
675,716
397,717
218,718
341,719
870,720
589,721
92,722
295,723
81,724
151,725
84,726
378,727
117,728
925,729
735,730
701,731
206,732
7,733
13,734
983,735
937,736
606,737
383,738
257,739
654,740
473,741
211,742
324,743
658,744
828,745
938,746
62,747
158,748
241,749
899,750
685,751
717,752
907,753
213,754
852,755
499,756
422,757
77,758
273,759
223,760
436,761
406,762
613,763
588,764
708,765
433,766
3,767
12,768
542,769
532,770
858,771
801,772
413,773
729,774
648,775
494,776
481,777
339,778
320,779
469,780
28,781
186,782
940,783
128,784
66,785
194,786
762,787
105,788
188,789
686,790
714,791
712,792
570,793
364,794
493,795
897,796
483,797
259,798
568,799
519,800
565,801
471,802
267,803
191,804
500,805
388,806
983,807
175,808
24,809
702,810
383,811
438,812
597,813
508,814
154,815
803,816
930,817
391,818
550,819
329,820
887,821
355,822
249,823
887,824
149,825
951,826
203,827
299,828
292,829
168,830
59,831
632,832
318,833
197,834
596,835
565,836
629,837
750,838
782,839
217,840
390,841
570,842
621,843
324,844
524,845
690,846
735,847
908,848
361,849
463,850
569,851
545,852
426,853
498,854
5,855
955,856
886,857
11,858
191,859
697,860
413,861
688,862
467,863
244,864
811,865
210,866
156,867
132,868
155,869
4,870
351,871
693,872
263,873
469,874
227,875
904,876
47,877
778,878
362,879
945,880
708,881
463,882
710,883
443,884
936,885
823,886
531,887
617,888
967,889
356,890
886,891
785,892
70,893
684,894
266,895
430,896
301,897
406,898
94,899
624,900
342,901
856,902
110,903
971,904
703,905
390,906
450,907
160,908
231,909
633,910
308,911
429,912
786,913
689,914
950,915
943,916
759,917
541,918
903,919
982,920
288,921
884,922
529,923
682,924
875,925
913,926
632,927
99,928
8,929
875,930
229,931
454,932
950,933
297,934
646,935
551,936
347,937
787,938
962,939
828,940
104,941
316,942
9,943
637,944
165,945
676,946
772,947
282,948
893,949
967,950
178,951
979,952
621,953
330,954
284,955
146,956
21,957
79,958
145,959
702,960
993,961
12,962
218,963
464,964
215,965
497,966
800,967
521,968
319,969
342,970
469,971
657,972
39,973
70,974
263,975
74,976
401,977
387,978
354,979
247,980
213,981
169,982
704,983
426,984
24,985
921,986
240,987
304,988
749,989
519,990
53,991
746,992
575,993
593,994
385,995
740,996
310,997
911,998
554,999
100,1000
894,1001
18,1002
384,1003
592,1004
530,1005
36,1006
536,1007
414,1008
708,1009
984,1010
434,1011
504,1012
586,1013
969,1014
389,1015
591,1016
7,1017
328,1018
432,1019
77,1020
529,1021
213,1022
110,1023
620,1024
48,1025
79,1026
998,1027
40,1028
118,1029
820,1030
355,1031
96,1032
368,1033
450,1034
395,1035
895,1036
609,1037
37,1038
553,1039
154,1040
329,1041
549,1042
664,1043
944,1044
609,1045
988,1046
274,1047
990,1048
211,1049
268,1050
78,1051
95,1052
537,1053
496,1054
139,1055
276,1056
316,1057
612,1058
331,1059
468,1060
278,1061
448,1062
402,1063
250,1064
390,1065
267,1066
119,1067
818,1068
542,1069
751,1070
63,1071
977,1072
2,1073
305,1074
285,1075
823,1076
772,1077
605,1078
499,1079
287,1080
850,1081
69,1082
186,1083
297,1084
590,1085
749,1086
939,1087
393,1088
86,1089
992,1090
250,1091
367,1092
180,1093
692,1094
228,1095
794,1096
900,1097
677,1098
634,1099
917,1100
253,1101
573,1102
333,1103
747,1104
221,1105
704,1106
63,1107
953,1108
208,1109
606,1110
542,1111
299,1112
182,1113
357,1114
151,1115
258,1116
177,1117
425,1118
65,1119
688,1120
492,1121
690,1122
980,1123
75,1124
363,1125
660,1126
562,1127
944,1128
234,1129
778,1130
537,1131
357,1132
412,1133
685,1134
447,1135
752,1136
847,1137
152,1138
451,1139
330,1140
242,1141
582,1142
336,1143
916,1144
924,1145
569,1146
633,1147
157,1148
548,1149
550,1150
823,1151
836,1152
587,1153
477,1154
475,1155
620,1156
478,1157
985,1158
155,1159
106,1160
372,1161
244,1162
780,1163
679,1164
349,1165
389,1166
368,1167
2,1168
30,1169
688,1170
402,1171
91,1172
522,1173
557,1174
640,1175
682,1176
716,1177
68,1178
231,1179
35,1180
916,1181
422,1182
403,1183
762,1184
538,1185
124,1186
609,1187
470,1188
114,1189
591,1190
433,1191
186,1192
249,1193
536,1194
767,1195
760,1196
76,1197
843,1198
912,1199
451,1200
944,1201
129,1202
932,1203
363,1204
232,1205
806,1206
716,1207
48,1208
817,1209
993,1210
466,1211
44,1212
799,1213
986,1214
954,1215
880,1216
398,1217
867,1218
254,1219
889,1220
191,1221
897,1222
673,1223
674,1224
532,1225
880,1226
290,1227
747,1228
857,1229
109,1230
912,1231
126,1232
915,1233
655,1234
648,1235
199,1236
329,1237
819,1238
584,1239
698,1240
140,1241
164,1242
79,1243
786,1244
331,1245
947,1246
511,1247
737,1248
679,1249
210,1250
264,1251
786,1252
70,1253
781,1254
588,1255
260,1256
953,1257
113,1258
925,1259
209,1260
257,1261
833,1262
99,1263
835,1264
909,1265
343,1266
260,1267
633,1268
314,1269
869,1270
216,1271
235,1272
228,1273
613,1274
11,1275
474,1276
186,1277
271,1278
464,1279
77,1280
104,1281
867,1282
303,1283
172,1284
914,1285
395,1286
1,1287
140,1288
146,1289
11,1290
136,1291
444,1292
607,1293
56,1294
538,1295
875,1296
790,1297
114,1298
945,1299
316,1300
299,1301
744,1302
479,1303
85,1304
651,1305
426,1306
948,1307
254,1308
594,1309
785,1310
318,1311
976,1312
199,1313
908,1314
678,1315
64,1316
861,1317
845,1318
795,1319
436,1320
341,1321
317,1322
489,1323
443,1324
663,1325
835,1326
765,1327
126,1328
630,1329
772,1330
795,1331
672,1332
616,1333
844,1334
495,1335
194,1336
331,1337
244,1338
587,1339
178,1340
907,1341
479,1342
407,1343
772,1344
770,1345
444,1346
832,1347
247,1348
535,1349
362,1350
752,1351
254,1352
428,1353
463,1354
739,1355
440,1356
299,1357
573,1358
877,1359
472,1360
36,1361
458,1362
330,1363
103,1364
846,1365
887,1366
499,1367
310,1368
698,1369
999,1370
451,1371
872,1372
1000,1373
774,1374
433,1375
569,1376
422,1377
712,1378
719,1379
90,1380
197,1381
805,1382
980,1383
106,1384
182,1385
128,1386
316,1387
83,1388
489,1389
825,1390
54,1391
112,1392
103,1393
425,1394
520,1395
445,1396
679,1397
906,1398
903,1399
952,1400
678,1401
190,1402
795,1403
641,1404
796,1405
195,1406
385,1407
980,1408
533,1409
471,1410
892,1411
348,1412
561,1413
420,1414
735,1415
209,1416
410,1417
350,1418
282,1419
302,1420
336,1421
829,1422
623,1423
317,1424
279,1425
477,1426
942,1427
922,1428
314,1429
423,1430
728,1431
908,1432
477,1433
778,1434
125,1435
439,1436
246,1437
385,1438
46,1439
493,1440
153,1441
574,1442
823,1443
889,1444
420,1445
438,1446
772,1447
119,1448
321,1449
815,1450
200,1451
215,1452
469,1453
979,1454
620,1455
538,1456
534,1457
827,1458
941,1459
743,1460
67,1461
85,1462
688,1463
834,1464
845,1465
855,1466
91,1467
693,1468
855,1469
400,1470
176,1471
885,1472
708,1473
148,1474
769,1475
768,1476
820,1477
338,1478
833,1479
349,1480
881,1481
636,1482
603,1483
709,1484
214,1485
773,1486
756,1487
496,1488
550,1489
226,1490
548,1491
384,1492
461,1493
474,1494
764,1495
546,1496
914,1497
782,1498
261,1499
363,1500
909,1501
770,1502
904,1503
154,1504
287,1505
30,1506
861,1507
173,1508
504,1509
567,1510
486,1511
534,1512
866,1513
799,1514
510,1515
705,1516
628,1517
121,1518
578,1519
870,1520
281,1521
981,1522
348,1523
359,1524
250,1525
426,1526
63,1527
969,1528
823,1529
304,1530
714,1531
480,1532
667,1533
802,1534
622,1535
494,1536
431,1537
488,1538
819,1539
896,1540
164,1541
701,1542
708,1543
310,1544
895,1545
581,1546
543,1547
168,1548
807,1549
365,1550
165,1551
102,1552
937,1553
196,1554
286,1555
455,1556
141,1557
913,1558
329,1559
482,1560
694,1561
596,1562
409,1563
55,1564
85,1565
55,1566
527,1567
715,1568
107,1569
614,1570
68,1571
694,1572
369,1573
540,1574
990,1575
83,1576
795,1577
119,1578
874,1579
129,1580
497,1581
433,1582
438,1583
422,1584
722,1585
807,1586
423,1587
550,1588
26,1589
669,1590
551,1591
827,1592
149,1593
130,1594
283,1595
35,1596
927,1597
69,1598
768,1599
991,1600
48,1601
515,1602
290,1603
716,1604
967,1605
112,1606
952,1607
848,1608
258,1609
2,1610
695,1611
431,1612
323,1613
967,1614
726,1615
27,1616
413,1617
779,1618
638,1619
536,1620
681,1621
500,1622
157,1623
593,1624
374,1625
746,1626
4,1627
226,1628
979,1629
875,1630
119,1631
480,1632
767,1633
297,1634
870,1635
931,1636
399,1637
302,1638
995,1639
458,1640
860,1641
157,1642
380,1643
293,1644
647,1645
605,1646
122,1647
791,1648
265,1649
834,1650
801,1651
347,1652
625,1653
956,1654
764,1655
122,1656
920,1657
832,1658
86,1659
84,1660
853,1661
594,1662
685,1663
114,1664
516,1665
956,1666
237,1667
645,1668
302,1669
15,1670
171,1671
121,1672
486,1673
634,1674
819,1675
555,1676
217,1677
445,1678
902,1679
444,1680
326,1681
752,1682
677,1683
915,1684
804,1685
814,1686
847,1687
710,1688
25,1689
367,1690
474,1691
613,1692
443,1693
869,1694
187,1695
133,1696
431,1697
778,1698
739,1699
971,1700
306,1701
100,1702
215,1703
769,1704
598,1705
983,1706
507,1707
738,1708
305,1709
986,1710
865,1711
158,1712
397,1713
932,1714
680,1715
573,1716
752,1717
664,1718
413,1719
829,1720
462,1721
707,1722
491,1723
794,1724
414,1725
65,1726
627,1727
389,1728
563,1729
909,1730
628,1731
779,1732
965,1733
54,1734
906,1735
791,1736
403,1737
972,1738
858,1739
428,1740
557,1741
536,1742
933,1743
848,1744
963,1745
352,1746
653,1747
979,1748
187,1749
557,1750
712,1751
657,1752
469,1753
102,1754
155,1755
658,1756
763,1757
816,1758
294,1759
249,1760
835,1761
61,1762
515,1763
65,1764
294,1765
905,1766
862,1767
616,1768
333,1769
249,1770
722,1771
471,1772
181,1773
760,1774
88,1775
309,1776
553,1777
653,1778
422,1779
311,1780
519,1781
617,1782
524,1783
261,1784
487,1785
159,1786
401,1787
255,1788
180,1789
652,1790
268,1791
303,1792
455,1793
70,1794
3,1795
779,1796
994,1797
641,1798
401,1799
185,1800
853,1801
957,1802
296,1803
430,1804
354,1805
687,1806
121,1807
559,1808
871,1809
101,1810
1000,1811
227,1812
862,1813
438,1814
898,1815
317,1816
977,1817
464,1818
293,1819
184,1820
684,1821
391,1822
45,1823
481,1824
394,1825
953,1826
173,1827
364,1828
657,1829
686,1830
49,1831
332,1832
453,1833
347,1834
728,1835
303,1836
893,1837
380,1838
708,1839
100,1840
706,1841
913,1842
311,1843
834,1844
349,1845
568,1846
74,1847
174,1848
122,1849
891,1850
796,1851
747,1852
955,1853
283,1854
450,1855
935,1856
340,1857
361,1858
268,1859
851,1860
482,1861
66,1862
717,1863
202,1864
274,1865
503,1866
152,1867
302,1868
852,1869
907,1870
320,1871
935,1872
828,1873
766,1874
671,1875
731,1876
138,1877
2,1878
651,1879
694,1880
326,1881
470,1882
653,1883
454,1884
219,1885
838,1886
815,1887
549,1888
652,1889
225,1890
664,1891
950,1892
816,1893
508,1894
628,1895
282,1896
55,1897
892,1898
584,1899
80,1900
728,1901
450,1902
648,1903
116,1904
277,1905
894,1906
669,1907
94,1908
95,1909
872,1910
20,1911
412,1912
719,1913
737,1914
567,1915
174,1916
177,1917
453,1918
107,1919
29,1920
8,1921
338,1922
247,1923
480,1924
936,1925
755,1926
707,1927
719,1928
603,1929
470,1930
259,1931
561,1932
111,1933
632,1934
300,1935
163,1936
633,1937
645,1938
606,1939
409,1940
996,1941
889,1942
643,1943
171,1944
59,1945
982,1946
385,1947
65,1948
243,1949
839,1950
959,1951
30,1952
916,1953
158,1954
524,1955
342,1956
465,1957
385,1958
674,1959
865,1960
209,1961
328,1962
736,1963
427,1964
265,1965
335,1966
733,1967
828,1968
938,1969
180,1970
370,1971
404,1972
830,1973
619,1974
171,1975
751,1976
741,1977
99,1978
656,1979
566,1980
509,1981
479,1982
811,1983
780,1984
711,1985
7,1986
671,1987
620,1988
379,1989
903,1990
10,1991
625,1992
833,1993
807,1994
641,1995
269,1996
442,1997
584,1998
484,1999
202,2000
86,2001
116,2002
514,2003
130,2004
907,2005
73,2006
283,2007
198,2008
943,2009
311,2010
462,2011
483,2012
347,2013
495,2014
30,2015
576,2016
567,2017
759,2018
674,2019
570,2020
926,2021
195,2022
548,2023
702,2024
375,2025
487,2026
164,2027
941,2028
46,2029
526,2030
366,2031
275,2032
514,2033
476,2034
263,2035
216,2036
773,2037
762,2038
389,2039
784,2040
654,2041
960,2042
15,2043
430,2044
2,2045
870,2046
989,2047
542,2048
854,2049
906,2050
466,2051
123,2052
356,2053
107,2054
605,2055
688,2056
675,2057
995,2058
655,2059
739,2060
588,2061
24,2062
180,2063
214,2064
132,2065
459,2066
642,2067
684,2068
920,2069
427,2070
204,2071
521,2072
176,2073
591,2074
786,2075
177,2076
705,2077
454,2078
518,2079
808,2080
136,2081
57,2082
618,2083
274,2084
531,2085
471,2086
122,2087
182,2088
459,2089
625,2090
699,2091
748,2092
689,2093
247,2094
486,2095
346,2096
427,2097
385,2098
274,2099
68,2100
689,2101
913,2102
981,2103
40,2104
192,2105
478,2106
217,2107
553,2108
785,2109
630,2110
358,2111
6,2112
352,2113
657,2114
164,2115
49,2116
101,2117
407,2118
187,2119
949,2120
439,2121
222,2122
46,2123
723,2124
360,2125
575,2126
24,2127
534,2128
622,2129
676,2130
929,2131
293,2132
55,2133
308,2134
780,2135
959,2136
643,2137
598,2138
762,2139
622,2140
764,2141
278,2142
796,2143
11,2144
461,2145
20,2146
411,2147
418,2148
187,2149
308,2150
619,2151
931,2152
144,2153
545,2154
873,2155
784,2156
933,2157
501,2158
889,2159
381,2160
89,2161
935,2162
100,2163
600,2164
797,2165
142,2166
60,2167
548,2168
285,2169
17,2170
530,2171
306,2172
46,2173
561,2174
575,2175
242,2176
9,2177
195,2178
466,2179
176,2180
855,2181
459,2182
769,2183
642,2184
175,2185
328,2186
658,2187
553,2188
816,2189
917,2190
304,2191
324,2192
765,2193
812,2194
665,2195
963,2196
799,2197
966,2198
780,2199
383,2200
1,2201
178,2202
697,2203
561,2204
226,2205
786,2206
440,2207
351,2208
818,2209
952,2210
971,2211
677,2212
548,2213
605,2214
282,2215
735,2216
259,2217
288,2218
823,2219
577,2220
575,2221
513,2222
635,2223
255,2224
902,2225
756,2226
956,2227
464,2228
748,2229
351,2230
372,2231
12,2232
719,2233
878,2234
134,2235
391,2236
781,2237
466,2238
990,2239
112,2240
632,2241
894,2242
695,2243
21,2244
988,2245
370,2246
368,2247
661,2248
680,2249
371,2250
528,2251
483,2252
177,2253
687,2254
628,2255
900,2256
861,2257
993,2258
872,2259
802,2260
991,2261
207,2262
861,2263
374,2264
761,2265
436,2266
377,2267
123,2268
204,2269
320,2270
114,2271
497,2272
820,2273
914,2274
79,2275
467,2276
310,2277
260,2278
387,2279
463,2280
250,2281
148,2282
553,2283
296,2284
266,2285
783,2286
373,2287
476,2288
865,2289
261,2290
693,2291
904,2292
452,2293
591,2294
988,2295
484,2296
475,2297
382,2298
81,2299
518,2300
850,2301
381,2302
839,2303
972,2304
260,2305
771,2306
305,2307
408,2308
519,2309
761,2310
999,2311
441,2312
793,2313
177,2314
685,2315
984,2316
225,2317
307,2318
981,2319
729,2320
546,2321
821,2322
348,2323
99,2324
624,2325
95,2326
371,2327
818,2328
779,2329
169,2330
519,2331
95,2332
987,2333
212,2334
829,2335
132,2336
382,2337
126,2338
28,2339
216,2340
713,2341
606,2342
519,2343
671,2344
202,2345
563,2346
279,2347
104,2348
759,2349
421,2350
192,2351
192,2352
580,2353
931,2354
519,2355
72,2356
362,2357
874,2358
821,2359
252,2360
395,2361
544,2362
737,2363
671,2364
245,2365
888,2366
416,2367
177,2368
159,2369
408,2370
795,2371
39,2372
824,2373
807,2374
668,2375
827,2376
582,2377
64,2378
925,2379
273,2380
948,2381
262,2382
116,2383
990,2384
365,2385
246,2386
330,2387
307,2388
679,2389
187,2390
37,2391
369,2392
361,2393
475,2394
372,2395
280,2396
919,2397
415,2398
147,2399
835,2400
687,2401
871,2402
555,2403
3,2404
868,2405
123,2406
526,2407
215,2408
550,2409
182,2410
166,2411
553,2412
430,2413
158,2414
981,2415
941,2416
790,2417
84,2418
140,2419
371,2420
204,2421
133,2422
803,2423
514,2424
16,2425
863,2426
385,2427
517,2428
695,2429
110,2430
627,2431
389,2432
742,2433
184,2434
672,2435
317,2436
260,2437
552,2438
645,2439
988,2440
193,2441
577,2442
920,2443
231,2444
331,2445
177,2446
143,2447
232,2448
134,2449
867,2450
367,2451
610,2452
533,2453
561,2454
886,2455
33,2456
630,2457
88,2458
264,2459
23,2460
321,2461
813,2462
351,2463
22,2464
508,2465
581,2466
844,2467
848,2468
26,2469
249,2470
858,2471
638,2472
474,2473
907,2474
401,2475
721,2476
434,2477
628,2478
193,2479
715,2480
496,2481
469,2482
772,2483
383,2484
440,2485
217,2486
769,2487
338,2488
156,2489
598,2490
904,2491
533,2492
634,2493
92,2494
449,2495
205,2496
426,2497
527,2498
63,2499
368,2500
65,2501
545,2502
368,2503
973,2504
371,2505
850,2506
957,2507
90,2508
760,2509
565,2510
303,2511
52,2512
445,2513
498,2514
552,2515
301,2516
29,2517
381,2518
707,2519
758,2520
274,2521
964,2522
368,2523
132,2524
665,2525
748,2526
291,2527
866,2528
240,2529
408,2530
707,2531
821,2532
289,2533
705,2534
814,2535
418,2536
254,2537
941,2538
873,2539
712,2540
177,2541
77,2542
259,2543
778,2544
269,2545
246,2546
903,2547
657,2548
599,2549
308,2550
911,2551
720,2552
863,2553
559,2554
550,2555
582,2556
851,2557
13,2558
687,2559
439,2560
52,2561
83,2562
403,2563
44,2564
611,2565
493,2566
32,2567
489,2568
831,2569
199,2570
848,2571
450,2572
967,2573
61,2574
165,2575
105,2576
897,2577
175,2578
595,2579
661,2580
626,2581
378,2582
187,2583
859,2584
606,2585
99,2586
410,2587
288,2588
827,2589
713,2590
654,2591
805,2592
25,2593
469,2594
891,2595
648,2596
97,2597
595,2598
977,2599
59,2600
565,2601
471,2602
143,2603
546,2604
966,2605
693,2606
322,2607
524,2608
844,2609
921,2610
867,2611
718,2612
468,2613
663,2614
570,2615
378,2616
999,2617
900,2618
647,2619
899,2620
594,2621
251,2622
287,2623
424,2624
864,2625
539,2626
441,2627
550,2628
639,2629
980,2630
749,2631
203,2632
775,2633
776,2634
553,2635
915,2636
447,2637
53,2638
846,2639
986,2640
92,2641
312,2642
1000,2643
200,2644
467,2645
137,2646
744,2647
727,2648
643,2649
975,2650
25,2651
2,2652
957,2653
970,2654
189,2655
173,2656
723,2657
813,2658
545,2659
643,2660
96,2661
635,2662
404,2663
758,2664
789,2665
544,2666
590,2667
49,2668
445,2669
381,2670
374,2671
118,2672
371,2673
980,2674
235,2675
988,2676
445,2677
794,2678
628,2679
895,2680
167,2681
463,2682
327,2683
452,2684
809,2685
804,2686
87,2687
805,2688
889,2689
954,2690
25,2691
833,2692
23,2693
279,2694
547,2695
398,2696
769,2697
200,2698
674,2699
102,2700
139,2701
143,2702
167,2703
729,2704
880,2705
752,2706
163,2707
395,2708
578,2709
350,2710
904,2711
285,2712
168,2713
98,2714
934,2715
438,2716
83,2717
222,2718
876,2719
120,2720
655,2721
214,2722
642,2723
858,2724
173,2725
7,2726
43,2727
937,2728
814,2729
34,2730
250,2731
812,2732
304,2733
806,2734
14,2735
724,2736
685,2737
290,2738
431,2739
466,2740
681,2741
80,2742
628,2743
581,2744
193,2745
83,2746
312,2747
223,2748
65,2749
352,2750
171,2751
535,2752
404,2753
9,2754
401,2755
111,2756
809,2757
846,2758
641,2759
84,2760
253,2761
74,2762
913,2763
264,2764
52,2765
867,2766
348,2767
891,2768
804,2769
49,2770
940,2771
216,2772
497,2773
955,2774
647,2775
902,2776
713,2777
741,2778
965,2779
83,2780
765,2781
703,2782
484,2783
140,2784
37,2785
695,2786
812,2787
783,2788
740,2789
463,2790
96,2791
244,2792
184,2793
650,2794
108,2795
877,2796
153,2797
976,2798
326,2799
219,2800
574,2801
885,2802
281,2803
798,2804
338,2805
611,2806
629,2807
660,2808
568,2809
900,2810
471,2811
843,2812
338,2813
665,2814
292,2815
994,2816
889,2817
824,2818
757,2819
854,2820
163,2821
150,2822
428,2823
102,2824
403,2825
127,2826
746,2827
943,2828
985,2829
212,2830
291,2831
683,2832
985,2833
915,2834
747,2835
543,2836
71,2837
864,2838
868,2839
200,2840
394,2841
289,2842
331,2843
279,2844
748,2845
256,2846
134,2847
423,2848
918,2849
305,2850
142,2851
296,2852
354,2853
8,2854
557,2855
522,2856
788,2857
530,2858
57,2859
821,2860
30,2861
114,2862
322,2863
941,2864
951,2865
745,2866
319,2867
363,2868
712,2869
352,2870
386,2871
981,2872
152,2873
130,2874
343,2875
219,2876
837,2877
263,2878
75,2879
258,2880
971,2881
383,2882
107,2883
738,2884
643,2885
250,2886
746,2887
887,2888
231,2889
716,2890
321,2891
861,2892
416,2893
702,2894
93,2895
652,2896
750,2897
517,2898
649,2899
244,2900
216,2901
59,2902
154,2903
336,2904
841,2905
560,2906
168,2907
927,2908
385,2909
129,2910
564,2911
886,2912
89,2913
581,2914
361,2915
243,2916
670,2917
210,2918
23,2919
569,2920
338,2921
48,2922
883,2923
977,2924
950,2925
367,2926
442,2927
412,2928
172,2929
846,2930
766,2931
680,2932
549,2933
322,2934
5,2935
63,2936
116,2937
118,2938
328,2939
799,2940
432,2941
369,2942
153,2943
836,2944
575,2945
949,2946
135,2947
683,2948
531,2949
838,2950
10,2951
439,2952
567,2953
724,2954
74,2955
240,2956
158,2957
299,2958
301,2959
488,2960
113,2961
275,2962
444,2963
798,2964
186,2965
978,2966
828,2967
628,2968
986,2969
425,2970
358,2971
28,2972
726,2973
237,2974
238,2975
2,2976
641,2977
682,2978
994,2979
664,2980
201,2981
366,2982
345,2983
584,2984
909,2985
63,2986
814,2987
872,2988
939,2989
699,2990
19,2991
925,2992
323,2993
478,2994
30,2995
172,2996
466,2997
666,2998
806,2999
556,3000
802,3001
240,3002
348,3003
772,3004
511,3005
839,3006
345,3007
567,3008
702,3009
954,3010
143,3011
142,3012
183,3013
506,3014
386,3015
878,3016
893,3017
46,3018
97,3019
207,3020
257,3021
888,3022
907,3023
895,3024
623,3025
755,3026
296,3027
104,3028
447,3029
983,3030
346,3031
519,3032
976,3033
828,3034
210,3035
795,3036
738,3037
839,3038
22,3039
578,3040
296,3041
649,3042
25,3043
925,3044
553,3045
854,3046
703,3047
951,3048
355,3049
118,3050
4,3051
635,3052
874,3053
869,3054
767,3055
749,3056
54,3057
143,3058
387,3059
310,3060
975,3061
410,3062
728,3063
295,3064
933,3065
271,3066
513,3067
214,3068
830,3069
690,3070
735,3071
985,3072
474,3073
148,3074
626,3075
965,3076
116,3077
359,3078
306,3079
444,3080
95,3081
342,3082
674,3083
156,3084
607,3085
498,3086
803,3087
440,3088
53,3089
713,3090
961,3091
331,3092
225,3093
42,3094
725,3095
224,3096
245,3097
433,3098
156,3099
190,3100
590,3101
348,3102
659,3103
181,3104
945,3105
755,3106
93,3107
766,3108
949,3109
403,3110
325,3111
980,3112
855,3113
27,3114
932,3115
373,3116
360,3117
402,3118
867,3119
89,3120
852,3121
480,3122
853,3123
929,3124
502,3125
959,3126
810,3127
602,3128
589,3129
906,3130
587,3131
983,3132
154,3133
858,3134
56,3135
742,3136
366,3137
919,3138
194,3139
329,3140
792,3141
292,3142
911,3143
268,3144
159,3145
533,3146
63,3147
164,3148
450,3149
83,3150
834,3151
378,3152
164,3153
269,3154
756,3155
663,3156
281,3157
927,3158
268,3159
248,3160
854,3161
538,3162
12,3163
437,3164
9,3165
371,3166
321,3167
473,3168
926,3169
90,3170
966,3171
63,3172
341,3173
992,3174
965,3175
370,3176
849,3177
966,3178
630,3179
995,3180
562,3181
140,3182
140,3183
104,3184
301,3185
881,3186
750,3187
430,3188
51,3189
925,3190
436,3191
729,3192
176,3193
521,3194
500,3195
508,3196
757,3197
17,3198
329,3199
750,3200
518,3201
604,3202
276,3203
683,3204
606,3205
725,3206
429,3207
11,3208
38,3209
122,3210
313,3211
82,3212
627,3213
574,3214
984,3215
82,3216
199,3217
599,3218
978,3219
610,3220
504,3221
982,3222
236,3223
268,3224
420,3225
457,3226
797,3227
223,3228
241,3229
585,3230
71,3231
596,3232
734,3233
207,3234
982,3235
39,3236
331,3237
443,3238
501,3239
851,3240
963,3241
916,3242
308,3243
756,3244
937,3245
872,3246
396,3247
198,3248
643,3249
749,3250
805,3251
391,3252
751,3253
850,3254
823,3255
364,3256
78,3257
597,3258
132,3259
287,3260
134,3261
100,3262
468,3263
556,3264
813,3265
847,3266
609,3267
330,3268
450,3269
732,3270
806,3271
512,3272
592,3273
175,3274
998,3275
655,3276
740,3277
671,3278
273,3279
195,3280
833,3281
639,3282
825,3283
765,3284
530,3285
916,3286
839,3287
635,3288
228,3289
46,3290
125,3291
671,3292
257,3293
186,3294
302,3295
72,3296
126,3297
209,3298
811,3299
265,3300
446,3301
137,3302
298,3303
205,3304
137,3305
750,3306
409,3307
23,3308
623,3309
586,3310
203,3311
460,3312
15,3313
807,3314
786,3315
382,3316
858,3317
148,3318
967,3319
376,3320
908,3321
736,3322
379,3323
427,3324
393,3325
177,3326
114,3327
212,3328
466,3329
851,3330
159,3331
779,3332
422,3333
858,3334
775,3335
142,3336
720,3337
599,3338
193,3339
449,3340
34,3341
146,3342
82,3343
312,3344
867,3345
544,3346
43,3347
847,3348
282,3349
852,3350
36,3351
836,3352
693,3353
925,3354
836,3355
609,3356
854,3357
755,3358
61,3359
848,3360
510,3361
633,3362
986,3363
917,3364
90,3365
686,3366
219,3367
567,3368
976,3369
628,3370
444,3371
72,3372
490,3373
8,3374
648,3375
556,3376
674,3377
986,3378
948,3379
210,3380
793,3381
640,3382
699,3383
833,3384
693,3385
657,3386
90,3387
452,3388
73,3389
539,3390
639,3391
616,3392
296,3393
921,3394
671,3395
626,3396
278,3397
996,3398
301,3399
945,3400
606,3401
215,3402
447,3403
846,3404
543,3405
13,3406
385,3407
860,3408
705,3409
890,3410
675,3411
419,3412
646,3413
727,3414
967,3415
767,3416
923,3417
400,3418
291,3419
37,3420
194,3421
169,3422
645,3423
206,3424
343,3425
280,3426
888,3427
697,3428
738,3429
517,3430
876,3431
724,3432
664,3433
472,3434
460,3435
926,3436
773,3437
874,3438
998,3439
347,3440
662,3441
999,3442
825,3443
558,3444
81,3445
698,3446
846,3447
815,3448
598,3449
347,3450
21,3451
185,3452
154,3453
244,3454
916,3455
99,3456
947,3457
343,3458
233,3459
736,3460
151,3461
279,3462
982,3463
452,3464
782,3465
11,3466
872,3467
27,3468
954,3469
487,3470
693,3471
19,3472
597,3473
835,3474
121,3475
558,3476
590,3477
864,3478
739,3479
710,3480
60,3481
230,3482
192,3483
130,3484
654,3485
233,3486
173,3487
635,3488
597,3489
540,3490
510,3491
964,3492
394,3493
501,3494
308,3495
588,3496
481,3497
858,3498
874,3499
591,3500
935,3501
509,3502
157,3503
533,3504
633,3505
117,3506
98,3507
103,3508
352,3509
681,3510
828,3511
492,3512
982,3513
248,3514
652,3515
1,3516
788,3517
400,3518
211,3519
21,3520
955,3521
602,3522
464,3523
165,3524
969,3525
789,3526
189,3527
269,3528
860,3529
508,3530
20,3531
380,3532
566,3533
990,3534
900,3535
72,3536
688,3537
997,3538
680,3539
752,3540
186,3541
906,3542
867,3543
25,3544
686,3545
163,3546
376,3547
436,3548
112,3549
362,3550
399,3551
939,3552
472,3553
897,3554
924,3555
744,3556
273,3557
708,3558
412,3559
129,3560
132,3561
672,3562
363,3563
972,3564
240,3565
319,3566
566,3567
59,3568
800,3569
722,3570
974,3571
478,3572
246,3573
491,3574
156,3575
242,3576
89,3577
423,3578
257,3579
240,3580
958,3581
489,3582
307,3583
890,3584
592,3585
833,3586
783,3587
266,3588
320,3589
993,3590
987,3591
276,3592
631,3593
270,3594
638,3595
336,3596
75,3597
295,3598
922,3599
815,3600
909,3601
798,3602
95,3603
584,3604
519,3605
41,3606
803,3607
802,3608
263,3609
937,3610
558,3611
626,3612
169,3613
209,3614
292,3615
273,3616
686,3617
455,3618
327,3619
973,3620
987,3621
967,3622
622,3623
491,3624
545,3625
139,3626
58,3627
919,3628
966,3629
765,3630
668,3631
163,3632
652,3633
795,3634
798,3635
246,3636
19,3637
79,3638
85,3639
435,3640
133,3641
315,3642
163,3643
311,3644
265,3645
348,3646
882,3647
528,3648
412,3649
511,3650
448,3651
300,3652
932,3653
115,3654
130,3655
983,3656
860,3657
806,3658
989,3659
379,3660
915,3661
106,3662
250,3663
952,3664
924,3665
332,3666
903,3667
11,3668
834,3669
846,3670
445,3671
439,3672
232,3673
729,3674
116,3675
752,3676
137,3677
682,3678
433,3679
195,3680
716,3681
221,3682
343,3683
588,3684
748,3685
19,3686
59,3687
500,3688
977,3689
725,3690
504,3691
562,3692
326,3693
841,3694
538,3695
595,3696
949,3697
554,3698
463,3699
391,3700
109,3701
268,3702
873,3703
55,3704
749,3705
95,3706
908,3707
709,3708
660,3709
409,3710
840,3711
658,3712
110,3713
528,3714
743,3715
996,3716
803,3717
181,3718
215,3719
62,3720
950,3721
413,3722
337,3723
592,3724
394,3725
62,3726
553,3727
342,3728
598,3729
916,3730
601,3731
681,3732
58,3733
526,3734
302,3735
254,3736
564,3737
609,3738
531,3739
472,3740
663,3741
561,3742
986,3743
540,3744
302,3745
391,3746
495,3747
878,3748
39,3749
631,3750
794,3751
2,3752
575,3753
790,3754
319,3755
429,3756
195,3757
854,3758
436,3759
624,3760
333,3761
456,3762
497,3763
737,3764
831,3765
255,3766
929,3767
882,3768
44,3769
316,3770
763,3771
376,3772
227,3773
698,3774
733,3775
693,3776
608,3777
933,3778
611,3779
201,3780
650,3781
702,3782
808,3783
124,3784
822,3785
620,3786
396,3787
232,3788
221,3789
901,3790
115,3791
647,3792
687,3793
674,3794
940,3795
101,3796
356,3797
936,3798
561,3799
876,3800
973,3801
518,3802
870,3803
702,3804
575,3805
173,3806
300,3807
86,3808
443,3809
504,3810
176,3811
261,3812
859,3813
187,3814
526,3815
283,3816
375,3817
891,3818
514,3819
773,3820
857,3821
262,3822
165,3823
831,3824
915,3825
142,3826
505,3827
403,3828
915,3829
577,3830
697,3831
161,3832
686,3833
551,3834
569,3835
185,3836
368,3837
946,3838
627,3839
154,3840
366,3841
55,3842
925,3843
642,3844
708,3845
567,3846
593,3847
280,3848
983,3849
56,3850
302,3851
913,3852
53,3853
632,3854
848,3855
967,3856
502,3857
933,3858
981,3859
993,3860
327,3861
767,3862
74,3863
627,3864
527,3865
13,3866
716,3867
19,3868
515,3869
568,3870
570,3871
277,3872
761,3873
677,3874
443,3875
457,3876
811,3877
77,3878
665,3879
822,3880
30,3881
443,3882
21,3883
542,3884
99,3885
866,3886
822,3887
637,3888
491,3889
416,3890
88,3891
368,3892
487,3893
638,3894
771,3895
559,3896
904,3897
609,3898
166,3899
504,3900
631,3901
822,3902
817,3903
463,3904
291,3905
45,3906
221,3907
478,3908
178,3909
471,3910
721,3911
714,3912
763,3913
814,3914
882,3915
183,3916
199,3917
409,3918
737,3919
139,3920
708,3921
835,3922
781,3923
696,3924
705,3925
859,3926
809,3927
251,3928
820,3929
425,3930
286,3931
404,3932
812,3933
185,3934
946,3935
890,3936
682,3937
184,3938
934,3939
888,3940
576,3941
306,3942
283,3943
486,3944
629,3945
142,3946
118,3947
438,3948
713,3949
207,3950
155,3951
586,3952
386,3953
481,3954
302,3955
659,3956
480,3957
293,3958
125,3959
766,3960
140,3961
605,3962
155,3963
605,3964
538,3965
639,3966
74,3967
949,3968
284,3969
938,3970
273,3971
655,3972
448,3973
370,3974
257,3975
171,3976
862,3977
467,3978
299,3979
429,3980
150,3981
957,3982
592,3983
213,3984
291,3985
763,3986
78,3987
561,3988
480,3989
24,3990
605,3991
588,3992
56,3993
355,3994
591,3995
336,3996
685,3997
576,3998
841,3999
884,4000
867,4001
541,4002
351,4003
618,4004
761,4005
320,4006
818,4007
381,4008
312,4009
124,4010
351,4011
898,4012
56,4013
749,4014
241,4015
576,4016
630,4017
406,4018
196,4019
993,4020
987,4021
215,4022
310,4023
911,4024
236,4025
635,4026
490,4027
668,4028
941,4029
769,4030
313,4031
687,4032
291,4033
291,4034
942,4035
500,4036
329,4037
725,4038
183,4039
813,4040
644,4041
632,4042
72,4043
386,4044
987,4045
650,4046
810,4047
748,4048
609,4049
973,4050
183,4051
147,4052
409,4053
240,4054
397,4055
295,4056
532,4057
414,4058
319,4059
761,4060
540,4061
211,4062
92,4063
140,4064
306,4065
447,4066
151,4067
984,4068
534,4069
967,4070
20,4071
47,4072
589,4073
253,4074
487,4075
340,4076
416,4077
934,4078
953,4079
727,4080
623,4081
157,4082
799,4083
92,4084
251,4085
267,4086
500,4087
171,4088
237,4089
941,4090
779,4091
735,4092
167,4093
574,4094
582,4095
386,4096
993,4097
707,4098
924,4099
79,4100
130,4101
147,4102
86,4103
592,4104
624,4105
768,4106
27,4107
184,4108
680,4109
289,4110
672,4111
703,4112
266,4113
728,4114
94,4115
681,4116
476,4117
261,4118
2,4119
31,4120
537,4121
5,4122
75,4123
185,4124
106,4125
938,4126
153,4127
61,4128
188,4129
290,4130
49,4131
760,4132
823,4133
490,4134
567,4135
310,4136
982,4137
214,4138
554,4139
973,4140