person_id,start_time,ending_time,total_hours,total_overtime,schedule_observation
28,2021-04-17 08:54:17,2021-04-17 20:54:17,12,4,cum
32,2018-01-13 20:59:54,2018-01-14 08:59:54,12,4,hac habitasse platea dictumst
36,2022-05-05 07:29:57,2022-05-05 16:29:57,9,1,proin eu mi nulla ac
37,2019-12-20 07:50:45,2019-12-20 19:50:45,12,4,ac est
39,2021-10-28 18:30:26,2021-10-29 02:30:26,8,0,felis eu
41,2019-12-02 20:14:11,2019-12-03 05:14:11,9,1,curabitur
42,2018-10-20 11:08:43,2018-10-20 21:08:43,10,2,est phasellus sit amet erat
44,2020-02-22 23:11:01,2020-02-23 13:11:01,14,6,id ligula
45,2021-03-14 15:00:28,2021-03-15 01:00:28,10,2,bibendum morbi non
46,2020-03-14 13:10:44,2020-03-15 02:10:44,13,5,placerat ante nulla justo aliquam
47,2021-05-02 15:13:24,2021-05-03 05:13:24,14,6,quis
66,2021-04-29 06:54:14,2021-04-29 18:54:14,12,4,augue vestibulum rutrum rutrum neque
70,2020-03-15 14:40:04,2020-03-16 00:40:04,10,2,eu massa donec dapibus duis
71,2022-01-20 06:14:14,2022-01-20 14:14:14,8,0,mi nulla ac enim in
74,2019-01-13 21:23:39,2019-01-14 10:23:39,13,5,libero rutrum ac lobortis vel
76,2021-09-22 05:21:22,2021-09-22 14:21:22,9,1,semper sapien a
117,2021-07-06 06:50:57,2021-07-06 14:50:57,8,0,pede ullamcorper augue a
121,2019-05-20 04:40:15,2019-05-20 12:40:15,8,0,aliquam non mauris morbi
123,2019-09-19 17:33:49,2019-09-20 06:33:49,13,5,quis
126,2018-12-22 23:17:04,2018-12-23 07:17:04,8,0,ut rhoncus aliquet pulvinar sed
128,2019-05-20 07:32:31,2019-05-20 18:32:31,11,3,semper
130,2018-02-14 09:06:05,2018-02-14 18:06:05,9,1,vestibulum ante ipsum
131,2019-01-21 04:42:29,2019-01-21 17:42:29,13,5,congue vivamus metus arcu
132,2018-09-13 14:40:07,2018-09-13 22:40:07,8,0,nulla ut erat
136,2018-10-03 06:01:17,2018-10-03 19:01:17,13,5,ante nulla justo
137,2019-10-09 03:50:12,2019-10-09 14:50:12,11,3,in congue etiam justo
139,2019-03-03 23:22:37,2019-03-04 11:22:37,12,4,odio porttitor
158,2018-09-15 05:34:09,2018-09-15 15:34:09,10,2,massa
163,2021-12-07 17:55:31,2021-12-08 03:55:31,10,2,sed magna at
167,2019-07-09 16:54:50,2019-07-10 04:54:50,12,4,neque libero convallis eget
168,2021-05-17 18:38:04,2021-05-18 04:38:04,10,2,et eros
169,2019-08-11 12:53:46,2019-08-12 02:53:46,14,6,in
170,2019-05-26 09:50:35,2019-05-26 20:50:35,11,3,turpis
171,2021-01-17 11:11:35,2021-01-18 01:11:35,14,6,mauris viverra diam vitae quam
172,2020-02-19 14:59:35,2020-02-20 02:59:35,12,4,elit ac
176,2020-08-16 15:31:37,2020-08-17 03:31:37,12,4,vestibulum vestibulum
177,2019-05-09 14:49:22,2019-05-10 04:49:22,14,6,elementum pellentesque quisque porta
178,2018-05-27 13:17:43,2018-05-28 01:17:43,12,4,quisque arcu libero
182,2018-02-15 00:31:37,2018-02-15 12:31:37,12,4,venenatis lacinia aenean sit
214,2019-12-25 12:38:49,2019-12-26 01:38:49,13,5,eget orci vehicula
215,2022-03-30 14:55:03,2022-03-31 03:55:03,13,5,accumsan felis ut
219,2019-02-19 11:55:33,2019-02-19 21:55:33,10,2,ipsum primis in
220,2020-03-30 16:42:00,2020-03-31 02:42:00,10,2,leo maecenas pulvinar
224,2021-10-28 16:22:08,2021-10-29 05:22:08,13,5,nam nulla integer pede
225,2020-01-01 17:15:14,2020-01-02 02:15:14,9,1,fusce congue diam id
258,2020-08-26 04:48:34,2020-08-26 15:48:34,11,3,in ante vestibulum
261,2018-05-06 13:46:49,2018-05-07 00:46:49,11,3,odio justo sollicitudin ut
262,2021-05-31 11:14:29,2021-05-31 21:14:29,10,2,dictumst
263,2018-12-10 04:09:08,2018-12-10 18:09:08,14,6,enim blandit mi
264,2021-02-14 06:57:59,2021-02-14 16:57:59,10,2,erat volutpat in congue
302,2022-01-18 11:49:06,2022-01-19 01:49:06,14,6,quam
303,2021-02-12 02:27:57,2021-02-12 11:27:57,9,1,fusce lacus purus aliquet at
304,2020-05-23 12:53:43,2020-05-23 20:53:43,8,0,at feugiat non
306,2019-07-27 02:45:39,2019-07-27 14:45:39,12,4,auctor gravida
307,2021-04-27 23:31:38,2021-04-28 11:31:38,12,4,nam ultrices
308,2019-02-04 00:16:44,2019-02-04 12:16:44,12,4,hac habitasse platea dictumst
312,2019-09-24 06:56:49,2019-09-24 20:56:49,14,6,vestibulum sit amet cursus
313,2019-12-23 21:10:35,2019-12-24 11:10:35,14,6,neque aenean
315,2021-01-24 04:05:41,2021-01-24 13:05:41,9,1,nulla suspendisse potenti cras in
316,2022-02-25 17:31:56,2022-02-26 06:31:56,13,5,nec condimentum neque
317,2019-12-01 22:38:38,2019-12-02 11:38:38,13,5,morbi
361,2018-04-23 12:08:54,2018-04-23 22:08:54,10,2,sem
364,2021-03-24 18:36:46,2021-03-25 07:36:46,13,5,rutrum neque aenean auctor gravida
367,2021-02-09 11:06:58,2021-02-10 01:06:58,14,6,habitasse platea
370,2021-01-20 23:01:31,2021-01-21 13:01:31,14,6,enim leo rhoncus
375,2019-02-08 15:41:32,2019-02-09 02:41:32,11,3,ut ultrices vel augue vestibulum
376,2021-03-10 20:38:43,2021-03-11 08:38:43,12,4,non lectus aliquam
381,2018-01-22 02:08:59,2018-01-22 14:08:59,12,4,eget
382,2020-03-13 18:36:03,2020-03-14 07:36:03,13,5,mi pede
384,2021-10-10 18:04:31,2021-10-11 05:04:31,11,3,justo
385,2018-08-05 22:32:54,2018-08-06 06:32:54,8,0,at
387,2019-11-12 12:35:11,2019-11-12 23:35:11,11,3,nulla suspendisse potenti
390,2018-04-26 10:48:24,2018-04-26 19:48:24,9,1,sollicitudin ut suscipit a
391,2019-12-01 15:53:01,2019-12-02 04:53:01,13,5,et ultrices posuere cubilia curae
393,2018-11-25 14:23:43,2018-11-26 02:23:43,12,4,vel lectus
395,2019-07-12 05:21:10,2019-07-12 16:21:10,11,3,leo rhoncus sed vestibulum sit
399,2021-03-22 01:17:51,2021-03-22 14:17:51,13,5,phasellus id sapien in sapien
400,2018-06-12 06:51:53,2018-06-12 18:51:53,12,4,ac
401,2020-09-08 11:38:22,2020-09-08 22:38:22,11,3,sapien iaculis congue vivamus
456,2020-06-25 15:48:35,2020-06-26 01:48:35,10,2,nonummy
457,2020-09-30 15:50:30,2020-10-01 01:50:30,10,2,nec condimentum neque
459,2019-04-04 05:35:40,2019-04-04 14:35:40,9,1,mus
464,2019-12-01 08:47:24,2019-12-01 18:47:24,10,2,justo sollicitudin ut suscipit a
465,2021-01-19 18:24:46,2021-01-20 04:24:46,10,2,arcu adipiscing molestie hendrerit
467,2019-06-01 14:26:34,2019-06-02 02:26:34,12,4,congue vivamus metus
468,2019-03-21 08:52:08,2019-03-21 21:52:08,13,5,duis consequat
469,2020-03-16 22:00:50,2020-03-17 07:00:50,9,1,magnis dis parturient montes nascetur
472,2018-12-28 10:07:41,2018-12-28 22:07:41,12,4,potenti cras in purus
474,2019-03-05 11:07:01,2019-03-06 01:07:01,14,6,et eros
477,2020-06-11 17:31:52,2020-06-12 06:31:52,13,5,massa id nisl venenatis lacinia
522,2020-07-08 15:52:26,2020-07-09 03:52:26,12,4,at
523,2021-07-08 07:03:13,2021-07-08 21:03:13,14,6,ultrices libero non mattis pulvinar
524,2020-10-04 08:42:43,2020-10-04 21:42:43,13,5,in
529,2018-09-28 06:28:46,2018-09-28 14:28:46,8,0,vel sem sed sagittis nam
531,2018-07-10 04:07:05,2018-07-10 12:07:05,8,0,ipsum dolor
532,2020-09-01 02:42:22,2020-09-01 12:42:22,10,2,donec
536,2018-11-26 00:40:46,2018-11-26 11:40:46,11,3,mauris
537,2020-06-08 03:17:10,2020-06-08 13:17:10,10,2,fringilla rhoncus mauris
538,2021-06-09 18:45:50,2021-06-10 04:45:50,10,2,elementum ligula vehicula
543,2019-08-13 03:40:14,2019-08-13 17:40:14,14,6,nullam
547,2018-01-07 13:48:08,2018-01-08 00:48:08,11,3,vel est donec odio justo
550,2022-03-04 19:49:51,2022-03-05 06:49:51,11,3,sed ante
552,2020-06-01 08:40:23,2020-06-01 20:40:23,12,4,blandit lacinia erat vestibulum
553,2020-09-13 00:21:07,2020-09-13 12:21:07,12,4,sed lacus morbi sem mauris
554,2018-11-11 11:17:27,2018-11-12 01:17:27,14,6,mauris non
555,2018-12-25 18:31:46,2018-12-26 08:31:46,14,6,volutpat sapien
556,2018-10-13 08:01:57,2018-10-13 21:01:57,13,5,cubilia curae donec pharetra magna
559,2018-02-27 01:34:28,2018-02-27 11:34:28,10,2,maecenas ut massa quis augue
560,2022-01-12 20:23:56,2022-01-13 04:23:56,8,0,mauris morbi non lectus aliquam
562,2018-07-18 09:56:37,2018-07-18 17:56:37,8,0,sed sagittis
565,2018-07-10 06:56:11,2018-07-10 17:56:11,11,3,cursus id turpis
566,2020-05-03 19:50:59,2020-05-04 05:50:59,10,2,aenean sit amet
567,2020-09-22 21:18:21,2020-09-23 10:18:21,13,5,rutrum
569,2019-09-18 15:05:54,2019-09-19 03:05:54,12,4,neque aenean auctor gravida
570,2019-11-01 13:42:21,2019-11-01 22:42:21,9,1,diam vitae quam suspendisse potenti
571,2020-01-31 06:06:18,2020-01-31 14:06:18,8,0,interdum venenatis turpis
574,2019-09-21 11:35:57,2019-09-21 19:35:57,8,0,porta
575,2022-03-18 15:20:52,2022-03-19 03:20:52,12,4,amet turpis elementum ligula vehicula
576,2018-07-16 01:10:24,2018-07-16 14:10:24,13,5,lorem
632,2021-05-25 09:18:40,2021-05-25 22:18:40,13,5,massa donec dapibus duis at
635,2020-09-18 14:04:31,2020-09-19 04:04:31,14,6,curabitur gravida nisi
638,2022-03-16 13:43:57,2022-03-17 02:43:57,13,5,suscipit a feugiat et
639,2021-05-02 12:46:31,2021-05-03 00:46:31,12,4,sed ante vivamus
644,2021-03-02 22:28:58,2021-03-03 08:28:58,10,2,donec posuere metus
645,2022-04-18 12:31:16,2022-04-18 21:31:16,9,1,interdum in ante
647,2018-10-13 10:41:43,2018-10-13 22:41:43,12,4,ac
650,2021-03-17 01:49:39,2021-03-17 12:49:39,11,3,amet
654,2019-10-23 12:10:55,2019-10-23 21:10:55,9,1,enim blandit mi in
655,2019-03-05 17:29:25,2019-03-06 05:29:25,12,4,orci nullam molestie nibh
656,2020-06-10 19:13:44,2020-06-11 03:13:44,8,0,lacus at
658,2021-10-13 21:06:38,2021-10-14 08:06:38,11,3,odio justo sollicitudin ut
659,2018-01-01 01:51:37,2018-01-01 15:51:37,14,6,nibh fusce lacus purus
660,2019-05-18 14:02:04,2019-05-19 04:02:04,14,6,vivamus in felis eu
710,2019-04-09 21:28:34,2019-04-10 07:28:34,10,2,augue vel accumsan
712,2020-03-17 09:45:06,2020-03-17 21:45:06,12,4,nibh quisque id justo
713,2021-01-02 08:06:24,2021-01-02 22:06:24,14,6,sapien arcu sed augue
717,2018-02-12 16:15:23,2018-02-13 01:15:23,9,1,elementum nullam
718,2018-10-04 09:46:41,2018-10-04 18:46:41,9,1,tincidunt ante vel ipsum
719,2019-03-14 10:30:41,2019-03-14 23:30:41,13,5,a nibh in quis justo
753,2019-10-28 14:15:52,2019-10-28 22:15:52,8,0,proin
755,2022-04-13 20:49:23,2022-04-14 06:49:23,10,2,tincidunt
756,2021-01-05 08:25:54,2021-01-05 21:25:54,13,5,condimentum id
758,2019-11-15 02:23:46,2019-11-15 14:23:46,12,4,vestibulum ante
760,2018-06-09 06:30:08,2018-06-09 16:30:08,10,2,pellentesque quisque porta volutpat erat
763,2018-05-06 19:54:41,2018-05-07 08:54:41,13,5,elementum
765,2020-03-11 16:19:18,2020-03-12 06:19:18,14,6,massa quis augue
768,2021-01-15 19:40:36,2021-01-16 03:40:36,8,0,tortor id nulla ultrices
770,2018-03-27 02:31:48,2018-03-27 16:31:48,14,6,tempus vel
771,2021-08-27 12:59:36,2021-08-28 02:59:36,14,6,ligula in
774,2021-04-24 02:06:26,2021-04-24 14:06:26,12,4,pellentesque
776,2021-10-08 04:52:46,2021-10-08 14:52:46,10,2,ut erat curabitur gravida
779,2019-11-05 02:52:29,2019-11-05 16:52:29,14,6,tortor quis turpis
782,2018-04-20 17:26:25,2018-04-21 05:26:25,12,4,volutpat
783,2019-09-19 09:30:39,2019-09-19 22:30:39,13,5,sem
784,2018-02-06 20:46:33,2018-02-07 08:46:33,12,4,etiam faucibus cursus urna ut
787,2018-07-16 20:39:45,2018-07-17 10:39:45,14,6,sapien
788,2019-01-04 00:24:44,2019-01-04 12:24:44,12,4,in est
790,2018-01-04 21:08:33,2018-01-05 09:08:33,12,4,morbi non quam nec dui
791,2020-07-16 21:45:47,2020-07-17 11:45:47,14,6,integer aliquet massa id lobortis
792,2020-06-27 01:06:42,2020-06-27 14:06:42,13,5,eu
793,2018-03-11 17:47:28,2018-03-12 01:47:28,8,0,nec
794,2019-06-29 13:20:04,2019-06-30 03:20:04,14,6,nibh fusce lacus purus
795,2019-07-12 20:57:15,2019-07-13 05:57:15,9,1,dapibus at diam
796,2018-02-02 23:12:47,2018-02-03 09:12:47,10,2,quam suspendisse
797,2021-08-13 05:38:04,2021-08-13 14:38:04,9,1,felis sed
801,2022-01-29 18:12:09,2022-01-30 07:12:09,13,5,consectetuer eget
860,2022-01-05 06:38:03,2022-01-05 15:38:03,9,1,quam sollicitudin vitae consectetuer
861,2021-04-15 20:20:55,2021-04-16 04:20:55,8,0,ut odio cras mi
862,2019-08-07 08:50:53,2019-08-07 18:50:53,10,2,integer tincidunt ante vel
865,2021-07-11 14:45:32,2021-07-12 00:45:32,10,2,in est risus
866,2018-04-05 00:30:10,2018-04-05 08:30:10,8,0,morbi
914,2020-12-03 03:44:23,2020-12-03 13:44:23,10,2,quam suspendisse potenti
918,2019-05-18 20:48:27,2019-05-19 07:48:27,11,3,mauris
921,2019-05-16 22:13:58,2019-05-17 07:13:58,9,1,praesent
923,2021-02-21 16:43:03,2021-02-22 01:43:03,9,1,ut erat id
925,2022-02-14 10:08:00,2022-02-14 18:08:00,8,0,ullamcorper purus sit
926,2021-02-08 06:14:58,2021-02-08 18:14:58,12,4,eget massa
928,2021-06-28 18:49:10,2021-06-29 04:49:10,10,2,scelerisque quam turpis adipiscing
932,2019-10-17 16:30:24,2019-10-18 04:30:24,12,4,luctus
959,2018-10-18 11:26:54,2018-10-19 00:26:54,13,5,ultrices libero non
960,2018-07-26 06:14:45,2018-07-26 16:14:45,10,2,semper porta
961,2019-06-14 12:14:17,2019-06-15 00:14:17,12,4,lorem vitae mattis
968,2018-06-06 05:22:39,2018-06-06 13:22:39,8,0,ultrices
977,2020-04-04 02:53:13,2020-04-04 16:53:13,14,6,at nunc commodo placerat
979,2020-03-16 01:43:42,2020-03-16 11:43:42,10,2,enim in
982,2021-05-11 12:48:22,2021-05-11 21:48:22,9,1,libero nullam sit
983,2020-01-27 14:22:19,2020-01-28 01:22:19,11,3,nec molestie sed justo pellentesque
986,2019-03-25 15:29:46,2019-03-26 03:29:46,12,4,pede lobortis ligula
987,2021-04-26 06:30:29,2021-04-26 18:30:29,12,4,proin leo odio porttitor id
988,2019-01-01 00:41:09,2019-01-01 08:41:09,8,0,porttitor lacus at
989,2020-03-20 06:23:18,2020-03-20 19:23:18,13,5,lorem vitae mattis nibh ligula
990,2020-07-04 03:18:30,2020-07-04 14:18:30,11,3,semper sapien a libero nam
991,2020-02-07 19:42:45,2020-02-08 05:42:45,10,2,vestibulum
992,2020-05-11 23:38:36,2020-05-12 07:38:36,8,0,sed tristique in
993,2021-04-20 10:32:28,2021-04-21 00:32:28,14,6,semper interdum mauris ullamcorper purus
995,2019-10-31 12:41:09,2019-11-01 01:41:09,13,5,at diam
996,2018-01-23 05:44:10,2018-01-23 18:44:10,13,5,donec
997,2019-09-07 02:13:11,2019-09-07 13:13:11,11,3,luctus tincidunt nulla
999,2021-10-08 03:48:14,2021-10-08 11:48:14,8,0,sit amet consectetuer adipiscing elit
28,2020-03-29 20:38:54,2020-03-30 08:38:54,12,4,magnis
32,2019-12-29 21:58:03,2019-12-30 05:58:03,8,0,eros elementum
36,2018-07-14 21:09:28,2018-07-15 06:09:28,9,1,diam in magna bibendum
37,2021-11-05 03:26:47,2021-11-05 16:26:47,13,5,ullamcorper augue a suscipit
39,2022-05-15 07:04:41,2022-05-15 16:04:41,9,1,ac enim in
41,2018-04-08 12:09:49,2018-04-09 02:09:49,14,6,enim lorem
42,2020-01-21 08:48:06,2020-01-21 21:48:06,13,5,orci luctus et ultrices posuere
44,2018-01-21 21:17:43,2018-01-22 11:17:43,14,6,felis fusce posuere felis sed
45,2021-11-26 08:34:38,2021-11-26 22:34:38,14,6,ipsum primis
46,2021-09-10 16:58:54,2021-09-11 04:58:54,12,4,donec vitae nisi nam
47,2019-01-06 01:59:04,2019-01-06 13:59:04,12,4,malesuada in
66,2022-02-15 17:21:26,2022-02-16 01:21:26,8,0,risus praesent lectus vestibulum quam
70,2020-05-10 13:35:24,2020-05-11 01:35:24,12,4,id nisl venenatis
71,2018-02-20 12:19:21,2018-02-21 02:19:21,14,6,posuere nonummy integer non
74,2019-12-17 20:39:35,2019-12-18 04:39:35,8,0,iaculis justo in
76,2018-06-08 02:29:36,2018-06-08 11:29:36,9,1,nam nulla integer pede justo
117,2021-03-13 19:02:36,2021-03-14 06:02:36,11,3,nunc
121,2019-04-02 00:10:21,2019-04-02 13:10:21,13,5,neque sapien placerat ante nulla
123,2021-05-03 02:27:40,2021-05-03 15:27:40,13,5,pulvinar lobortis
126,2019-03-20 06:29:50,2019-03-20 16:29:50,10,2,ultrices
128,2019-03-14 19:51:43,2019-03-15 03:51:43,8,0,in sapien
130,2021-02-24 15:15:18,2021-02-24 23:15:18,8,0,ligula nec
131,2022-02-05 15:09:19,2022-02-06 01:09:19,10,2,rhoncus
132,2020-11-01 01:14:29,2020-11-01 13:14:29,12,4,sapien varius ut blandit
136,2019-10-02 06:30:47,2019-10-02 16:30:47,10,2,proin
137,2018-11-07 10:42:53,2018-11-07 21:42:53,11,3,odio porttitor
139,2018-08-29 22:20:36,2018-08-30 07:20:36,9,1,turpis donec
158,2019-04-13 21:27:35,2019-04-14 08:27:35,11,3,accumsan
163,2019-06-29 13:45:57,2019-06-29 23:45:57,10,2,eu mi
167,2020-05-26 07:01:52,2020-05-26 17:01:52,10,2,nulla mollis
168,2018-05-09 22:31:03,2018-05-10 09:31:03,11,3,pede posuere nonummy
169,2021-02-05 15:59:34,2021-02-06 05:59:34,14,6,nisl aenean lectus pellentesque eget
170,2021-06-17 10:21:33,2021-06-17 18:21:33,8,0,tristique tortor
171,2019-10-09 12:26:04,2019-10-09 21:26:04,9,1,arcu
172,2020-08-14 04:16:47,2020-08-14 17:16:47,13,5,rhoncus mauris enim leo rhoncus
176,2021-05-07 14:18:48,2021-05-08 03:18:48,13,5,eu felis fusce posuere
177,2021-11-08 09:35:48,2021-11-08 21:35:48,12,4,libero convallis eget eleifend
178,2021-11-04 20:15:00,2021-11-05 06:15:00,10,2,maecenas
182,2019-11-01 02:44:06,2019-11-01 15:44:06,13,5,ut nulla sed accumsan
214,2019-08-06 10:04:06,2019-08-06 21:04:06,11,3,volutpat sapien arcu
215,2018-04-02 14:16:02,2018-04-03 02:16:02,12,4,quam a odio in
219,2020-09-21 21:33:04,2020-09-22 07:33:04,10,2,vestibulum ante ipsum
220,2022-05-12 06:04:09,2022-05-12 19:04:09,13,5,ac
224,2019-03-11 22:03:46,2019-03-12 07:03:46,9,1,volutpat dui
225,2022-04-01 04:14:15,2022-04-01 16:14:15,12,4,lectus pellentesque eget nunc
258,2019-04-28 01:05:11,2019-04-28 09:05:11,8,0,erat
261,2020-05-11 06:55:34,2020-05-11 18:55:34,12,4,ultrices enim lorem
262,2020-04-08 09:50:33,2020-04-08 19:50:33,10,2,varius
263,2021-02-10 19:44:31,2021-02-11 08:44:31,13,5,amet
264,2020-12-09 13:22:24,2020-12-09 23:22:24,10,2,ultrices
302,2021-04-04 07:34:50,2021-04-04 15:34:50,8,0,auctor gravida sem praesent
303,2018-07-27 15:02:48,2018-07-28 01:02:48,10,2,sapien a libero
304,2021-07-02 12:40:33,2021-07-02 22:40:33,10,2,in
306,2022-01-01 18:04:02,2022-01-02 05:04:02,11,3,ipsum integer a
307,2020-09-03 19:50:50,2020-09-04 04:50:50,9,1,platea
308,2019-11-20 05:10:20,2019-11-20 15:10:20,10,2,porttitor pede justo eu
312,2021-05-27 00:40:10,2021-05-27 14:40:10,14,6,nunc rhoncus dui
313,2021-03-07 02:20:29,2021-03-07 16:20:29,14,6,aliquet pulvinar sed nisl
315,2019-12-30 00:56:05,2019-12-30 11:56:05,11,3,sem
316,2019-11-25 04:35:16,2019-11-25 13:35:16,9,1,consectetuer eget rutrum
317,2021-08-13 15:19:31,2021-08-13 23:19:31,8,0,interdum mauris
361,2020-07-01 23:18:03,2020-07-02 07:18:03,8,0,ipsum dolor sit amet consectetuer
364,2018-06-25 19:06:01,2018-06-26 07:06:01,12,4,massa volutpat convallis morbi
367,2019-08-21 00:57:14,2019-08-21 08:57:14,8,0,felis fusce posuere felis
370,2021-04-29 07:14:35,2021-04-29 15:14:35,8,0,urna ut tellus nulla ut
375,2021-04-22 07:03:45,2021-04-22 16:03:45,9,1,nisl duis
376,2019-10-20 00:17:11,2019-10-20 13:17:11,13,5,diam neque vestibulum
381,2018-02-13 05:16:39,2018-02-13 18:16:39,13,5,rutrum neque
382,2019-10-18 12:36:31,2019-10-19 02:36:31,14,6,augue
384,2019-06-28 10:30:12,2019-06-28 23:30:12,13,5,lobortis convallis tortor risus
385,2018-01-24 07:38:35,2018-01-24 18:38:35,11,3,eget
387,2021-02-03 23:20:11,2021-02-04 09:20:11,10,2,velit vivamus vel
390,2019-03-03 06:21:33,2019-03-03 17:21:33,11,3,phasellus in
391,2020-06-12 20:36:42,2020-06-13 04:36:42,8,0,maecenas pulvinar lobortis est
393,2020-08-16 08:33:05,2020-08-16 18:33:05,10,2,in quam fringilla rhoncus
395,2021-10-28 17:57:28,2021-10-29 03:57:28,10,2,dapibus augue vel accumsan tellus
399,2018-10-14 06:25:29,2018-10-14 18:25:29,12,4,magna at nunc
400,2020-01-12 13:29:01,2020-01-13 03:29:01,14,6,aliquam non mauris
401,2019-06-25 11:23:59,2019-06-25 19:23:59,8,0,vel lectus in quam fringilla
456,2021-05-28 03:45:53,2021-05-28 13:45:53,10,2,mauris lacinia sapien quis libero
457,2020-08-06 12:48:23,2020-08-06 22:48:23,10,2,leo odio condimentum id
459,2019-03-12 05:10:33,2019-03-12 19:10:33,14,6,arcu adipiscing
464,2018-11-02 09:31:31,2018-11-02 21:31:31,12,4,duis
465,2018-03-03 07:26:11,2018-03-03 19:26:11,12,4,commodo vulputate justo in
467,2021-03-23 10:57:13,2021-03-23 21:57:13,11,3,ut
468,2022-04-20 18:43:11,2022-04-21 07:43:11,13,5,consequat nulla nisl
469,2020-01-06 13:47:49,2020-01-07 03:47:49,14,6,nisl aenean lectus pellentesque
472,2019-06-11 21:57:00,2019-06-12 07:57:00,10,2,metus vitae ipsum aliquam non
474,2020-08-09 18:59:27,2020-08-10 03:59:27,9,1,eget
477,2018-07-13 02:56:09,2018-07-13 14:56:09,12,4,libero rutrum ac
522,2018-06-27 21:14:25,2018-06-28 11:14:25,14,6,sit amet
523,2018-02-27 16:46:31,2018-02-28 06:46:31,14,6,lacinia
524,2018-11-20 13:30:29,2018-11-21 00:30:29,11,3,et ultrices
529,2019-09-14 22:37:36,2019-09-15 11:37:36,13,5,donec ut
531,2019-11-28 01:48:55,2019-11-28 12:48:55,11,3,donec ut mauris eget massa
532,2020-09-08 10:37:45,2020-09-08 23:37:45,13,5,viverra eget
536,2020-09-19 03:08:49,2020-09-19 16:08:49,13,5,augue quam sollicitudin
537,2019-05-28 16:26:31,2019-05-29 04:26:31,12,4,malesuada in imperdiet
538,2021-09-14 22:41:55,2021-09-15 07:41:55,9,1,justo etiam pretium iaculis justo
543,2019-09-14 10:03:59,2019-09-14 23:03:59,13,5,velit
547,2021-04-01 01:58:45,2021-04-01 11:58:45,10,2,ac diam cras pellentesque volutpat
550,2020-01-20 13:07:01,2020-01-21 03:07:01,14,6,semper rutrum nulla nunc purus
552,2020-02-13 03:51:14,2020-02-13 11:51:14,8,0,odio
553,2021-12-03 19:03:52,2021-12-04 06:03:52,11,3,volutpat sapien arcu sed augue
554,2021-03-06 20:49:19,2021-03-07 04:49:19,8,0,platea
555,2018-04-22 11:36:29,2018-04-22 20:36:29,9,1,morbi non
556,2020-03-25 03:00:44,2020-03-25 12:00:44,9,1,iaculis congue vivamus metus arcu
559,2021-09-14 21:59:12,2021-09-15 05:59:12,8,0,nisi at
560,2020-02-27 21:05:05,2020-02-28 07:05:05,10,2,morbi vel lectus in
562,2018-05-13 08:16:42,2018-05-13 22:16:42,14,6,viverra
565,2019-11-15 01:37:14,2019-11-15 14:37:14,13,5,consequat
566,2020-03-20 10:15:36,2020-03-20 19:15:36,9,1,et ultrices posuere cubilia curae
567,2018-02-14 00:29:19,2018-02-14 14:29:19,14,6,integer
569,2020-08-06 19:18:13,2020-08-07 04:18:13,9,1,porttitor pede justo
570,2021-01-02 06:28:11,2021-01-02 19:28:11,13,5,cubilia curae
571,2019-08-06 00:11:48,2019-08-06 13:11:48,13,5,vulputate luctus
574,2021-04-25 23:05:18,2021-04-26 10:05:18,11,3,luctus tincidunt nulla mollis
575,2018-07-30 19:16:13,2018-07-31 07:16:13,12,4,semper rutrum nulla nunc purus
576,2020-09-06 00:15:55,2020-09-06 08:15:55,8,0,nulla justo
632,2019-11-12 10:01:12,2019-11-13 00:01:12,14,6,magna at nunc commodo placerat
635,2021-01-29 00:10:32,2021-01-29 13:10:32,13,5,leo maecenas pulvinar lobortis
638,2022-04-20 02:43:04,2022-04-20 15:43:04,13,5,amet eros suspendisse accumsan
639,2020-12-27 09:18:24,2020-12-27 23:18:24,14,6,sollicitudin ut suscipit a feugiat
644,2020-05-09 12:29:31,2020-05-10 00:29:31,12,4,curabitur in libero ut
645,2018-10-30 22:25:21,2018-10-31 09:25:21,11,3,maecenas pulvinar lobortis est
647,2021-02-27 17:58:21,2021-02-28 04:58:21,11,3,vivamus vel nulla eget
650,2021-06-29 08:16:53,2021-06-29 22:16:53,14,6,sapien iaculis
654,2018-05-07 15:16:38,2018-05-08 05:16:38,14,6,et ultrices posuere cubilia curae
655,2022-03-23 16:38:14,2022-03-24 06:38:14,14,6,vulputate justo in blandit ultrices
656,2018-01-31 16:58:26,2018-02-01 02:58:26,10,2,leo
658,2018-06-10 03:00:51,2018-06-10 14:00:51,11,3,lacinia eget
659,2021-10-08 09:13:28,2021-10-08 23:13:28,14,6,magna
660,2018-09-27 23:29:10,2018-09-28 13:29:10,14,6,eget tempus vel
710,2018-04-26 17:53:57,2018-04-27 04:53:57,11,3,ante ipsum primis in faucibus
712,2019-07-10 16:41:10,2019-07-11 06:41:10,14,6,mus vivamus vestibulum sagittis sapien
713,2021-05-02 22:48:41,2021-05-03 06:48:41,8,0,viverra
717,2020-05-24 11:04:24,2020-05-24 21:04:24,10,2,nunc
718,2020-12-30 21:14:59,2020-12-31 06:14:59,9,1,mattis odio donec vitae
719,2019-06-12 22:55:25,2019-06-13 10:55:25,12,4,metus
753,2019-09-21 15:27:25,2019-09-22 02:27:25,11,3,lorem
755,2021-05-02 16:35:18,2021-05-03 00:35:18,8,0,eu tincidunt in leo maecenas
756,2019-08-10 15:04:18,2019-08-11 00:04:18,9,1,quisque ut erat
758,2020-07-24 04:12:34,2020-07-24 15:12:34,11,3,eget congue
760,2018-07-30 20:16:11,2018-07-31 04:16:11,8,0,odio
763,2020-09-17 17:09:29,2020-09-18 01:09:29,8,0,habitasse platea dictumst
765,2021-04-10 08:15:25,2021-04-10 21:15:25,13,5,sapien
768,2019-07-30 21:14:37,2019-07-31 09:14:37,12,4,neque duis bibendum
770,2018-06-19 18:52:51,2018-06-20 02:52:51,8,0,urna pretium nisl
771,2019-03-12 11:11:47,2019-03-12 20:11:47,9,1,amet
774,2018-10-07 22:01:15,2018-10-08 12:01:15,14,6,at velit eu est
776,2020-05-16 22:50:57,2020-05-17 11:50:57,13,5,massa tempor convallis nulla
779,2019-07-13 08:35:12,2019-07-13 16:35:12,8,0,nullam orci pede
782,2019-12-31 00:37:09,2019-12-31 08:37:09,8,0,dictumst aliquam
783,2020-03-07 04:38:15,2020-03-07 15:38:15,11,3,aliquam non mauris morbi non
784,2022-01-01 04:26:10,2022-01-01 13:26:10,9,1,nisl duis
787,2021-08-15 12:48:08,2021-08-16 01:48:08,13,5,ridiculus
788,2021-11-05 10:39:52,2021-11-05 18:39:52,8,0,in quis justo maecenas rhoncus
790,2022-01-15 10:50:42,2022-01-15 21:50:42,11,3,in hac habitasse platea
791,2018-02-05 03:27:02,2018-02-05 12:27:02,9,1,eget orci
792,2021-06-23 01:58:47,2021-06-23 14:58:47,13,5,in imperdiet et commodo vulputate
793,2021-07-18 16:00:07,2021-07-19 04:00:07,12,4,quam sollicitudin vitae consectetuer eget
794,2018-07-10 14:24:31,2018-07-10 22:24:31,8,0,proin eu mi nulla
795,2018-07-16 02:07:53,2018-07-16 13:07:53,11,3,volutpat
796,2021-12-14 05:03:57,2021-12-14 17:03:57,12,4,non velit donec
797,2020-11-30 21:11:32,2020-12-01 10:11:32,13,5,a ipsum
801,2020-04-11 08:35:58,2020-04-11 17:35:58,9,1,dignissim
860,2018-10-16 05:32:50,2018-10-16 15:32:50,10,2,suspendisse potenti
861,2020-05-12 20:27:09,2020-05-13 06:27:09,10,2,orci mauris lacinia sapien
862,2019-09-20 11:42:42,2019-09-20 19:42:42,8,0,enim leo rhoncus sed
865,2018-11-27 11:13:38,2018-11-28 01:13:38,14,6,convallis duis consequat dui nec
866,2021-10-17 19:25:01,2021-10-18 08:25:01,13,5,elit ac nulla sed vel
914,2019-10-23 10:38:08,2019-10-23 18:38:08,8,0,hendrerit at vulputate vitae nisl
918,2019-10-15 05:59:08,2019-10-15 18:59:08,13,5,mi pede malesuada in imperdiet
921,2021-02-19 08:50:46,2021-02-19 20:50:46,12,4,mus vivamus
923,2018-05-26 14:49:50,2018-05-27 00:49:50,10,2,montes nascetur
925,2018-12-26 16:49:29,2018-12-27 03:49:29,11,3,cursus id turpis
926,2018-11-06 07:02:05,2018-11-06 18:02:05,11,3,vel
928,2022-01-12 07:13:39,2022-01-12 15:13:39,8,0,ipsum integer a
932,2021-11-19 11:11:51,2021-11-19 21:11:51,10,2,ipsum
959,2020-10-25 18:12:27,2020-10-26 04:12:27,10,2,a nibh in quis justo
960,2021-07-28 08:31:19,2021-07-28 17:31:19,9,1,integer tincidunt ante
961,2021-12-21 21:46:47,2021-12-22 10:46:47,13,5,donec dapibus duis at velit
968,2021-10-30 19:20:27,2021-10-31 06:20:27,11,3,nibh in hac
977,2019-08-19 07:46:13,2019-08-19 20:46:13,13,5,augue vel accumsan
979,2018-09-27 18:46:55,2018-09-28 05:46:55,11,3,mattis odio
982,2021-11-22 13:33:04,2021-11-22 23:33:04,10,2,felis eu sapien cursus vestibulum
983,2019-03-10 02:14:41,2019-03-10 16:14:41,14,6,aliquet at feugiat
986,2021-10-09 21:24:50,2021-10-10 11:24:50,14,6,ipsum primis
987,2019-10-28 00:43:33,2019-10-28 14:43:33,14,6,eget congue eget semper
988,2018-05-19 06:08:30,2018-05-19 16:08:30,10,2,lectus
989,2020-01-23 10:01:33,2020-01-23 21:01:33,11,3,eget eros elementum
990,2022-01-23 06:25:31,2022-01-23 15:25:31,9,1,sapien varius ut
991,2021-07-29 07:29:42,2021-07-29 18:29:42,11,3,hac habitasse platea dictumst
992,2020-01-01 20:24:40,2020-01-02 07:24:40,11,3,ornare consequat lectus
993,2018-10-07 20:53:35,2018-10-08 09:53:35,13,5,nulla
995,2020-08-06 11:23:17,2020-08-07 00:23:17,13,5,felis ut at dolor
996,2019-09-09 17:39:16,2019-09-10 07:39:16,14,6,duis
997,2018-05-24 13:39:34,2018-05-25 02:39:34,13,5,ipsum praesent blandit lacinia erat
999,2020-08-09 01:45:19,2020-08-09 14:45:19,13,5,dui maecenas tristique est
28,2021-02-02 11:13:49,2021-02-02 23:13:49,12,4,donec
32,2021-08-11 08:12:58,2021-08-11 18:12:58,10,2,ultrices enim lorem ipsum
36,2019-10-20 14:36:43,2019-10-21 02:36:43,12,4,mauris sit amet
37,2018-09-14 08:47:41,2018-09-14 22:47:41,14,6,iaculis
39,2019-02-21 04:27:00,2019-02-21 15:27:00,11,3,lacinia aenean
41,2020-06-13 10:58:33,2020-06-13 22:58:33,12,4,consequat
42,2019-02-11 19:47:59,2019-02-12 03:47:59,8,0,consequat lectus
44,2021-07-15 06:48:20,2021-07-15 15:48:20,9,1,praesent
45,2018-05-03 18:05:24,2018-05-04 03:05:24,9,1,eget elit sodales scelerisque
46,2019-03-22 23:18:11,2019-03-23 07:18:11,8,0,dolor
47,2018-10-27 19:22:33,2018-10-28 05:22:33,10,2,nulla tempus
66,2021-05-10 09:11:19,2021-05-10 22:11:19,13,5,integer
70,2021-03-18 19:45:47,2021-03-19 03:45:47,8,0,eros vestibulum ac
71,2021-12-20 13:35:10,2021-12-21 00:35:10,11,3,morbi odio odio elementum eu
74,2020-05-22 16:10:36,2020-05-23 05:10:36,13,5,duis bibendum morbi
76,2022-02-12 08:31:53,2022-02-12 21:31:53,13,5,diam cras pellentesque volutpat dui
117,2021-04-01 09:34:54,2021-04-01 22:34:54,13,5,id massa id nisl
121,2020-02-09 16:23:58,2020-02-10 03:23:58,11,3,rutrum neque aenean auctor
123,2020-04-14 01:08:20,2020-04-14 09:08:20,8,0,mauris ullamcorper
126,2020-10-30 05:57:06,2020-10-30 15:57:06,10,2,sit amet
128,2019-05-11 20:00:23,2019-05-12 04:00:23,8,0,nullam molestie nibh in lectus
130,2018-08-29 13:20:57,2018-08-30 01:20:57,12,4,sapien cum sociis natoque penatibus
131,2019-09-05 06:33:51,2019-09-05 17:33:51,11,3,cubilia curae
132,2018-08-17 07:51:40,2018-08-17 16:51:40,9,1,vel dapibus
136,2021-01-03 04:31:38,2021-01-03 13:31:38,9,1,sagittis
137,2018-08-28 18:13:41,2018-08-29 02:13:41,8,0,donec posuere metus vitae ipsum
139,2018-01-01 17:58:12,2018-01-02 02:58:12,9,1,lacus
158,2019-09-17 23:27:50,2019-09-18 07:27:50,8,0,suscipit
163,2021-05-23 21:44:16,2021-05-24 10:44:16,13,5,a odio in
167,2020-09-18 16:31:04,2020-09-19 04:31:04,12,4,leo
168,2019-09-06 04:44:04,2019-09-06 12:44:04,8,0,sit amet
169,2021-07-27 11:47:57,2021-07-27 22:47:57,11,3,condimentum
170,2020-11-16 15:14:16,2020-11-17 01:14:16,10,2,mauris laoreet ut rhoncus
171,2018-12-20 08:09:50,2018-12-20 17:09:50,9,1,nulla mollis
172,2019-01-23 13:08:20,2019-01-23 23:08:20,10,2,pretium quis lectus suspendisse potenti
176,2020-08-19 06:45:56,2020-08-19 16:45:56,10,2,volutpat quam
177,2019-01-26 05:55:55,2019-01-26 16:55:55,11,3,molestie nibh in
178,2022-04-28 23:52:49,2022-04-29 07:52:49,8,0,nascetur ridiculus mus etiam
182,2020-05-10 16:29:27,2020-05-11 01:29:27,9,1,sed augue aliquam erat
214,2021-05-07 15:38:28,2021-05-08 00:38:28,9,1,libero convallis
215,2021-06-15 12:27:17,2021-06-16 00:27:17,12,4,vitae nisl aenean lectus pellentesque
219,2022-01-26 20:46:04,2022-01-27 06:46:04,10,2,dictumst aliquam augue quam sollicitudin
220,2018-09-06 05:54:37,2018-09-06 14:54:37,9,1,felis
224,2018-10-15 23:40:21,2018-10-16 12:40:21,13,5,ut massa volutpat
225,2020-12-29 04:21:03,2020-12-29 12:21:03,8,0,a
258,2020-02-08 18:38:25,2020-02-09 07:38:25,13,5,vestibulum sed
261,2018-02-17 16:10:33,2018-02-18 00:10:33,8,0,sapien cursus vestibulum proin
262,2018-11-01 13:27:20,2018-11-01 21:27:20,8,0,sapien varius ut
263,2019-06-15 22:15:53,2019-06-16 10:15:53,12,4,vulputate nonummy maecenas
264,2020-07-04 10:45:13,2020-07-04 21:45:13,11,3,libero rutrum ac lobortis
302,2018-09-15 21:38:52,2018-09-16 09:38:52,12,4,at velit vivamus vel nulla
303,2021-06-26 21:21:58,2021-06-27 08:21:58,11,3,sit amet erat
304,2019-11-13 04:01:06,2019-11-13 14:01:06,10,2,vel nisl
306,2020-01-02 18:55:07,2020-01-03 04:55:07,10,2,eleifend luctus ultricies eu nibh
307,2020-09-13 06:23:49,2020-09-13 18:23:49,12,4,sit amet erat nulla
308,2018-08-26 22:14:17,2018-08-27 11:14:17,13,5,varius nulla facilisi
312,2019-07-07 20:18:40,2019-07-08 04:18:40,8,0,maecenas rhoncus aliquam lacus
313,2018-04-09 04:13:16,2018-04-09 12:13:16,8,0,morbi vestibulum velit id pretium
315,2020-11-29 23:21:42,2020-11-30 11:21:42,12,4,nec euismod scelerisque
316,2019-12-02 01:16:29,2019-12-02 11:16:29,10,2,condimentum neque
317,2022-01-28 06:42:55,2022-01-28 20:42:55,14,6,arcu adipiscing molestie hendrerit at
361,2019-08-19 11:13:13,2019-08-19 23:13:13,12,4,amet turpis elementum ligula
364,2020-12-11 05:15:46,2020-12-11 17:15:46,12,4,viverra pede
367,2020-05-07 15:14:24,2020-05-07 23:14:24,8,0,suscipit nulla elit ac
370,2020-07-01 15:31:48,2020-07-02 03:31:48,12,4,sem duis aliquam convallis nunc
375,2019-11-20 16:49:28,2019-11-21 01:49:28,9,1,dictumst etiam faucibus
376,2019-04-19 14:28:41,2019-04-20 04:28:41,14,6,in
381,2022-02-25 09:10:14,2022-02-25 18:10:14,9,1,vestibulum ante ipsum
382,2022-04-13 08:25:58,2022-04-13 19:25:58,11,3,amet
384,2019-11-24 01:01:14,2019-11-24 15:01:14,14,6,at nibh
385,2018-06-11 00:12:04,2018-06-11 09:12:04,9,1,est donec odio
387,2019-10-23 17:06:04,2019-10-24 05:06:04,12,4,augue aliquam
390,2020-11-13 05:58:15,2020-11-13 13:58:15,8,0,curae nulla dapibus dolor vel
391,2021-01-13 03:57:41,2021-01-13 14:57:41,11,3,sit amet eros suspendisse accumsan
393,2018-12-08 13:18:35,2018-12-09 02:18:35,13,5,ac leo pellentesque
395,2018-03-16 13:54:33,2018-03-16 21:54:33,8,0,ut massa quis augue luctus
399,2019-04-22 07:23:12,2019-04-22 21:23:12,14,6,iaculis congue vivamus metus
400,2020-01-25 23:39:15,2020-01-26 08:39:15,9,1,ut blandit non interdum
401,2020-10-05 08:58:23,2020-10-05 18:58:23,10,2,posuere cubilia curae donec
456,2021-06-16 12:16:38,2021-06-16 21:16:38,9,1,libero ut massa volutpat
457,2019-06-26 19:19:35,2019-06-27 05:19:35,10,2,arcu libero rutrum ac lobortis
459,2020-06-12 19:05:45,2020-06-13 04:05:45,9,1,vulputate elementum
464,2018-11-08 05:17:03,2018-11-08 18:17:03,13,5,et ultrices posuere cubilia curae
465,2019-03-15 11:32:58,2019-03-15 19:32:58,8,0,fusce posuere felis sed
467,2019-09-25 19:06:04,2019-09-26 09:06:04,14,6,placerat ante nulla justo
468,2020-03-12 00:37:42,2020-03-12 09:37:42,9,1,magna bibendum imperdiet nullam
469,2022-03-06 21:18:04,2022-03-07 11:18:04,14,6,accumsan odio curabitur convallis duis
472,2020-05-21 09:06:54,2020-05-21 18:06:54,9,1,posuere nonummy
474,2021-08-02 04:03:58,2021-08-02 14:03:58,10,2,lobortis
477,2018-07-03 14:09:57,2018-07-03 23:09:57,9,1,ac nulla sed vel enim
522,2018-02-14 05:07:20,2018-02-14 16:07:20,11,3,non velit nec nisi
523,2021-10-29 07:16:42,2021-10-29 19:16:42,12,4,luctus tincidunt nulla mollis molestie
524,2019-06-20 22:33:06,2019-06-21 11:33:06,13,5,venenatis lacinia aenean sit amet
529,2021-12-06 11:45:44,2021-12-06 23:45:44,12,4,magna at
531,2019-02-25 04:22:28,2019-02-25 14:22:28,10,2,sed justo pellentesque viverra
532,2019-08-02 17:21:17,2019-08-03 03:21:17,10,2,nisi
536,2022-04-17 11:50:45,2022-04-17 19:50:45,8,0,ipsum
537,2021-07-26 02:16:12,2021-07-26 12:16:12,10,2,ac est
538,2019-12-20 03:30:08,2019-12-20 17:30:08,14,6,interdum mauris non
543,2018-12-21 01:00:01,2018-12-21 13:00:01,12,4,diam
547,2020-01-02 22:20:32,2020-01-03 06:20:32,8,0,integer ac
550,2018-08-11 13:28:26,2018-08-12 00:28:26,11,3,vestibulum
552,2021-05-10 17:42:35,2021-05-11 06:42:35,13,5,sed
553,2021-11-10 10:35:49,2021-11-10 22:35:49,12,4,amet consectetuer adipiscing elit
554,2020-07-02 03:57:40,2020-07-02 13:57:40,10,2,donec odio justo sollicitudin
555,2021-04-23 03:22:09,2021-04-23 13:22:09,10,2,sapien placerat
556,2022-02-15 00:39:38,2022-02-15 08:39:38,8,0,dapibus duis at velit eu
559,2018-09-01 06:37:58,2018-09-01 20:37:58,14,6,primis in faucibus
560,2018-04-27 00:32:45,2018-04-27 09:32:45,9,1,fusce consequat nulla
562,2019-01-12 15:15:17,2019-01-13 03:15:17,12,4,nibh in lectus pellentesque
565,2019-11-25 22:56:08,2019-11-26 07:56:08,9,1,hac habitasse platea dictumst
566,2020-03-29 00:50:35,2020-03-29 13:50:35,13,5,eu
567,2018-02-12 09:07:46,2018-02-12 20:07:46,11,3,at diam nam
569,2022-04-15 14:15:12,2022-04-16 01:15:12,11,3,amet turpis elementum ligula
570,2019-10-03 08:37:59,2019-10-03 16:37:59,8,0,auctor gravida sem
571,2018-11-04 18:25:08,2018-11-05 07:25:08,13,5,duis aliquam convallis nunc
574,2021-12-03 21:01:15,2021-12-04 10:01:15,13,5,lacinia sapien quis libero
575,2020-09-30 11:24:19,2020-10-01 00:24:19,13,5,vehicula consequat morbi
576,2019-07-10 22:32:11,2019-07-11 08:32:11,10,2,ante ipsum
632,2018-06-08 08:56:40,2018-06-08 18:56:40,10,2,curabitur in libero ut
635,2019-08-16 19:30:18,2019-08-17 08:30:18,13,5,porttitor
638,2021-05-07 06:32:24,2021-05-07 19:32:24,13,5,amet nunc
639,2018-03-08 07:54:43,2018-03-08 17:54:43,10,2,molestie hendrerit
644,2021-07-27 13:43:23,2021-07-28 01:43:23,12,4,nam dui proin leo odio
645,2021-09-16 08:39:51,2021-09-16 17:39:51,9,1,orci
647,2018-09-10 00:23:16,2018-09-10 11:23:16,11,3,vestibulum vestibulum
650,2018-10-21 10:01:23,2018-10-22 00:01:23,14,6,pharetra magna vestibulum aliquet ultrices
654,2020-03-05 03:47:03,2020-03-05 15:47:03,12,4,nisi nam
655,2020-12-04 22:18:26,2020-12-05 08:18:26,10,2,massa donec dapibus
656,2019-07-12 16:05:06,2019-07-13 03:05:06,11,3,in felis eu sapien
658,2020-05-15 20:19:54,2020-05-16 04:19:54,8,0,sapien a libero nam
659,2018-08-22 07:45:46,2018-08-22 19:45:46,12,4,etiam vel
660,2021-01-31 17:45:32,2021-02-01 06:45:32,13,5,at
710,2020-03-06 10:06:45,2020-03-06 18:06:45,8,0,tortor id nulla ultrices
712,2020-08-13 11:29:03,2020-08-13 22:29:03,11,3,venenatis turpis enim blandit
713,2020-03-07 14:31:04,2020-03-08 02:31:04,12,4,et ultrices posuere cubilia
717,2020-04-30 17:27:16,2020-05-01 07:27:16,14,6,amet sapien dignissim
718,2022-01-13 11:19:56,2022-01-14 00:19:56,13,5,sapien cum sociis natoque penatibus
719,2019-10-29 00:03:51,2019-10-29 11:03:51,11,3,nunc viverra
753,2021-08-25 21:29:09,2021-08-26 08:29:09,11,3,cubilia curae
755,2020-08-26 10:37:02,2020-08-26 18:37:02,8,0,nulla nunc purus
756,2021-02-27 19:36:59,2021-02-28 07:36:59,12,4,ut
758,2019-04-09 18:17:18,2019-04-10 08:17:18,14,6,lacinia aenean sit amet justo
760,2018-02-25 11:27:44,2018-02-26 00:27:44,13,5,nam dui proin leo
763,2019-09-10 08:09:09,2019-09-10 18:09:09,10,2,vestibulum
765,2021-11-06 22:56:40,2021-11-07 11:56:40,13,5,luctus nec molestie
768,2020-07-16 13:48:06,2020-07-17 00:48:06,11,3,vitae quam suspendisse potenti
770,2019-08-19 20:31:39,2019-08-20 06:31:39,10,2,volutpat sapien arcu sed
771,2019-02-25 14:40:53,2019-02-26 00:40:53,10,2,placerat ante
774,2020-08-30 02:29:43,2020-08-30 13:29:43,11,3,tincidunt ante
776,2021-09-26 04:18:26,2021-09-26 16:18:26,12,4,et ultrices posuere cubilia
779,2020-08-11 04:30:59,2020-08-11 16:30:59,12,4,et eros vestibulum ac
782,2018-06-30 20:57:15,2018-07-01 10:57:15,14,6,viverra diam vitae
783,2019-09-23 13:19:01,2019-09-24 00:19:01,11,3,ultrices posuere cubilia curae duis
784,2019-06-26 11:53:24,2019-06-26 19:53:24,8,0,nisi nam ultrices libero
787,2022-01-19 05:26:14,2022-01-19 16:26:14,11,3,praesent blandit lacinia erat
788,2019-12-04 02:50:45,2019-12-04 10:50:45,8,0,augue aliquam
790,2020-04-04 17:42:14,2020-04-05 04:42:14,11,3,consequat lectus in est
791,2020-01-05 23:34:42,2020-01-06 09:34:42,10,2,eget tincidunt eget
792,2019-09-26 06:40:10,2019-09-26 19:40:10,13,5,nunc rhoncus dui
793,2018-12-10 06:07:06,2018-12-10 20:07:06,14,6,venenatis lacinia aenean
794,2020-01-16 23:44:12,2020-01-17 12:44:12,13,5,ante ipsum primis in faucibus
795,2018-02-04 05:22:12,2018-02-04 16:22:12,11,3,ornare imperdiet sapien urna
796,2018-07-19 04:35:32,2018-07-19 15:35:32,11,3,dis parturient montes nascetur ridiculus
797,2021-01-08 02:11:07,2021-01-08 15:11:07,13,5,in felis eu
801,2020-01-06 21:54:50,2020-01-07 08:54:50,11,3,eget rutrum at lorem integer
860,2020-09-19 03:56:22,2020-09-19 11:56:22,8,0,primis in
861,2018-08-09 14:16:03,2018-08-10 00:16:03,10,2,nulla pede
862,2018-12-25 04:55:58,2018-12-25 12:55:58,8,0,sit amet turpis elementum
865,2020-07-25 13:45:04,2020-07-26 01:45:04,12,4,ut
866,2021-12-06 17:05:11,2021-12-07 07:05:11,14,6,varius ut blandit
914,2018-03-01 01:02:24,2018-03-01 14:02:24,13,5,purus
918,2018-10-08 15:22:42,2018-10-09 01:22:42,10,2,integer pede
921,2020-03-20 23:50:06,2020-03-21 09:50:06,10,2,hac habitasse platea
923,2020-06-22 10:29:14,2020-06-22 21:29:14,11,3,erat vestibulum sed magna at
925,2021-02-16 17:48:37,2021-02-17 04:48:37,11,3,mi
926,2019-12-22 00:58:18,2019-12-22 09:58:18,9,1,non interdum in
928,2020-06-13 00:52:47,2020-06-13 13:52:47,13,5,posuere cubilia curae nulla
932,2018-10-31 15:56:10,2018-11-01 04:56:10,13,5,vel
959,2018-11-29 18:16:51,2018-11-30 04:16:51,10,2,lectus vestibulum
960,2021-01-15 18:09:40,2021-01-16 05:09:40,11,3,etiam justo etiam pretium iaculis
961,2021-03-11 06:33:30,2021-03-11 15:33:30,9,1,rutrum ac lobortis vel dapibus
968,2021-01-01 06:44:17,2021-01-01 16:44:17,10,2,lacus at velit vivamus vel
977,2019-03-02 23:33:14,2019-03-03 13:33:14,14,6,id ligula
979,2019-10-05 16:03:04,2019-10-06 03:03:04,11,3,porttitor pede justo
982,2018-06-01 07:19:40,2018-06-01 17:19:40,10,2,mi in porttitor
983,2018-06-27 08:32:01,2018-06-27 22:32:01,14,6,vivamus in felis eu sapien
986,2021-01-07 22:10:22,2021-01-08 10:10:22,12,4,felis sed lacus morbi
987,2021-08-11 05:45:46,2021-08-11 13:45:46,8,0,proin
988,2019-07-27 14:23:14,2019-07-27 22:23:14,8,0,congue etiam justo etiam pretium
989,2021-11-05 04:06:29,2021-11-05 16:06:29,12,4,eu felis fusce posuere
990,2018-06-25 09:12:15,2018-06-25 19:12:15,10,2,quis orci nullam
991,2020-04-07 17:44:54,2020-04-08 02:44:54,9,1,donec ut dolor morbi vel
992,2021-08-05 06:47:14,2021-08-05 19:47:14,13,5,varius nulla facilisi cras
993,2022-05-01 15:58:15,2022-05-02 02:58:15,11,3,justo lacinia
995,2018-08-29 09:03:29,2018-08-29 18:03:29,9,1,ipsum primis in faucibus orci
996,2021-08-20 21:52:37,2021-08-21 10:52:37,13,5,ultrices posuere cubilia
997,2018-04-16 11:53:09,2018-04-16 21:53:09,10,2,feugiat et eros vestibulum ac
999,2018-06-20 13:18:15,2018-06-21 00:18:15,11,3,pulvinar nulla pede ullamcorper
28,2018-02-20 12:42:07,2018-02-21 01:42:07,13,5,vulputate nonummy maecenas tincidunt
32,2018-09-15 07:56:19,2018-09-15 16:56:19,9,1,vestibulum rutrum rutrum
36,2021-12-09 22:37:51,2021-12-10 06:37:51,8,0,quis odio consequat
37,2018-11-05 16:33:07,2018-11-06 05:33:07,13,5,bibendum imperdiet nullam orci
39,2021-07-19 08:06:34,2021-07-19 16:06:34,8,0,nibh in hac
41,2021-09-29 10:42:43,2021-09-29 19:42:43,9,1,in purus eu magna
42,2018-11-12 09:38:37,2018-11-12 22:38:37,13,5,at lorem integer tincidunt ante
44,2019-04-07 02:05:09,2019-04-07 12:05:09,10,2,amet cursus id turpis integer
45,2019-09-06 08:58:11,2019-09-06 21:58:11,13,5,ac
46,2021-06-27 06:15:19,2021-06-27 16:15:19,10,2,felis fusce
47,2021-10-14 11:24:46,2021-10-15 01:24:46,14,6,lorem quisque
66,2021-01-05 12:02:25,2021-01-06 01:02:25,13,5,nisi
70,2022-03-20 07:59:52,2022-03-20 17:59:52,10,2,tortor sollicitudin mi sit
71,2020-08-10 13:30:15,2020-08-11 03:30:15,14,6,sed sagittis nam congue
74,2021-04-19 00:09:49,2021-04-19 14:09:49,14,6,erat id mauris
76,2018-07-05 03:44:51,2018-07-05 11:44:51,8,0,vulputate justo in blandit ultrices
117,2018-03-10 04:49:04,2018-03-10 17:49:04,13,5,at dolor quis
121,2021-04-14 11:27:35,2021-04-14 23:27:35,12,4,tempus
123,2022-02-07 01:11:03,2022-02-07 14:11:03,13,5,ultrices vel augue vestibulum ante
126,2022-01-19 09:40:44,2022-01-19 19:40:44,10,2,blandit lacinia erat vestibulum sed
128,2022-03-12 19:58:50,2022-03-13 08:58:50,13,5,justo
130,2019-02-03 07:12:01,2019-02-03 19:12:01,12,4,fusce consequat nulla nisl nunc
131,2020-09-07 08:52:34,2020-09-07 16:52:34,8,0,dolor sit amet consectetuer
132,2021-10-02 06:23:48,2021-10-02 18:23:48,12,4,duis consequat dui nec nisi
136,2021-01-04 23:42:53,2021-01-05 11:42:53,12,4,nibh fusce lacus
137,2021-08-04 15:50:07,2021-08-05 03:50:07,12,4,ante nulla justo aliquam quis
139,2018-04-03 02:42:10,2018-04-03 12:42:10,10,2,libero nullam sit
158,2019-08-01 07:43:37,2019-08-01 19:43:37,12,4,ipsum ac tellus
163,2018-06-20 13:57:30,2018-06-21 00:57:30,11,3,quam pharetra magna ac consequat
167,2020-09-19 09:55:44,2020-09-19 22:55:44,13,5,accumsan tortor
168,2020-02-22 19:09:59,2020-02-23 06:09:59,11,3,venenatis tristique fusce congue
169,2020-01-24 04:51:45,2020-01-24 16:51:45,12,4,vitae nisi nam ultrices libero
170,2020-07-12 18:03:48,2020-07-13 04:03:48,10,2,imperdiet nullam orci
171,2022-05-02 10:59:16,2022-05-02 23:59:16,13,5,viverra pede ac diam
172,2021-02-19 19:59:18,2021-02-20 06:59:18,11,3,et ultrices posuere cubilia
176,2022-01-27 01:48:48,2022-01-27 13:48:48,12,4,auctor gravida
177,2020-01-13 12:52:34,2020-01-13 21:52:34,9,1,ligula
178,2018-12-02 23:04:41,2018-12-03 07:04:41,8,0,eu
182,2021-04-22 03:17:43,2021-04-22 14:17:43,11,3,metus arcu
214,2021-01-19 03:00:12,2021-01-19 15:00:12,12,4,risus praesent
215,2020-05-21 03:18:31,2020-05-21 11:18:31,8,0,nisi venenatis
219,2021-06-29 20:58:22,2021-06-30 06:58:22,10,2,sollicitudin ut suscipit a feugiat
220,2020-09-30 11:37:26,2020-10-01 01:37:26,14,6,risus praesent lectus vestibulum quam
224,2018-07-04 07:14:39,2018-07-04 19:14:39,12,4,eget
225,2020-01-28 13:46:48,2020-01-29 00:46:48,11,3,magnis dis parturient montes
258,2022-04-29 10:20:48,2022-04-29 20:20:48,10,2,id lobortis convallis
261,2019-05-10 08:50:01,2019-05-10 16:50:01,8,0,erat volutpat in congue etiam
262,2022-03-02 19:40:08,2022-03-03 06:40:08,11,3,pellentesque ultrices phasellus id
263,2021-04-28 19:37:57,2021-04-29 06:37:57,11,3,in libero ut massa
264,2021-05-03 14:13:56,2021-05-04 02:13:56,12,4,nulla elit ac
302,2019-08-23 07:21:03,2019-08-23 17:21:03,10,2,mauris ullamcorper purus sit
303,2019-02-06 18:55:47,2019-02-07 03:55:47,9,1,sapien cum sociis natoque penatibus
304,2018-09-07 13:52:33,2018-09-07 22:52:33,9,1,ut
306,2019-06-20 15:41:54,2019-06-21 02:41:54,11,3,duis consequat
307,2019-09-22 00:56:17,2019-09-22 08:56:17,8,0,tincidunt ante
308,2019-10-23 04:40:03,2019-10-23 17:40:03,13,5,velit nec nisi vulputate nonummy
312,2019-07-28 22:00:53,2019-07-29 12:00:53,14,6,massa quis augue
313,2018-06-25 15:00:01,2018-06-25 23:00:01,8,0,diam cras pellentesque volutpat
315,2019-03-07 11:03:19,2019-03-07 22:03:19,11,3,sapien varius ut blandit non
316,2019-04-02 11:38:04,2019-04-02 21:38:04,10,2,quam pharetra magna ac consequat
317,2019-02-11 01:49:29,2019-02-11 14:49:29,13,5,nunc commodo placerat praesent
361,2019-08-02 07:36:05,2019-08-02 16:36:05,9,1,nam
364,2021-09-08 12:13:21,2021-09-08 20:13:21,8,0,morbi non lectus
367,2019-09-12 17:53:12,2019-09-13 01:53:12,8,0,natoque penatibus et magnis
370,2018-12-25 20:45:15,2018-12-26 07:45:15,11,3,mauris eget massa
375,2019-07-05 04:25:42,2019-07-05 13:25:42,9,1,pede ullamcorper
376,2019-07-20 09:42:47,2019-07-20 23:42:47,14,6,erat tortor
381,2022-04-24 16:12:30,2022-04-25 02:12:30,10,2,quam
382,2019-05-06 21:45:22,2019-05-07 07:45:22,10,2,interdum
384,2018-10-09 11:31:54,2018-10-09 19:31:54,8,0,nibh
385,2021-11-30 08:03:12,2021-11-30 16:03:12,8,0,vulputate justo in
387,2021-10-09 05:23:54,2021-10-09 16:23:54,11,3,sit amet
390,2022-02-16 11:43:06,2022-02-16 22:43:06,11,3,feugiat non pretium quis lectus
391,2021-08-31 14:41:20,2021-09-01 03:41:20,13,5,dui luctus rutrum nulla
393,2020-04-04 06:52:08,2020-04-04 15:52:08,9,1,mauris laoreet ut
395,2020-09-08 16:09:51,2020-09-09 02:09:51,10,2,magnis dis parturient montes nascetur
399,2022-04-19 22:24:47,2022-04-20 10:24:47,12,4,nibh ligula nec sem duis
400,2021-08-13 16:31:25,2021-08-14 04:31:25,12,4,posuere felis sed lacus morbi
401,2020-11-10 05:54:51,2020-11-10 15:54:51,10,2,ac est lacinia nisi venenatis
456,2019-05-11 10:58:55,2019-05-11 20:58:55,10,2,orci
457,2020-02-17 09:51:09,2020-02-17 18:51:09,9,1,erat id mauris vulputate elementum
459,2019-06-05 11:24:18,2019-06-05 19:24:18,8,0,felis eu sapien cursus vestibulum
464,2021-03-23 05:27:41,2021-03-23 18:27:41,13,5,neque duis bibendum morbi non
465,2018-06-07 01:27:30,2018-06-07 15:27:30,14,6,vel
467,2021-02-03 23:50:21,2021-02-04 07:50:21,8,0,ipsum
468,2018-12-29 00:49:41,2018-12-29 10:49:41,10,2,integer tincidunt ante
469,2021-01-26 11:52:49,2021-01-27 01:52:49,14,6,tempus sit amet sem
472,2021-03-24 09:29:55,2021-03-24 18:29:55,9,1,placerat ante nulla
474,2018-02-25 18:32:21,2018-02-26 07:32:21,13,5,phasellus sit amet
477,2021-04-25 18:40:51,2021-04-26 07:40:51,13,5,in quis
522,2019-10-30 08:34:06,2019-10-30 17:34:06,9,1,at turpis a
523,2018-06-25 14:44:05,2018-06-26 02:44:05,12,4,donec vitae nisi nam
524,2019-05-10 13:55:15,2019-05-11 00:55:15,11,3,platea dictumst maecenas ut massa
529,2019-05-27 23:43:08,2019-05-28 13:43:08,14,6,ultrices aliquet maecenas leo odio
531,2019-09-20 00:04:56,2019-09-20 09:04:56,9,1,accumsan odio
532,2021-09-21 02:18:48,2021-09-21 16:18:48,14,6,dictumst aliquam augue
536,2018-01-23 17:35:21,2018-01-24 01:35:21,8,0,pede justo lacinia eget
537,2021-07-12 14:27:43,2021-07-12 23:27:43,9,1,nonummy integer non
538,2018-05-01 02:00:54,2018-05-01 11:00:54,9,1,nulla justo aliquam quis
543,2018-02-19 19:05:39,2018-02-20 09:05:39,14,6,ultrices erat tortor sollicitudin
547,2021-05-28 19:52:57,2021-05-29 08:52:57,13,5,et tempus semper est quam
550,2019-12-19 05:18:56,2019-12-19 18:18:56,13,5,curabitur convallis duis consequat dui
552,2022-03-26 14:05:59,2022-03-26 22:05:59,8,0,in tempus
553,2018-08-26 00:30:03,2018-08-26 08:30:03,8,0,quis turpis eget elit sodales
554,2018-04-07 00:03:53,2018-04-07 08:03:53,8,0,et ultrices posuere cubilia curae
555,2018-01-22 20:41:07,2018-01-23 08:41:07,12,4,rhoncus aliquet
556,2018-01-18 03:43:06,2018-01-18 13:43:06,10,2,massa id lobortis convallis
559,2021-03-27 07:09:49,2021-03-27 19:09:49,12,4,nec condimentum
560,2020-12-24 11:55:36,2020-12-24 22:55:36,11,3,imperdiet nullam
562,2021-08-13 04:11:24,2021-08-13 15:11:24,11,3,felis eu sapien cursus
565,2019-07-08 17:19:05,2019-07-09 05:19:05,12,4,pharetra magna ac consequat
566,2020-02-15 05:54:24,2020-02-15 17:54:24,12,4,lectus suspendisse
567,2022-05-15 04:36:43,2022-05-15 18:36:43,14,6,libero convallis eget eleifend
569,2021-11-19 06:59:35,2021-11-19 16:59:35,10,2,velit eu est congue
570,2021-12-26 11:06:13,2021-12-26 22:06:13,11,3,proin at turpis a
571,2021-05-02 01:27:28,2021-05-02 12:27:28,11,3,vulputate
574,2018-01-18 07:40:29,2018-01-18 21:40:29,14,6,condimentum neque
575,2019-01-05 05:02:48,2019-01-05 17:02:48,12,4,accumsan
576,2021-10-12 00:47:15,2021-10-12 13:47:15,13,5,duis bibendum morbi non quam
632,2019-11-08 08:28:10,2019-11-08 16:28:10,8,0,lobortis sapien
635,2019-05-13 09:22:04,2019-05-13 19:22:04,10,2,praesent lectus vestibulum
638,2018-09-29 04:43:35,2018-09-29 17:43:35,13,5,suspendisse potenti nullam porttitor lacus
639,2020-06-15 23:45:42,2020-06-16 09:45:42,10,2,sed
644,2020-06-27 05:19:35,2020-06-27 19:19:35,14,6,ante
645,2020-03-29 15:01:38,2020-03-30 03:01:38,12,4,nam tristique
647,2020-06-15 08:55:29,2020-06-15 22:55:29,14,6,in faucibus
650,2020-01-20 19:27:12,2020-01-21 05:27:12,10,2,consequat metus sapien ut
654,2019-02-13 18:05:15,2019-02-14 05:05:15,11,3,diam vitae quam suspendisse
655,2021-12-11 16:44:28,2021-12-12 00:44:28,8,0,ac neque
656,2020-06-15 18:03:34,2020-06-16 03:03:34,9,1,congue etiam
658,2018-08-02 01:07:35,2018-08-02 12:07:35,11,3,sem fusce consequat nulla
659,2018-06-16 00:13:16,2018-06-16 12:13:16,12,4,odio odio elementum eu interdum
660,2018-07-19 12:34:57,2018-07-20 02:34:57,14,6,ipsum
710,2018-03-07 20:00:54,2018-03-08 08:00:54,12,4,etiam pretium iaculis
712,2020-01-12 08:27:09,2020-01-12 18:27:09,10,2,convallis morbi odio
713,2021-08-02 06:38:54,2021-08-02 18:38:54,12,4,adipiscing molestie hendrerit
717,2020-09-01 16:46:09,2020-09-02 04:46:09,12,4,viverra eget
718,2018-12-17 15:28:09,2018-12-18 00:28:09,9,1,tincidunt nulla mollis molestie
719,2020-10-27 19:45:22,2020-10-28 09:45:22,14,6,phasellus in
753,2021-06-08 22:55:57,2021-06-09 06:55:57,8,0,ut
755,2020-08-01 07:30:36,2020-08-01 15:30:36,8,0,orci
756,2019-12-07 18:55:26,2019-12-08 04:55:26,10,2,tincidunt in leo
758,2020-04-04 23:32:15,2020-04-05 13:32:15,14,6,suspendisse
760,2019-01-25 20:44:14,2019-01-26 05:44:14,9,1,justo nec
763,2018-08-29 16:02:30,2018-08-30 02:02:30,10,2,diam
765,2021-09-01 12:01:46,2021-09-02 01:01:46,13,5,quam suspendisse
768,2021-04-10 07:21:19,2021-04-10 20:21:19,13,5,non sodales sed tincidunt
770,2018-12-13 06:43:01,2018-12-13 14:43:01,8,0,donec
771,2021-11-03 20:10:23,2021-11-04 06:10:23,10,2,odio consequat varius
774,2018-06-21 23:53:54,2018-06-22 07:53:54,8,0,hac habitasse platea
776,2021-02-02 10:18:56,2021-02-02 22:18:56,12,4,semper sapien
779,2022-02-01 01:55:05,2022-02-01 11:55:05,10,2,amet eros
782,2021-07-13 19:49:16,2021-07-14 03:49:16,8,0,elit proin
783,2019-05-27 11:21:19,2019-05-27 23:21:19,12,4,a
784,2019-02-09 18:11:20,2019-02-10 07:11:20,13,5,vulputate justo in
787,2021-06-02 06:07:56,2021-06-02 19:07:56,13,5,ac leo pellentesque ultrices mattis
788,2021-09-19 20:50:28,2021-09-20 06:50:28,10,2,augue vestibulum ante ipsum primis
790,2019-11-08 00:51:18,2019-11-08 12:51:18,12,4,ac consequat metus
791,2019-11-21 03:36:04,2019-11-21 17:36:04,14,6,adipiscing elit proin risus
792,2021-04-14 23:12:37,2021-04-15 10:12:37,11,3,proin at turpis
793,2019-03-03 00:26:53,2019-03-03 08:26:53,8,0,enim
794,2020-12-13 22:58:01,2020-12-14 09:58:01,11,3,nibh
795,2019-03-27 03:32:39,2019-03-27 14:32:39,11,3,maecenas
796,2021-08-26 11:43:19,2021-08-27 00:43:19,13,5,vel nulla
797,2018-05-04 19:27:57,2018-05-05 03:27:57,8,0,eleifend
801,2022-02-28 17:24:26,2022-03-01 06:24:26,13,5,nunc commodo placerat praesent blandit
860,2019-06-05 06:59:28,2019-06-05 15:59:28,9,1,mauris
861,2022-03-18 14:46:13,2022-03-19 01:46:13,11,3,vestibulum aliquet
862,2021-02-25 16:04:46,2021-02-26 04:04:46,12,4,justo etiam pretium
865,2021-01-30 07:46:37,2021-01-30 20:46:37,13,5,scelerisque mauris
866,2021-08-08 11:02:06,2021-08-08 20:02:06,9,1,at velit
914,2021-01-16 20:06:22,2021-01-17 05:06:22,9,1,luctus et ultrices
918,2022-04-20 22:51:06,2022-04-21 12:51:06,14,6,hac habitasse platea dictumst
921,2019-05-30 08:32:03,2019-05-30 22:32:03,14,6,diam vitae
923,2022-02-16 05:53:13,2022-02-16 16:53:13,11,3,in hac habitasse platea
925,2019-10-30 10:02:14,2019-10-30 22:02:14,12,4,habitasse platea
926,2018-08-26 16:13:36,2018-08-27 05:13:36,13,5,turpis sed ante vivamus tortor
928,2021-10-15 23:29:02,2021-10-16 12:29:02,13,5,ullamcorper
932,2019-02-01 18:33:05,2019-02-02 05:33:05,11,3,nec euismod scelerisque quam
959,2022-04-28 07:10:47,2022-04-28 20:10:47,13,5,rhoncus mauris enim
960,2021-11-19 07:19:30,2021-11-19 18:19:30,11,3,tincidunt ante vel ipsum
961,2022-01-07 09:42:16,2022-01-07 17:42:16,8,0,nisi at nibh in hac
968,2018-12-10 11:43:33,2018-12-10 20:43:33,9,1,mattis pulvinar
977,2020-08-05 17:48:38,2020-08-06 06:48:38,13,5,et ultrices posuere cubilia
979,2020-10-14 23:34:20,2020-10-15 11:34:20,12,4,curabitur at ipsum
982,2020-04-28 12:11:38,2020-04-29 00:11:38,12,4,pellentesque eget
983,2019-07-22 16:27:27,2019-07-23 05:27:27,13,5,purus aliquet at feugiat
986,2019-02-13 21:49:41,2019-02-14 10:49:41,13,5,nulla quisque arcu libero
987,2020-12-19 07:43:08,2020-12-19 19:43:08,12,4,in hac habitasse platea
988,2019-05-22 21:45:46,2019-05-23 05:45:46,8,0,cubilia curae mauris
989,2019-01-19 16:02:54,2019-01-20 05:02:54,13,5,pharetra
990,2021-08-29 02:54:01,2021-08-29 14:54:01,12,4,lobortis
991,2018-03-31 13:25:57,2018-04-01 00:25:57,11,3,tortor risus dapibus augue vel
992,2020-09-24 16:40:25,2020-09-25 00:40:25,8,0,ultrices mattis odio donec
993,2022-03-07 09:54:20,2022-03-07 20:54:20,11,3,posuere metus vitae ipsum
995,2018-07-08 10:43:59,2018-07-08 20:43:59,10,2,maecenas rhoncus aliquam lacus morbi
996,2020-12-28 08:14:17,2020-12-28 21:14:17,13,5,a pede
997,2020-10-19 16:41:08,2020-10-20 06:41:08,14,6,nisi venenatis tristique
999,2019-07-24 13:22:02,2019-07-25 02:22:02,13,5,in
28,2019-08-16 06:25:00,2019-08-16 17:25:00,11,3,neque duis
32,2020-05-07 23:27:11,2020-05-08 07:27:11,8,0,turpis enim blandit
36,2019-03-20 23:58:25,2019-03-21 11:58:25,12,4,pede morbi porttitor
37,2022-02-05 11:16:12,2022-02-06 00:16:12,13,5,sapien varius ut
39,2019-04-13 19:55:05,2019-04-14 03:55:05,8,0,tortor sollicitudin
41,2018-01-19 04:08:44,2018-01-19 16:08:44,12,4,lobortis convallis tortor
42,2018-02-20 03:07:15,2018-02-20 11:07:15,8,0,a
44,2018-03-25 11:44:52,2018-03-25 20:44:52,9,1,rutrum
45,2021-03-26 00:42:43,2021-03-26 12:42:43,12,4,consequat dui nec
46,2019-03-11 03:32:03,2019-03-11 17:32:03,14,6,viverra dapibus
47,2018-10-16 21:14:41,2018-10-17 07:14:41,10,2,cubilia curae donec
66,2019-02-19 13:09:02,2019-02-20 00:09:02,11,3,massa tempor convallis nulla
70,2018-10-11 04:40:08,2018-10-11 14:40:08,10,2,quam nec
71,2021-05-30 04:40:41,2021-05-30 13:40:41,9,1,nunc
74,2022-03-13 02:37:50,2022-03-13 13:37:50,11,3,congue diam id
76,2018-01-02 00:33:01,2018-01-02 10:33:01,10,2,maecenas tristique est et tempus
117,2018-04-05 13:08:23,2018-04-06 01:08:23,12,4,elit proin interdum
121,2018-04-21 21:30:05,2018-04-22 10:30:05,13,5,tortor duis mattis egestas metus
123,2020-03-12 04:01:52,2020-03-12 15:01:52,11,3,aliquet maecenas
126,2019-03-12 00:31:54,2019-03-12 12:31:54,12,4,interdum mauris ullamcorper purus
128,2020-03-02 09:02:36,2020-03-02 18:02:36,9,1,nascetur ridiculus mus etiam
130,2019-05-16 03:27:49,2019-05-16 15:27:49,12,4,potenti in eleifend quam a
131,2019-08-21 04:42:46,2019-08-21 16:42:46,12,4,quis turpis eget elit sodales
132,2019-09-17 12:14:32,2019-09-18 02:14:32,14,6,ut massa quis
136,2020-12-07 20:50:27,2020-12-08 06:50:27,10,2,lobortis vel
137,2020-04-10 01:33:47,2020-04-10 14:33:47,13,5,quisque
139,2021-12-13 10:08:22,2021-12-13 18:08:22,8,0,ut nulla
158,2021-06-19 16:52:00,2021-06-20 04:52:00,12,4,congue eget semper
163,2018-08-15 00:02:23,2018-08-15 10:02:23,10,2,nulla tempus vivamus in felis
167,2021-12-27 18:49:30,2021-12-28 02:49:30,8,0,vulputate elementum
168,2020-02-04 23:03:10,2020-02-05 13:03:10,14,6,duis consequat dui nec nisi
169,2019-06-23 05:55:49,2019-06-23 18:55:49,13,5,nulla suscipit
170,2018-05-16 13:31:14,2018-05-17 03:31:14,14,6,quis odio consequat varius integer
171,2022-03-02 00:20:12,2022-03-02 09:20:12,9,1,quam pharetra magna ac consequat
172,2020-02-03 13:55:03,2020-02-03 21:55:03,8,0,non
176,2022-03-24 12:42:39,2022-03-24 21:42:39,9,1,odio porttitor
177,2022-01-18 20:57:28,2022-01-19 04:57:28,8,0,felis donec semper sapien a
178,2021-03-09 20:14:09,2021-03-10 08:14:09,12,4,est donec odio justo
182,2018-08-18 13:22:35,2018-08-18 22:22:35,9,1,aliquet maecenas leo
214,2022-03-01 09:45:42,2022-03-01 23:45:42,14,6,morbi porttitor lorem id ligula
215,2020-07-17 20:46:55,2020-07-18 09:46:55,13,5,varius ut blandit non interdum
219,2021-03-25 03:10:15,2021-03-25 15:10:15,12,4,risus semper porta volutpat
220,2021-10-01 00:15:56,2021-10-01 11:15:56,11,3,massa
224,2019-11-21 03:58:04,2019-11-21 15:58:04,12,4,eros
225,2021-08-05 05:42:39,2021-08-05 16:42:39,11,3,vestibulum
258,2020-06-01 23:23:07,2020-06-02 09:23:07,10,2,mauris
261,2022-02-04 00:17:18,2022-02-04 12:17:18,12,4,duis ac nibh
262,2018-06-15 12:10:48,2018-06-15 20:10:48,8,0,at diam nam tristique
263,2019-06-06 23:26:02,2019-06-07 07:26:02,8,0,pharetra magna ac consequat
264,2019-05-15 10:54:54,2019-05-15 18:54:54,8,0,nulla
302,2018-10-02 01:53:34,2018-10-02 13:53:34,12,4,nullam orci pede venenatis
303,2021-07-26 17:53:07,2021-07-27 03:53:07,10,2,a
304,2021-12-21 02:38:18,2021-12-21 14:38:18,12,4,pede malesuada in
306,2021-08-12 08:34:21,2021-08-12 18:34:21,10,2,nulla sed
307,2019-03-18 00:42:05,2019-03-18 13:42:05,13,5,morbi ut odio cras
308,2019-04-11 22:07:17,2019-04-12 12:07:17,14,6,luctus
312,2018-03-20 08:50:19,2018-03-20 17:50:19,9,1,lectus in est risus auctor
313,2018-05-01 05:49:52,2018-05-01 17:49:52,12,4,etiam justo
315,2018-03-07 22:54:06,2018-03-08 07:54:06,9,1,potenti
316,2018-03-15 09:30:32,2018-03-15 18:30:32,9,1,maecenas tristique
317,2019-12-03 22:09:40,2019-12-04 07:09:40,9,1,turpis adipiscing lorem vitae mattis
361,2021-03-17 10:12:15,2021-03-17 21:12:15,11,3,id
364,2020-01-29 16:23:45,2020-01-30 03:23:45,11,3,id massa id nisl
367,2021-05-11 04:50:15,2021-05-11 16:50:15,12,4,eget massa tempor convallis
370,2019-05-07 12:56:19,2019-05-08 00:56:19,12,4,consectetuer adipiscing elit
375,2019-11-11 18:47:30,2019-11-12 08:47:30,14,6,lobortis
376,2020-04-06 06:50:43,2020-04-06 18:50:43,12,4,ultrices mattis odio donec vitae
381,2020-07-02 02:33:45,2020-07-02 16:33:45,14,6,velit id pretium
382,2019-02-17 19:20:05,2019-02-18 03:20:05,8,0,vestibulum
384,2022-01-10 18:53:54,2022-01-11 03:53:54,9,1,aliquam lacus morbi quis
385,2018-10-21 07:45:26,2018-10-21 19:45:26,12,4,orci mauris lacinia
387,2019-11-09 22:20:44,2019-11-10 11:20:44,13,5,consequat varius integer ac
390,2018-01-26 02:18:54,2018-01-26 15:18:54,13,5,porta volutpat
391,2020-08-02 15:30:59,2020-08-03 05:30:59,14,6,venenatis turpis enim blandit
393,2019-07-23 10:57:32,2019-07-23 23:57:32,13,5,turpis
395,2022-01-30 01:15:58,2022-01-30 13:15:58,12,4,felis
399,2020-06-09 10:52:17,2020-06-09 23:52:17,13,5,vestibulum sagittis sapien cum
400,2018-07-20 18:27:42,2018-07-21 07:27:42,13,5,turpis integer
401,2020-09-22 09:17:18,2020-09-22 22:17:18,13,5,in hac habitasse platea
456,2018-02-10 01:28:27,2018-02-10 15:28:27,14,6,cursus urna
457,2020-12-07 19:14:40,2020-12-08 03:14:40,8,0,praesent
459,2018-09-18 10:36:56,2018-09-18 20:36:56,10,2,diam erat fermentum
464,2020-02-09 23:48:06,2020-02-10 11:48:06,12,4,orci
465,2021-05-03 22:28:35,2021-05-04 08:28:35,10,2,et commodo
467,2018-11-21 06:36:17,2018-11-21 16:36:17,10,2,eros suspendisse accumsan tortor quis
468,2018-03-25 23:28:02,2018-03-26 09:28:02,10,2,augue vel accumsan tellus
469,2020-10-27 09:01:08,2020-10-27 19:01:08,10,2,pellentesque volutpat dui
472,2018-05-22 12:48:17,2018-05-22 23:48:17,11,3,volutpat
474,2019-04-29 18:18:56,2019-04-30 03:18:56,9,1,donec diam neque
477,2022-02-15 15:53:06,2022-02-16 01:53:06,10,2,volutpat eleifend donec
522,2021-04-01 02:03:47,2021-04-01 10:03:47,8,0,dictumst morbi vestibulum velit id
523,2018-01-29 10:25:01,2018-01-29 22:25:01,12,4,tellus nulla
524,2019-09-15 20:15:24,2019-09-16 04:15:24,8,0,faucibus accumsan
529,2022-05-14 13:50:33,2022-05-15 01:50:33,12,4,nulla elit
531,2019-07-10 17:26:02,2019-07-11 03:26:02,10,2,faucibus orci luctus et
532,2020-03-22 22:02:43,2020-03-23 12:02:43,14,6,morbi
536,2021-11-21 23:35:00,2021-11-22 07:35:00,8,0,nisl nunc
537,2018-08-15 05:06:01,2018-08-15 13:06:01,8,0,amet
538,2019-10-10 08:41:18,2019-10-10 17:41:18,9,1,vitae quam
543,2018-10-09 08:27:57,2018-10-09 18:27:57,10,2,ultrices erat tortor sollicitudin mi
547,2018-06-14 05:39:42,2018-06-14 13:39:42,8,0,auctor sed tristique
550,2021-03-15 15:01:48,2021-03-16 00:01:48,9,1,platea
552,2018-07-10 04:59:25,2018-07-10 13:59:25,9,1,lacus morbi sem mauris
553,2018-08-09 12:09:30,2018-08-09 23:09:30,11,3,a nibh
554,2018-04-07 11:32:11,2018-04-07 21:32:11,10,2,tortor
555,2019-01-19 07:10:53,2019-01-19 19:10:53,12,4,montes nascetur ridiculus mus vivamus
556,2018-07-14 11:50:08,2018-07-15 00:50:08,13,5,purus
559,2019-07-07 19:08:31,2019-07-08 07:08:31,12,4,eros
560,2018-09-20 12:27:10,2018-09-21 00:27:10,12,4,arcu libero rutrum ac
562,2018-11-27 16:48:40,2018-11-28 03:48:40,11,3,quisque
565,2020-11-04 06:22:00,2020-11-04 17:22:00,11,3,eleifend luctus ultricies eu
566,2020-11-20 20:32:54,2020-11-21 09:32:54,13,5,sapien
567,2022-04-27 08:28:29,2022-04-27 21:28:29,13,5,aenean lectus pellentesque eget
569,2018-03-12 21:11:45,2018-03-13 08:11:45,11,3,enim leo rhoncus
570,2019-12-15 07:19:17,2019-12-15 16:19:17,9,1,in lectus pellentesque at nulla
571,2020-07-25 03:07:11,2020-07-25 16:07:11,13,5,felis sed
574,2018-04-22 18:24:32,2018-04-23 04:24:32,10,2,id ornare imperdiet
575,2021-04-02 00:18:58,2021-04-02 11:18:58,11,3,vestibulum quam sapien varius ut
576,2019-07-17 18:29:53,2019-07-18 05:29:53,11,3,magna vestibulum aliquet ultrices erat
632,2019-06-27 22:28:35,2019-06-28 11:28:35,13,5,eu
635,2022-04-19 11:54:54,2022-04-19 21:54:54,10,2,feugiat
638,2018-04-19 17:53:12,2018-04-20 06:53:12,13,5,magnis dis parturient montes
639,2020-07-02 07:53:47,2020-07-02 19:53:47,12,4,nibh quisque id
644,2020-09-14 17:30:50,2020-09-15 04:30:50,11,3,sagittis nam congue risus
645,2021-06-25 22:34:24,2021-06-26 08:34:24,10,2,hac
647,2019-06-02 16:11:26,2019-06-03 06:11:26,14,6,tristique fusce congue diam
650,2021-09-30 01:45:57,2021-09-30 10:45:57,9,1,augue quam
654,2019-06-17 02:55:00,2019-06-17 10:55:00,8,0,in imperdiet et commodo vulputate
655,2021-06-02 03:22:50,2021-06-02 17:22:50,14,6,cubilia curae duis faucibus
656,2018-10-27 08:37:48,2018-10-27 17:37:48,9,1,convallis eget
658,2019-09-06 15:22:04,2019-09-07 03:22:04,12,4,nec molestie sed
659,2018-11-22 08:13:07,2018-11-22 19:13:07,11,3,sit amet lobortis
660,2018-06-22 23:51:26,2018-06-23 11:51:26,12,4,pulvinar lobortis est phasellus
710,2019-09-11 02:51:18,2019-09-11 14:51:18,12,4,ipsum praesent
712,2018-06-14 06:21:31,2018-06-14 14:21:31,8,0,augue luctus tincidunt nulla
713,2018-05-16 03:47:31,2018-05-16 11:47:31,8,0,enim blandit mi in
717,2018-08-13 09:12:33,2018-08-13 22:12:33,13,5,erat
718,2018-03-29 01:01:36,2018-03-29 10:01:36,9,1,diam neque vestibulum eget
719,2018-05-21 06:14:41,2018-05-21 19:14:41,13,5,in hac habitasse
753,2018-12-19 13:53:28,2018-12-20 00:53:28,11,3,rutrum
755,2018-06-08 01:28:17,2018-06-08 11:28:17,10,2,nam dui proin leo odio
756,2019-12-25 07:29:36,2019-12-25 16:29:36,9,1,lorem
758,2019-08-28 10:43:44,2019-08-28 20:43:44,10,2,sem
760,2018-11-17 18:48:10,2018-11-18 03:48:10,9,1,nisi eu orci mauris
763,2021-12-18 11:37:08,2021-12-18 23:37:08,12,4,quam nec dui luctus
765,2019-02-02 14:03:59,2019-02-02 22:03:59,8,0,nulla
768,2021-04-15 06:47:57,2021-04-15 14:47:57,8,0,nunc
770,2022-05-12 04:45:26,2022-05-12 15:45:26,11,3,ultrices
771,2020-10-14 21:24:03,2020-10-15 06:24:03,9,1,congue
774,2018-05-06 01:57:02,2018-05-06 14:57:02,13,5,odio cras mi pede malesuada
776,2022-02-04 18:02:38,2022-02-05 04:02:38,10,2,vulputate ut
779,2019-03-17 03:59:49,2019-03-17 12:59:49,9,1,id consequat in
782,2018-02-02 01:28:53,2018-02-02 15:28:53,14,6,iaculis justo
783,2022-03-17 11:50:32,2022-03-17 23:50:32,12,4,nisl duis bibendum felis
784,2020-12-22 10:31:56,2020-12-22 22:31:56,12,4,mauris sit amet
787,2020-12-23 11:28:52,2020-12-23 22:28:52,11,3,morbi ut odio cras mi
788,2021-10-18 09:35:19,2021-10-18 21:35:19,12,4,quam pede lobortis
790,2022-02-17 03:46:54,2022-02-17 14:46:54,11,3,morbi porttitor lorem id
791,2019-10-06 23:20:46,2019-10-07 08:20:46,9,1,dui nec nisi
792,2018-10-21 03:54:03,2018-10-21 17:54:03,14,6,mauris laoreet ut
793,2019-09-22 06:49:03,2019-09-22 14:49:03,8,0,placerat ante nulla justo
794,2019-02-09 18:10:50,2019-02-10 06:10:50,12,4,quis orci nullam
795,2021-08-02 06:28:36,2021-08-02 19:28:36,13,5,quis turpis sed ante
796,2021-08-23 05:56:11,2021-08-23 19:56:11,14,6,lobortis sapien
797,2021-08-21 02:43:38,2021-08-21 16:43:38,14,6,imperdiet sapien urna pretium nisl
801,2020-11-05 15:49:00,2020-11-05 23:49:00,8,0,in purus eu
860,2020-06-22 03:38:25,2020-06-22 12:38:25,9,1,ac lobortis vel dapibus at
861,2019-10-18 20:42:42,2019-10-19 06:42:42,10,2,consequat nulla nisl nunc
862,2020-05-26 00:18:11,2020-05-26 14:18:11,14,6,augue aliquam
865,2020-08-17 13:48:55,2020-08-18 00:48:55,11,3,suscipit nulla elit ac nulla
866,2021-06-21 13:10:08,2021-06-21 23:10:08,10,2,eleifend quam a
914,2018-07-17 17:41:22,2018-07-18 01:41:22,8,0,molestie lorem quisque ut
918,2018-07-25 19:11:21,2018-07-26 08:11:21,13,5,luctus rutrum nulla
921,2019-03-31 01:42:56,2019-03-31 11:42:56,10,2,quam fringilla rhoncus mauris enim
923,2020-02-12 06:07:05,2020-02-12 16:07:05,10,2,tincidunt ante vel ipsum praesent
925,2020-09-17 23:11:41,2020-09-18 10:11:41,11,3,purus phasellus in felis
926,2020-08-28 15:29:33,2020-08-29 01:29:33,10,2,luctus et ultrices
928,2021-03-20 04:25:36,2021-03-20 16:25:36,12,4,mauris lacinia sapien quis libero
932,2021-04-19 10:09:34,2021-04-19 23:09:34,13,5,aliquet at feugiat non pretium
959,2020-07-26 22:19:31,2020-07-27 11:19:31,13,5,quis libero
960,2020-06-02 05:55:40,2020-06-02 16:55:40,11,3,bibendum morbi non quam
961,2020-01-27 03:17:37,2020-01-27 15:17:37,12,4,faucibus orci luctus et
968,2021-06-19 23:43:58,2021-06-20 08:43:58,9,1,commodo vulputate
977,2021-01-01 11:46:56,2021-01-01 23:46:56,12,4,nullam orci pede venenatis non
979,2019-01-04 14:44:45,2019-01-05 01:44:45,11,3,curae mauris viverra diam vitae
982,2020-12-02 09:31:37,2020-12-02 23:31:37,14,6,integer non
983,2022-02-22 03:02:47,2022-02-22 16:02:47,13,5,maecenas pulvinar lobortis est phasellus
986,2021-11-14 15:00:50,2021-11-15 05:00:50,14,6,sit amet eros suspendisse
987,2018-12-06 14:58:34,2018-12-07 02:58:34,12,4,integer non velit donec
988,2022-02-12 18:32:48,2022-02-13 08:32:48,14,6,tortor eu pede
989,2019-12-18 10:41:04,2019-12-18 20:41:04,10,2,ultrices libero non mattis
990,2021-03-24 11:14:15,2021-03-24 19:14:15,8,0,in hac
991,2018-03-20 02:19:35,2018-03-20 15:19:35,13,5,ligula
992,2020-03-07 17:04:44,2020-03-08 07:04:44,14,6,et ultrices
993,2019-10-24 22:24:20,2019-10-25 11:24:20,13,5,id consequat in consequat
995,2018-04-29 18:38:01,2018-04-30 03:38:01,9,1,non mattis pulvinar nulla
996,2021-12-25 22:25:03,2021-12-26 08:25:03,10,2,ligula
997,2021-01-21 16:58:34,2021-01-22 05:58:34,13,5,nonummy
999,2019-09-07 09:23:38,2019-09-07 18:23:38,9,1,quisque
28,2021-05-22 02:14:03,2021-05-22 10:14:03,8,0,eleifend luctus ultricies eu nibh
32,2019-01-13 02:33:49,2019-01-13 16:33:49,14,6,pellentesque
36,2021-12-28 00:09:47,2021-12-28 09:09:47,9,1,adipiscing
37,2019-09-08 18:07:25,2019-09-09 08:07:25,14,6,velit donec
39,2022-02-21 18:09:54,2022-02-22 08:09:54,14,6,semper sapien a libero