flight_plan_id,flight_id,plane_id,row_seat,col_seat
33,1,119,1,1
33,1,119,1,2
33,1,119,1,3
33,1,119,1,4
33,1,119,1,5
33,1,119,1,6
33,1,119,1,7
33,1,119,1,8
33,1,119,1,9
33,1,119,1,10
33,1,119,1,11
33,1,119,1,12
33,1,119,1,13
33,1,119,1,14
33,1,119,1,15
33,1,119,1,16
33,1,119,1,17
33,1,119,1,18
33,1,119,1,19
33,1,119,1,20
33,1,119,1,21
33,1,119,1,22
33,1,119,1,23
33,1,119,1,24
33,1,119,1,25
33,1,119,1,26
33,1,119,1,27
33,1,119,1,28
33,1,119,1,29
33,1,119,1,30
33,1,119,2,1
33,1,119,2,2
33,1,119,2,3
33,1,119,2,4
33,1,119,2,5
33,1,119,2,6
33,1,119,2,7
33,1,119,2,8
33,1,119,2,9
33,1,119,2,10
33,1,119,2,11
33,1,119,2,12
33,1,119,2,13
33,1,119,2,14
33,1,119,2,15
33,1,119,2,16
33,1,119,2,17
33,1,119,2,18
33,1,119,2,19
33,1,119,2,20
33,1,119,2,21
33,1,119,2,22
33,1,119,2,23
33,1,119,2,24
33,1,119,2,25
33,1,119,2,26
33,1,119,2,27
33,1,119,2,28
33,1,119,2,29
33,1,119,2,30
33,1,119,3,1
33,1,119,3,2
33,1,119,3,3
33,1,119,3,4
33,1,119,3,5
33,1,119,3,6
33,1,119,3,7
33,1,119,3,8
33,1,119,3,9
33,1,119,3,10
33,1,119,3,11
33,1,119,3,12
33,1,119,3,13
33,1,119,3,14
33,1,119,3,15
33,1,119,3,16
33,1,119,3,17
33,1,119,3,18
33,1,119,3,19
33,1,119,3,20
33,1,119,3,21
33,1,119,3,22
33,1,119,3,23
33,1,119,3,24
33,1,119,3,25
33,1,119,3,26
33,1,119,3,27
33,1,119,3,28
33,1,119,3,29
33,1,119,3,30
33,1,119,4,1
33,1,119,4,2
33,1,119,4,3
33,1,119,4,4
33,1,119,4,5
33,1,119,4,6
33,1,119,4,7
33,1,119,4,8
33,1,119,4,9
33,1,119,4,10
33,1,119,4,11
33,1,119,4,12
33,1,119,4,13
33,1,119,4,14
33,1,119,4,15
33,1,119,4,16
33,1,119,4,17
33,1,119,4,18
33,1,119,4,19
33,1,119,4,20
33,1,119,4,21
33,1,119,4,22
33,1,119,4,23
33,1,119,4,24
33,1,119,4,25
33,1,119,4,26
33,1,119,4,27
33,1,119,4,28
33,1,119,4,29
33,1,119,4,30
33,1,119,5,1
33,1,119,5,2
33,1,119,5,3
33,1,119,5,4
33,1,119,5,5
33,1,119,5,6
33,1,119,5,7
33,1,119,5,8
33,1,119,5,9
33,1,119,5,10
33,1,119,5,11
33,1,119,5,12
33,1,119,5,13
33,1,119,5,14
33,1,119,5,15
33,1,119,5,16
33,1,119,5,17
33,1,119,5,18
33,1,119,5,19
33,1,119,5,20
33,1,119,5,21
33,1,119,5,22
33,1,119,5,23
33,1,119,5,24
33,1,119,5,25
33,1,119,5,26
33,1,119,5,27
33,1,119,5,28
33,1,119,5,29
33,1,119,5,30
33,1,119,6,1
33,1,119,6,2
33,1,119,6,3
33,1,119,6,4
33,1,119,6,5
33,1,119,6,6
33,1,119,6,7
33,1,119,6,8
33,1,119,6,9
33,1,119,6,10
33,1,119,6,11
33,1,119,6,12
33,1,119,6,13
33,1,119,6,14
33,1,119,6,15
33,1,119,6,16
33,1,119,6,17
33,1,119,6,18
33,1,119,6,19
33,1,119,6,20
33,1,119,6,21
33,1,119,6,22
33,1,119,6,23
33,1,119,6,24
33,1,119,6,25
33,1,119,6,26
33,1,119,6,27
33,1,119,6,28
33,1,119,6,29
33,1,119,6,30
14,2,17,1,1
14,2,17,1,2
14,2,17,1,3
14,2,17,1,4
14,2,17,1,5
14,2,17,1,6
14,2,17,1,7
14,2,17,1,8
14,2,17,1,9
14,2,17,1,10
14,2,17,1,11
14,2,17,1,12
14,2,17,1,13
14,2,17,1,14
14,2,17,1,15
14,2,17,1,16
14,2,17,1,17
14,2,17,1,18
14,2,17,1,19
14,2,17,1,20
14,2,17,1,21
14,2,17,1,22
14,2,17,1,23
14,2,17,1,24
14,2,17,1,25
14,2,17,1,26
14,2,17,1,27
14,2,17,1,28
14,2,17,1,29
14,2,17,1,30
14,2,17,2,1
14,2,17,2,2
14,2,17,2,3
14,2,17,2,4
14,2,17,2,5
14,2,17,2,6
14,2,17,2,7
14,2,17,2,8
14,2,17,2,9
14,2,17,2,10
14,2,17,2,11
14,2,17,2,12
14,2,17,2,13
14,2,17,2,14
14,2,17,2,15
14,2,17,2,16
14,2,17,2,17
14,2,17,2,18
14,2,17,2,19
14,2,17,2,20
14,2,17,2,21
14,2,17,2,22
14,2,17,2,23
14,2,17,2,24
14,2,17,2,25
14,2,17,2,26
14,2,17,2,27
14,2,17,2,28
14,2,17,2,29
14,2,17,2,30
14,2,17,3,1
14,2,17,3,2
14,2,17,3,3
14,2,17,3,4
14,2,17,3,5
14,2,17,3,6
14,2,17,3,7
14,2,17,3,8
14,2,17,3,9
14,2,17,3,10
14,2,17,3,11
14,2,17,3,12
14,2,17,3,13
14,2,17,3,14
14,2,17,3,15
14,2,17,3,16
14,2,17,3,17
14,2,17,3,18
14,2,17,3,19
14,2,17,3,20
14,2,17,3,21
14,2,17,3,22
14,2,17,3,23
14,2,17,3,24
14,2,17,3,25
14,2,17,3,26
14,2,17,3,27
14,2,17,3,28
14,2,17,3,29
14,2,17,3,30
14,2,17,4,1
14,2,17,4,2
14,2,17,4,3
14,2,17,4,4
14,2,17,4,5
14,2,17,4,6
14,2,17,4,7
14,2,17,4,8
14,2,17,4,9
14,2,17,4,10
14,2,17,4,11
14,2,17,4,12
14,2,17,4,13
14,2,17,4,14
14,2,17,4,15
14,2,17,4,16
14,2,17,4,17
14,2,17,4,18
14,2,17,4,19
14,2,17,4,20
14,2,17,4,21
14,2,17,4,22
14,2,17,4,23
14,2,17,4,24
14,2,17,4,25
14,2,17,4,26
14,2,17,4,27
14,2,17,4,28
14,2,17,4,29
14,2,17,4,30
14,2,17,5,1
14,2,17,5,2
14,2,17,5,3
14,2,17,5,4
14,2,17,5,5
14,2,17,5,6
14,2,17,5,7
14,2,17,5,8
14,2,17,5,9
14,2,17,5,10
14,2,17,5,11
14,2,17,5,12
14,2,17,5,13
14,2,17,5,14
14,2,17,5,15
14,2,17,5,16
14,2,17,5,17
14,2,17,5,18
14,2,17,5,19
14,2,17,5,20
14,2,17,5,21
14,2,17,5,22
14,2,17,5,23
14,2,17,5,24
14,2,17,5,25
14,2,17,5,26
14,2,17,5,27
14,2,17,5,28
14,2,17,5,29
14,2,17,5,30
14,2,17,6,1
14,2,17,6,2
14,2,17,6,3
14,2,17,6,4
14,2,17,6,5
14,2,17,6,6
14,2,17,6,7
14,2,17,6,8
14,2,17,6,9
14,2,17,6,10
14,2,17,6,11
14,2,17,6,12
14,2,17,6,13
14,2,17,6,14
14,2,17,6,15
14,2,17,6,16
14,2,17,6,17
14,2,17,6,18
14,2,17,6,19
14,2,17,6,20
14,2,17,6,21
14,2,17,6,22
14,2,17,6,23
14,2,17,6,24
14,2,17,6,25
14,2,17,6,26
14,2,17,6,27
14,2,17,6,28
14,2,17,6,29
14,2,17,6,30
14,2,175,1,1
14,2,175,1,2
14,2,175,1,3
14,2,175,1,4
14,2,175,1,5
14,2,175,1,6
14,2,175,1,7
14,2,175,1,8
14,2,175,1,9
14,2,175,1,10
14,2,175,1,11
14,2,175,1,12
14,2,175,1,13
14,2,175,1,14
14,2,175,1,15
14,2,175,1,16
14,2,175,1,17
14,2,175,1,18
14,2,175,1,19
14,2,175,1,20
14,2,175,1,21
14,2,175,1,22
14,2,175,1,23
14,2,175,1,24
14,2,175,1,25
14,2,175,1,26
14,2,175,1,27
14,2,175,1,28
14,2,175,1,29
14,2,175,1,30
14,2,175,2,1
14,2,175,2,2
14,2,175,2,3
14,2,175,2,4
14,2,175,2,5
14,2,175,2,6
14,2,175,2,7
14,2,175,2,8
14,2,175,2,9
14,2,175,2,10
14,2,175,2,11
14,2,175,2,12
14,2,175,2,13
14,2,175,2,14
14,2,175,2,15
14,2,175,2,16
14,2,175,2,17
14,2,175,2,18
14,2,175,2,19
14,2,175,2,20
14,2,175,2,21
14,2,175,2,22
14,2,175,2,23
14,2,175,2,24
14,2,175,2,25
14,2,175,2,26
14,2,175,2,27
14,2,175,2,28
14,2,175,2,29
14,2,175,2,30
14,2,175,3,1
14,2,175,3,2
14,2,175,3,3
14,2,175,3,4
14,2,175,3,5
14,2,175,3,6
14,2,175,3,7
14,2,175,3,8
14,2,175,3,9
14,2,175,3,10
14,2,175,3,11
14,2,175,3,12
14,2,175,3,13
14,2,175,3,14
14,2,175,3,15
14,2,175,3,16
14,2,175,3,17
14,2,175,3,18
14,2,175,3,19
14,2,175,3,20
14,2,175,3,21
14,2,175,3,22
14,2,175,3,23
14,2,175,3,24
14,2,175,3,25
14,2,175,3,26
14,2,175,3,27
14,2,175,3,28
14,2,175,3,29
14,2,175,3,30
14,2,175,4,1
14,2,175,4,2
14,2,175,4,3
14,2,175,4,4
14,2,175,4,5
14,2,175,4,6
14,2,175,4,7
14,2,175,4,8
14,2,175,4,9
14,2,175,4,10
14,2,175,4,11
14,2,175,4,12
14,2,175,4,13
14,2,175,4,14
14,2,175,4,15
14,2,175,4,16
14,2,175,4,17
14,2,175,4,18
14,2,175,4,19
14,2,175,4,20
14,2,175,4,21
14,2,175,4,22
14,2,175,4,23
14,2,175,4,24
14,2,175,4,25
14,2,175,4,26
14,2,175,4,27
14,2,175,4,28
14,2,175,4,29
14,2,175,4,30
14,2,175,5,1
14,2,175,5,2
14,2,175,5,3
14,2,175,5,4
14,2,175,5,5
14,2,175,5,6
14,2,175,5,7
14,2,175,5,8
14,2,175,5,9
14,2,175,5,10
14,2,175,5,11
14,2,175,5,12
14,2,175,5,13
14,2,175,5,14
14,2,175,5,15
14,2,175,5,16
14,2,175,5,17
14,2,175,5,18
14,2,175,5,19
14,2,175,5,20
14,2,175,5,21
14,2,175,5,22
14,2,175,5,23
14,2,175,5,24
14,2,175,5,25
14,2,175,5,26
14,2,175,5,27
14,2,175,5,28
14,2,175,5,29
14,2,175,5,30
14,2,175,6,1
14,2,175,6,2
14,2,175,6,3
14,2,175,6,4
14,2,175,6,5
14,2,175,6,6
14,2,175,6,7
14,2,175,6,8
14,2,175,6,9
14,2,175,6,10
14,2,175,6,11
14,2,175,6,12
14,2,175,6,13
14,2,175,6,14
14,2,175,6,15
14,2,175,6,16
14,2,175,6,17
14,2,175,6,18
14,2,175,6,19
14,2,175,6,20
14,2,175,6,21
14,2,175,6,22
14,2,175,6,23
14,2,175,6,24
14,2,175,6,25
14,2,175,6,26
14,2,175,6,27
14,2,175,6,28
14,2,175,6,29
14,2,175,6,30
118,3,138,1,1
118,3,138,1,2
118,3,138,1,3
118,3,138,1,4
118,3,138,1,5
118,3,138,1,6
118,3,138,1,7
118,3,138,1,8
118,3,138,1,9
118,3,138,1,10
118,3,138,1,11
118,3,138,1,12
118,3,138,1,13
118,3,138,1,14
118,3,138,1,15
118,3,138,1,16
118,3,138,1,17
118,3,138,1,18
118,3,138,1,19
118,3,138,1,20
118,3,138,1,21
118,3,138,1,22
118,3,138,1,23
118,3,138,1,24
118,3,138,1,25
118,3,138,1,26
118,3,138,1,27
118,3,138,1,28
118,3,138,1,29
118,3,138,1,30
118,3,138,2,1
118,3,138,2,2
118,3,138,2,3
118,3,138,2,4
118,3,138,2,5
118,3,138,2,6
118,3,138,2,7
118,3,138,2,8
118,3,138,2,9
118,3,138,2,10
118,3,138,2,11
118,3,138,2,12
118,3,138,2,13
118,3,138,2,14
118,3,138,2,15
118,3,138,2,16
118,3,138,2,17
118,3,138,2,18
118,3,138,2,19
118,3,138,2,20
118,3,138,2,21
118,3,138,2,22
118,3,138,2,23
118,3,138,2,24
118,3,138,2,25
118,3,138,2,26
118,3,138,2,27
118,3,138,2,28
118,3,138,2,29
118,3,138,2,30
118,3,138,3,1
118,3,138,3,2
118,3,138,3,3
118,3,138,3,4
118,3,138,3,5
118,3,138,3,6
118,3,138,3,7
118,3,138,3,8
118,3,138,3,9
118,3,138,3,10
118,3,138,3,11
118,3,138,3,12
118,3,138,3,13
118,3,138,3,14
118,3,138,3,15
118,3,138,3,16
118,3,138,3,17
118,3,138,3,18
118,3,138,3,19
118,3,138,3,20
118,3,138,3,21
118,3,138,3,22
118,3,138,3,23
118,3,138,3,24
118,3,138,3,25
118,3,138,3,26
118,3,138,3,27
118,3,138,3,28
118,3,138,3,29
118,3,138,3,30
118,3,138,4,1
118,3,138,4,2
118,3,138,4,3
118,3,138,4,4
118,3,138,4,5
118,3,138,4,6
118,3,138,4,7
118,3,138,4,8
118,3,138,4,9
118,3,138,4,10
118,3,138,4,11
118,3,138,4,12
118,3,138,4,13
118,3,138,4,14
118,3,138,4,15
118,3,138,4,16
118,3,138,4,17
118,3,138,4,18
118,3,138,4,19
118,3,138,4,20
118,3,138,4,21
118,3,138,4,22
118,3,138,4,23
118,3,138,4,24
118,3,138,4,25
118,3,138,4,26
118,3,138,4,27
118,3,138,4,28
118,3,138,4,29
118,3,138,4,30
118,3,138,5,1
118,3,138,5,2
118,3,138,5,3
118,3,138,5,4
118,3,138,5,5
118,3,138,5,6
118,3,138,5,7
118,3,138,5,8
118,3,138,5,9
118,3,138,5,10
118,3,138,5,11
118,3,138,5,12
118,3,138,5,13
118,3,138,5,14
118,3,138,5,15
118,3,138,5,16
118,3,138,5,17
118,3,138,5,18
118,3,138,5,19
118,3,138,5,20
118,3,138,5,21
118,3,138,5,22
118,3,138,5,23
118,3,138,5,24
118,3,138,5,25
118,3,138,5,26
118,3,138,5,27
118,3,138,5,28
118,3,138,5,29
118,3,138,5,30
118,3,138,6,1
118,3,138,6,2
118,3,138,6,3
118,3,138,6,4
118,3,138,6,5
118,3,138,6,6
118,3,138,6,7
118,3,138,6,8
118,3,138,6,9
118,3,138,6,10
118,3,138,6,11
118,3,138,6,12
118,3,138,6,13
118,3,138,6,14
118,3,138,6,15
118,3,138,6,16
118,3,138,6,17
118,3,138,6,18
118,3,138,6,19
118,3,138,6,20
118,3,138,6,21
118,3,138,6,22
118,3,138,6,23
118,3,138,6,24
118,3,138,6,25
118,3,138,6,26
118,3,138,6,27
118,3,138,6,28
118,3,138,6,29
118,3,138,6,30
37,4,69,1,1
37,4,69,1,2
37,4,69,1,3
37,4,69,1,4
37,4,69,1,5
37,4,69,1,6
37,4,69,1,7
37,4,69,1,8
37,4,69,1,9
37,4,69,1,10
37,4,69,1,11
37,4,69,1,12
37,4,69,1,13
37,4,69,1,14
37,4,69,1,15
37,4,69,1,16
37,4,69,1,17
37,4,69,1,18
37,4,69,1,19
37,4,69,1,20
37,4,69,1,21
37,4,69,1,22
37,4,69,1,23
37,4,69,1,24
37,4,69,1,25
37,4,69,1,26
37,4,69,1,27
37,4,69,1,28
37,4,69,1,29
37,4,69,1,30
37,4,69,2,1
37,4,69,2,2
37,4,69,2,3
37,4,69,2,4
37,4,69,2,5
37,4,69,2,6
37,4,69,2,7
37,4,69,2,8
37,4,69,2,9
37,4,69,2,10
37,4,69,2,11
37,4,69,2,12
37,4,69,2,13
37,4,69,2,14
37,4,69,2,15
37,4,69,2,16
37,4,69,2,17
37,4,69,2,18
37,4,69,2,19
37,4,69,2,20
37,4,69,2,21
37,4,69,2,22
37,4,69,2,23
37,4,69,2,24
37,4,69,2,25
37,4,69,2,26
37,4,69,2,27
37,4,69,2,28
37,4,69,2,29
37,4,69,2,30
37,4,69,3,1
37,4,69,3,2
37,4,69,3,3
37,4,69,3,4
37,4,69,3,5
37,4,69,3,6
37,4,69,3,7
37,4,69,3,8
37,4,69,3,9
37,4,69,3,10
37,4,69,3,11
37,4,69,3,12
37,4,69,3,13
37,4,69,3,14
37,4,69,3,15
37,4,69,3,16
37,4,69,3,17
37,4,69,3,18
37,4,69,3,19
37,4,69,3,20
37,4,69,3,21
37,4,69,3,22
37,4,69,3,23
37,4,69,3,24
37,4,69,3,25
37,4,69,3,26
37,4,69,3,27
37,4,69,3,28
37,4,69,3,29
37,4,69,3,30
37,4,69,4,1
37,4,69,4,2
37,4,69,4,3
37,4,69,4,4
37,4,69,4,5
37,4,69,4,6
37,4,69,4,7
37,4,69,4,8
37,4,69,4,9
37,4,69,4,10
37,4,69,4,11
37,4,69,4,12
37,4,69,4,13
37,4,69,4,14
37,4,69,4,15
37,4,69,4,16
37,4,69,4,17
37,4,69,4,18
37,4,69,4,19
37,4,69,4,20
37,4,69,4,21
37,4,69,4,22
37,4,69,4,23
37,4,69,4,24
37,4,69,4,25
37,4,69,4,26
37,4,69,4,27
37,4,69,4,28
37,4,69,4,29
37,4,69,4,30
37,4,69,5,1
37,4,69,5,2
37,4,69,5,3
37,4,69,5,4
37,4,69,5,5
37,4,69,5,6
37,4,69,5,7
37,4,69,5,8
37,4,69,5,9
37,4,69,5,10
37,4,69,5,11
37,4,69,5,12
37,4,69,5,13
37,4,69,5,14
37,4,69,5,15
37,4,69,5,16
37,4,69,5,17
37,4,69,5,18
37,4,69,5,19
37,4,69,5,20
37,4,69,5,21
37,4,69,5,22
37,4,69,5,23
37,4,69,5,24
37,4,69,5,25
37,4,69,5,26
37,4,69,5,27
37,4,69,5,28
37,4,69,5,29
37,4,69,5,30
37,4,69,6,1
37,4,69,6,2
37,4,69,6,3
37,4,69,6,4
37,4,69,6,5
37,4,69,6,6
37,4,69,6,7
37,4,69,6,8
37,4,69,6,9
37,4,69,6,10
37,4,69,6,11
37,4,69,6,12
37,4,69,6,13
37,4,69,6,14
37,4,69,6,15
37,4,69,6,16
37,4,69,6,17
37,4,69,6,18
37,4,69,6,19
37,4,69,6,20
37,4,69,6,21
37,4,69,6,22
37,4,69,6,23
37,4,69,6,24
37,4,69,6,25
37,4,69,6,26
37,4,69,6,27
37,4,69,6,28
37,4,69,6,29
37,4,69,6,30
59,5,47,1,1
59,5,47,1,2
59,5,47,1,3
59,5,47,1,4
59,5,47,1,5
59,5,47,1,6
59,5,47,1,7
59,5,47,1,8
59,5,47,1,9
59,5,47,1,10
59,5,47,1,11
59,5,47,1,12
59,5,47,1,13
59,5,47,1,14
59,5,47,1,15
59,5,47,1,16
59,5,47,1,17
59,5,47,1,18
59,5,47,1,19
59,5,47,1,20
59,5,47,1,21
59,5,47,1,22
59,5,47,1,23
59,5,47,1,24
59,5,47,1,25
59,5,47,1,26
59,5,47,1,27
59,5,47,1,28
59,5,47,1,29
59,5,47,1,30
59,5,47,2,1
59,5,47,2,2
59,5,47,2,3
59,5,47,2,4
59,5,47,2,5
59,5,47,2,6
59,5,47,2,7
59,5,47,2,8
59,5,47,2,9
59,5,47,2,10
59,5,47,2,11
59,5,47,2,12
59,5,47,2,13
59,5,47,2,14
59,5,47,2,15
59,5,47,2,16
59,5,47,2,17
59,5,47,2,18
59,5,47,2,19
59,5,47,2,20
59,5,47,2,21
59,5,47,2,22
59,5,47,2,23
59,5,47,2,24
59,5,47,2,25
59,5,47,2,26
59,5,47,2,27
59,5,47,2,28
59,5,47,2,29
59,5,47,2,30
59,5,47,3,1
59,5,47,3,2
59,5,47,3,3
59,5,47,3,4
59,5,47,3,5
59,5,47,3,6
59,5,47,3,7
59,5,47,3,8
59,5,47,3,9
59,5,47,3,10
59,5,47,3,11
59,5,47,3,12
59,5,47,3,13
59,5,47,3,14
59,5,47,3,15
59,5,47,3,16
59,5,47,3,17
59,5,47,3,18
59,5,47,3,19
59,5,47,3,20
59,5,47,3,21
59,5,47,3,22
59,5,47,3,23
59,5,47,3,24
59,5,47,3,25
59,5,47,3,26
59,5,47,3,27
59,5,47,3,28
59,5,47,3,29
59,5,47,3,30
59,5,47,4,1
59,5,47,4,2
59,5,47,4,3
59,5,47,4,4
59,5,47,4,5
59,5,47,4,6
59,5,47,4,7
59,5,47,4,8
59,5,47,4,9
59,5,47,4,10
59,5,47,4,11
59,5,47,4,12
59,5,47,4,13
59,5,47,4,14
59,5,47,4,15
59,5,47,4,16
59,5,47,4,17
59,5,47,4,18
59,5,47,4,19
59,5,47,4,20
59,5,47,4,21
59,5,47,4,22
59,5,47,4,23
59,5,47,4,24
59,5,47,4,25
59,5,47,4,26
59,5,47,4,27
59,5,47,4,28
59,5,47,4,29
59,5,47,4,30
59,5,47,5,1
59,5,47,5,2
59,5,47,5,3
59,5,47,5,4
59,5,47,5,5
59,5,47,5,6
59,5,47,5,7
59,5,47,5,8
59,5,47,5,9
59,5,47,5,10
59,5,47,5,11
59,5,47,5,12
59,5,47,5,13
59,5,47,5,14
59,5,47,5,15
59,5,47,5,16
59,5,47,5,17
59,5,47,5,18
59,5,47,5,19
59,5,47,5,20
59,5,47,5,21
59,5,47,5,22
59,5,47,5,23
59,5,47,5,24
59,5,47,5,25
59,5,47,5,26
59,5,47,5,27
59,5,47,5,28
59,5,47,5,29
59,5,47,5,30
59,5,47,6,1
59,5,47,6,2
59,5,47,6,3
59,5,47,6,4
59,5,47,6,5
59,5,47,6,6
59,5,47,6,7
59,5,47,6,8
59,5,47,6,9
59,5,47,6,10
59,5,47,6,11
59,5,47,6,12
59,5,47,6,13
59,5,47,6,14
59,5,47,6,15
59,5,47,6,16
59,5,47,6,17
59,5,47,6,18
59,5,47,6,19
59,5,47,6,20
59,5,47,6,21
59,5,47,6,22
59,5,47,6,23
59,5,47,6,24
59,5,47,6,25
59,5,47,6,26
59,5,47,6,27
59,5,47,6,28
59,5,47,6,29
59,5,47,6,30
116,6,165,1,1
116,6,165,1,2
116,6,165,1,3
116,6,165,1,4
116,6,165,1,5
116,6,165,1,6
116,6,165,1,7
116,6,165,1,8
116,6,165,1,9
116,6,165,1,10
116,6,165,1,11
116,6,165,1,12
116,6,165,1,13
116,6,165,1,14
116,6,165,1,15
116,6,165,1,16
116,6,165,1,17
116,6,165,1,18
116,6,165,1,19
116,6,165,1,20
116,6,165,1,21
116,6,165,1,22
116,6,165,1,23
116,6,165,1,24
116,6,165,1,25
116,6,165,1,26
116,6,165,1,27
116,6,165,1,28
116,6,165,1,29
116,6,165,1,30
116,6,165,2,1
116,6,165,2,2
116,6,165,2,3
116,6,165,2,4
116,6,165,2,5
116,6,165,2,6
116,6,165,2,7
116,6,165,2,8
116,6,165,2,9
116,6,165,2,10
116,6,165,2,11
116,6,165,2,12
116,6,165,2,13
116,6,165,2,14
116,6,165,2,15
116,6,165,2,16
116,6,165,2,17
116,6,165,2,18
116,6,165,2,19
116,6,165,2,20
116,6,165,2,21
116,6,165,2,22
116,6,165,2,23
116,6,165,2,24
116,6,165,2,25
116,6,165,2,26
116,6,165,2,27
116,6,165,2,28
116,6,165,2,29
116,6,165,2,30
116,6,165,3,1
116,6,165,3,2
116,6,165,3,3
116,6,165,3,4
116,6,165,3,5
116,6,165,3,6
116,6,165,3,7
116,6,165,3,8
116,6,165,3,9
116,6,165,3,10
116,6,165,3,11
116,6,165,3,12
116,6,165,3,13
116,6,165,3,14
116,6,165,3,15
116,6,165,3,16
116,6,165,3,17
116,6,165,3,18
116,6,165,3,19
116,6,165,3,20
116,6,165,3,21
116,6,165,3,22
116,6,165,3,23
116,6,165,3,24
116,6,165,3,25
116,6,165,3,26
116,6,165,3,27
116,6,165,3,28
116,6,165,3,29
116,6,165,3,30
116,6,165,4,1
116,6,165,4,2
116,6,165,4,3
116,6,165,4,4
116,6,165,4,5
116,6,165,4,6
116,6,165,4,7
116,6,165,4,8
116,6,165,4,9
116,6,165,4,10
116,6,165,4,11
116,6,165,4,12
116,6,165,4,13
116,6,165,4,14
116,6,165,4,15
116,6,165,4,16
116,6,165,4,17
116,6,165,4,18
116,6,165,4,19
116,6,165,4,20
116,6,165,4,21
116,6,165,4,22
116,6,165,4,23
116,6,165,4,24
116,6,165,4,25
116,6,165,4,26
116,6,165,4,27
116,6,165,4,28
116,6,165,4,29
116,6,165,4,30
116,6,165,5,1
116,6,165,5,2
116,6,165,5,3
116,6,165,5,4
116,6,165,5,5
116,6,165,5,6
116,6,165,5,7
116,6,165,5,8
116,6,165,5,9
116,6,165,5,10
116,6,165,5,11
116,6,165,5,12
116,6,165,5,13
116,6,165,5,14
116,6,165,5,15
116,6,165,5,16
116,6,165,5,17
116,6,165,5,18
116,6,165,5,19
116,6,165,5,20
116,6,165,5,21
116,6,165,5,22
116,6,165,5,23
116,6,165,5,24
116,6,165,5,25
116,6,165,5,26
116,6,165,5,27
116,6,165,5,28
116,6,165,5,29
116,6,165,5,30
116,6,165,6,1
116,6,165,6,2
116,6,165,6,3
116,6,165,6,4
116,6,165,6,5
116,6,165,6,6
116,6,165,6,7
116,6,165,6,8
116,6,165,6,9
116,6,165,6,10
116,6,165,6,11
116,6,165,6,12
116,6,165,6,13
116,6,165,6,14
116,6,165,6,15
116,6,165,6,16
116,6,165,6,17
116,6,165,6,18
116,6,165,6,19
116,6,165,6,20
116,6,165,6,21
116,6,165,6,22
116,6,165,6,23
116,6,165,6,24
116,6,165,6,25
116,6,165,6,26
116,6,165,6,27
116,6,165,6,28
116,6,165,6,29
116,6,165,6,30
110,7,154,1,1
110,7,154,1,2
110,7,154,1,3
110,7,154,1,4
110,7,154,1,5
110,7,154,1,6
110,7,154,1,7
110,7,154,1,8
110,7,154,1,9
110,7,154,1,10
110,7,154,1,11
110,7,154,1,12
110,7,154,1,13
110,7,154,1,14
110,7,154,1,15
110,7,154,1,16
110,7,154,1,17
110,7,154,1,18
110,7,154,1,19
110,7,154,1,20
110,7,154,1,21
110,7,154,1,22
110,7,154,1,23
110,7,154,1,24
110,7,154,1,25
110,7,154,1,26
110,7,154,1,27
110,7,154,1,28
110,7,154,1,29
110,7,154,1,30
110,7,154,2,1
110,7,154,2,2
110,7,154,2,3
110,7,154,2,4
110,7,154,2,5
110,7,154,2,6
110,7,154,2,7
110,7,154,2,8
110,7,154,2,9
110,7,154,2,10
110,7,154,2,11
110,7,154,2,12
110,7,154,2,13
110,7,154,2,14
110,7,154,2,15
110,7,154,2,16
110,7,154,2,17
110,7,154,2,18
110,7,154,2,19
110,7,154,2,20
110,7,154,2,21
110,7,154,2,22
110,7,154,2,23
110,7,154,2,24
110,7,154,2,25
110,7,154,2,26
110,7,154,2,27
110,7,154,2,28
110,7,154,2,29
110,7,154,2,30
110,7,154,3,1
110,7,154,3,2
110,7,154,3,3
110,7,154,3,4
110,7,154,3,5
110,7,154,3,6
110,7,154,3,7
110,7,154,3,8
110,7,154,3,9
110,7,154,3,10
110,7,154,3,11
110,7,154,3,12
110,7,154,3,13
110,7,154,3,14
110,7,154,3,15
110,7,154,3,16
110,7,154,3,17
110,7,154,3,18
110,7,154,3,19
110,7,154,3,20
110,7,154,3,21
110,7,154,3,22
110,7,154,3,23
110,7,154,3,24
110,7,154,3,25
110,7,154,3,26
110,7,154,3,27
110,7,154,3,28
110,7,154,3,29
110,7,154,3,30
110,7,154,4,1
110,7,154,4,2
110,7,154,4,3
110,7,154,4,4
110,7,154,4,5
110,7,154,4,6
110,7,154,4,7
110,7,154,4,8
110,7,154,4,9
110,7,154,4,10
110,7,154,4,11
110,7,154,4,12
110,7,154,4,13
110,7,154,4,14
110,7,154,4,15
110,7,154,4,16
110,7,154,4,17
110,7,154,4,18
110,7,154,4,19
110,7,154,4,20
110,7,154,4,21
110,7,154,4,22
110,7,154,4,23
110,7,154,4,24
110,7,154,4,25
110,7,154,4,26
110,7,154,4,27
110,7,154,4,28
110,7,154,4,29
110,7,154,4,30
110,7,154,5,1
110,7,154,5,2
110,7,154,5,3
110,7,154,5,4
110,7,154,5,5
110,7,154,5,6
110,7,154,5,7
110,7,154,5,8
110,7,154,5,9
110,7,154,5,10
110,7,154,5,11
110,7,154,5,12
110,7,154,5,13
110,7,154,5,14
110,7,154,5,15
110,7,154,5,16
110,7,154,5,17
110,7,154,5,18
110,7,154,5,19
110,7,154,5,20
110,7,154,5,21
110,7,154,5,22
110,7,154,5,23
110,7,154,5,24
110,7,154,5,25
110,7,154,5,26
110,7,154,5,27
110,7,154,5,28
110,7,154,5,29
110,7,154,5,30
110,7,154,6,1
110,7,154,6,2
110,7,154,6,3
110,7,154,6,4
110,7,154,6,5
110,7,154,6,6
110,7,154,6,7
110,7,154,6,8
110,7,154,6,9
110,7,154,6,10
110,7,154,6,11
110,7,154,6,12
110,7,154,6,13
110,7,154,6,14
110,7,154,6,15
110,7,154,6,16
110,7,154,6,17
110,7,154,6,18
110,7,154,6,19
110,7,154,6,20
110,7,154,6,21
110,7,154,6,22
110,7,154,6,23
110,7,154,6,24
110,7,154,6,25
110,7,154,6,26
110,7,154,6,27
110,7,154,6,28
110,7,154,6,29
110,7,154,6,30
109,8,136,1,1
109,8,136,1,2
109,8,136,1,3
109,8,136,1,4
109,8,136,1,5
109,8,136,1,6
109,8,136,1,7
109,8,136,1,8
109,8,136,1,9
109,8,136,1,10
109,8,136,1,11
109,8,136,1,12
109,8,136,1,13
109,8,136,1,14
109,8,136,1,15
109,8,136,1,16
109,8,136,1,17
109,8,136,1,18
109,8,136,1,19
109,8,136,1,20
109,8,136,1,21
109,8,136,1,22
109,8,136,1,23
109,8,136,1,24
109,8,136,1,25
109,8,136,1,26
109,8,136,1,27
109,8,136,1,28
109,8,136,1,29
109,8,136,1,30
109,8,136,2,1
109,8,136,2,2
109,8,136,2,3
109,8,136,2,4
109,8,136,2,5
109,8,136,2,6
109,8,136,2,7
109,8,136,2,8
109,8,136,2,9
109,8,136,2,10
109,8,136,2,11
109,8,136,2,12
109,8,136,2,13
109,8,136,2,14
109,8,136,2,15
109,8,136,2,16
109,8,136,2,17
109,8,136,2,18
109,8,136,2,19
109,8,136,2,20
109,8,136,2,21
109,8,136,2,22
109,8,136,2,23
109,8,136,2,24
109,8,136,2,25
109,8,136,2,26
109,8,136,2,27
109,8,136,2,28
109,8,136,2,29
109,8,136,2,30
109,8,136,3,1
109,8,136,3,2
109,8,136,3,3
109,8,136,3,4
109,8,136,3,5
109,8,136,3,6
109,8,136,3,7
109,8,136,3,8
109,8,136,3,9
109,8,136,3,10
109,8,136,3,11
109,8,136,3,12
109,8,136,3,13
109,8,136,3,14
109,8,136,3,15
109,8,136,3,16
109,8,136,3,17
109,8,136,3,18
109,8,136,3,19
109,8,136,3,20
109,8,136,3,21
109,8,136,3,22
109,8,136,3,23
109,8,136,3,24
109,8,136,3,25
109,8,136,3,26
109,8,136,3,27
109,8,136,3,28
109,8,136,3,29
109,8,136,3,30
109,8,136,4,1
109,8,136,4,2
109,8,136,4,3
109,8,136,4,4
109,8,136,4,5
109,8,136,4,6
109,8,136,4,7
109,8,136,4,8
109,8,136,4,9
109,8,136,4,10
109,8,136,4,11
109,8,136,4,12
109,8,136,4,13
109,8,136,4,14
109,8,136,4,15
109,8,136,4,16
109,8,136,4,17
109,8,136,4,18
109,8,136,4,19
109,8,136,4,20
109,8,136,4,21
109,8,136,4,22
109,8,136,4,23
109,8,136,4,24
109,8,136,4,25
109,8,136,4,26
109,8,136,4,27
109,8,136,4,28
109,8,136,4,29
109,8,136,4,30
109,8,136,5,1
109,8,136,5,2
109,8,136,5,3
109,8,136,5,4
109,8,136,5,5
109,8,136,5,6
109,8,136,5,7
109,8,136,5,8
109,8,136,5,9
109,8,136,5,10
109,8,136,5,11
109,8,136,5,12
109,8,136,5,13
109,8,136,5,14
109,8,136,5,15
109,8,136,5,16
109,8,136,5,17
109,8,136,5,18
109,8,136,5,19
109,8,136,5,20
109,8,136,5,21
109,8,136,5,22
109,8,136,5,23
109,8,136,5,24
109,8,136,5,25
109,8,136,5,26
109,8,136,5,27
109,8,136,5,28
109,8,136,5,29
109,8,136,5,30
109,8,136,6,1
109,8,136,6,2
109,8,136,6,3
109,8,136,6,4
109,8,136,6,5
109,8,136,6,6
109,8,136,6,7
109,8,136,6,8
109,8,136,6,9
109,8,136,6,10
109,8,136,6,11
109,8,136,6,12
109,8,136,6,13
109,8,136,6,14
109,8,136,6,15
109,8,136,6,16
109,8,136,6,17
109,8,136,6,18
109,8,136,6,19
109,8,136,6,20
109,8,136,6,21
109,8,136,6,22
109,8,136,6,23
109,8,136,6,24
109,8,136,6,25
109,8,136,6,26
109,8,136,6,27
109,8,136,6,28
109,8,136,6,29
109,8,136,6,30
68,9,190,1,1
68,9,190,1,2
68,9,190,1,3
68,9,190,1,4
68,9,190,1,5
68,9,190,1,6
68,9,190,1,7
68,9,190,1,8
68,9,190,1,9
68,9,190,1,10
68,9,190,1,11
68,9,190,1,12
68,9,190,1,13
68,9,190,1,14
68,9,190,1,15
68,9,190,1,16
68,9,190,1,17
68,9,190,1,18
68,9,190,1,19
68,9,190,1,20
68,9,190,1,21
68,9,190,1,22
68,9,190,1,23
68,9,190,1,24
68,9,190,1,25
68,9,190,1,26
68,9,190,1,27
68,9,190,1,28
68,9,190,1,29
68,9,190,1,30
68,9,190,2,1
68,9,190,2,2
68,9,190,2,3
68,9,190,2,4
68,9,190,2,5
68,9,190,2,6
68,9,190,2,7
68,9,190,2,8
68,9,190,2,9
68,9,190,2,10
68,9,190,2,11
68,9,190,2,12
68,9,190,2,13
68,9,190,2,14
68,9,190,2,15
68,9,190,2,16
68,9,190,2,17
68,9,190,2,18
68,9,190,2,19
68,9,190,2,20
68,9,190,2,21
68,9,190,2,22
68,9,190,2,23
68,9,190,2,24
68,9,190,2,25
68,9,190,2,26
68,9,190,2,27
68,9,190,2,28
68,9,190,2,29
68,9,190,2,30
68,9,190,3,1
68,9,190,3,2
68,9,190,3,3
68,9,190,3,4
68,9,190,3,5
68,9,190,3,6
68,9,190,3,7
68,9,190,3,8
68,9,190,3,9
68,9,190,3,10
68,9,190,3,11
68,9,190,3,12
68,9,190,3,13
68,9,190,3,14
68,9,190,3,15
68,9,190,3,16
68,9,190,3,17
68,9,190,3,18
68,9,190,3,19
68,9,190,3,20
68,9,190,3,21
68,9,190,3,22
68,9,190,3,23
68,9,190,3,24
68,9,190,3,25
68,9,190,3,26
68,9,190,3,27
68,9,190,3,28
68,9,190,3,29
68,9,190,3,30
68,9,190,4,1
68,9,190,4,2
68,9,190,4,3
68,9,190,4,4
68,9,190,4,5
68,9,190,4,6
68,9,190,4,7
68,9,190,4,8
68,9,190,4,9
68,9,190,4,10
68,9,190,4,11
68,9,190,4,12
68,9,190,4,13
68,9,190,4,14
68,9,190,4,15
68,9,190,4,16
68,9,190,4,17
68,9,190,4,18
68,9,190,4,19
68,9,190,4,20
68,9,190,4,21
68,9,190,4,22
68,9,190,4,23
68,9,190,4,24
68,9,190,4,25
68,9,190,4,26
68,9,190,4,27
68,9,190,4,28
68,9,190,4,29
68,9,190,4,30
68,9,190,5,1
68,9,190,5,2
68,9,190,5,3
68,9,190,5,4
68,9,190,5,5
68,9,190,5,6
68,9,190,5,7
68,9,190,5,8
68,9,190,5,9
68,9,190,5,10
68,9,190,5,11
68,9,190,5,12
68,9,190,5,13
68,9,190,5,14
68,9,190,5,15
68,9,190,5,16
68,9,190,5,17
68,9,190,5,18
68,9,190,5,19
68,9,190,5,20
68,9,190,5,21
68,9,190,5,22
68,9,190,5,23
68,9,190,5,24
68,9,190,5,25
68,9,190,5,26
68,9,190,5,27
68,9,190,5,28
68,9,190,5,29
68,9,190,5,30
68,9,190,6,1
68,9,190,6,2
68,9,190,6,3
68,9,190,6,4
68,9,190,6,5
68,9,190,6,6
68,9,190,6,7
68,9,190,6,8
68,9,190,6,9
68,9,190,6,10
68,9,190,6,11
68,9,190,6,12
68,9,190,6,13
68,9,190,6,14
68,9,190,6,15
68,9,190,6,16
68,9,190,6,17
68,9,190,6,18
68,9,190,6,19
68,9,190,6,20
68,9,190,6,21
68,9,190,6,22
68,9,190,6,23
68,9,190,6,24
68,9,190,6,25
68,9,190,6,26
68,9,190,6,27
68,9,190,6,28
68,9,190,6,29
68,9,190,6,30
79,10,130,1,1
79,10,130,1,2
79,10,130,1,3
79,10,130,1,4
79,10,130,1,5
79,10,130,1,6
79,10,130,1,7
79,10,130,1,8
79,10,130,1,9
79,10,130,1,10
79,10,130,1,11
79,10,130,1,12
79,10,130,1,13
79,10,130,1,14
79,10,130,1,15
79,10,130,1,16
79,10,130,1,17
79,10,130,1,18
79,10,130,1,19
79,10,130,1,20
79,10,130,1,21
79,10,130,1,22
79,10,130,1,23
79,10,130,1,24
79,10,130,1,25
79,10,130,1,26
79,10,130,1,27
79,10,130,1,28
79,10,130,1,29
79,10,130,1,30
79,10,130,2,1
79,10,130,2,2
79,10,130,2,3
79,10,130,2,4
79,10,130,2,5
79,10,130,2,6
79,10,130,2,7
79,10,130,2,8
79,10,130,2,9
79,10,130,2,10
79,10,130,2,11
79,10,130,2,12
79,10,130,2,13
79,10,130,2,14
79,10,130,2,15
79,10,130,2,16
79,10,130,2,17
79,10,130,2,18
79,10,130,2,19
79,10,130,2,20
79,10,130,2,21
79,10,130,2,22
79,10,130,2,23
79,10,130,2,24
79,10,130,2,25
79,10,130,2,26
79,10,130,2,27
79,10,130,2,28
79,10,130,2,29
79,10,130,2,30
79,10,130,3,1
79,10,130,3,2
79,10,130,3,3
79,10,130,3,4
79,10,130,3,5
79,10,130,3,6
79,10,130,3,7
79,10,130,3,8
79,10,130,3,9
79,10,130,3,10
79,10,130,3,11
79,10,130,3,12
79,10,130,3,13
79,10,130,3,14
79,10,130,3,15
79,10,130,3,16
79,10,130,3,17
79,10,130,3,18
79,10,130,3,19
79,10,130,3,20
79,10,130,3,21
79,10,130,3,22
79,10,130,3,23
79,10,130,3,24
79,10,130,3,25
79,10,130,3,26
79,10,130,3,27
79,10,130,3,28
79,10,130,3,29
79,10,130,3,30
79,10,130,4,1
79,10,130,4,2
79,10,130,4,3
79,10,130,4,4
79,10,130,4,5
79,10,130,4,6
79,10,130,4,7
79,10,130,4,8
79,10,130,4,9
79,10,130,4,10
79,10,130,4,11
79,10,130,4,12
79,10,130,4,13
79,10,130,4,14
79,10,130,4,15
79,10,130,4,16
79,10,130,4,17
79,10,130,4,18
79,10,130,4,19
79,10,130,4,20
79,10,130,4,21
79,10,130,4,22
79,10,130,4,23
79,10,130,4,24
79,10,130,4,25
79,10,130,4,26
79,10,130,4,27
79,10,130,4,28
79,10,130,4,29
79,10,130,4,30
79,10,130,5,1
79,10,130,5,2
79,10,130,5,3
79,10,130,5,4
79,10,130,5,5
79,10,130,5,6
79,10,130,5,7
79,10,130,5,8
79,10,130,5,9
79,10,130,5,10
79,10,130,5,11
79,10,130,5,12
79,10,130,5,13
79,10,130,5,14
79,10,130,5,15
79,10,130,5,16
79,10,130,5,17
79,10,130,5,18
79,10,130,5,19
79,10,130,5,20
79,10,130,5,21
79,10,130,5,22
79,10,130,5,23
79,10,130,5,24
79,10,130,5,25
79,10,130,5,26
79,10,130,5,27
79,10,130,5,28
79,10,130,5,29
79,10,130,5,30
79,10,130,6,1
79,10,130,6,2
79,10,130,6,3
79,10,130,6,4
79,10,130,6,5
79,10,130,6,6
79,10,130,6,7
79,10,130,6,8
79,10,130,6,9
79,10,130,6,10
79,10,130,6,11
79,10,130,6,12
79,10,130,6,13
79,10,130,6,14
79,10,130,6,15
79,10,130,6,16
79,10,130,6,17
79,10,130,6,18
79,10,130,6,19
79,10,130,6,20
79,10,130,6,21
79,10,130,6,22
79,10,130,6,23
79,10,130,6,24
79,10,130,6,25
79,10,130,6,26
79,10,130,6,27
79,10,130,6,28
79,10,130,6,29
79,10,130,6,30
8,11,28,1,1
8,11,28,1,2
8,11,28,1,3
8,11,28,1,4
8,11,28,1,5
8,11,28,1,6
8,11,28,1,7
8,11,28,1,8
8,11,28,1,9
8,11,28,1,10
8,11,28,1,11
8,11,28,1,12
8,11,28,1,13
8,11,28,1,14
8,11,28,1,15
8,11,28,1,16
8,11,28,1,17
8,11,28,1,18
8,11,28,1,19
8,11,28,1,20
8,11,28,1,21
8,11,28,1,22
8,11,28,1,23
8,11,28,1,24
8,11,28,1,25
8,11,28,1,26
8,11,28,1,27
8,11,28,1,28
8,11,28,1,29
8,11,28,1,30
8,11,28,2,1
8,11,28,2,2
8,11,28,2,3
8,11,28,2,4
8,11,28,2,5
8,11,28,2,6
8,11,28,2,7
8,11,28,2,8
8,11,28,2,9
8,11,28,2,10
8,11,28,2,11
8,11,28,2,12
8,11,28,2,13
8,11,28,2,14
8,11,28,2,15
8,11,28,2,16
8,11,28,2,17
8,11,28,2,18
8,11,28,2,19
8,11,28,2,20
8,11,28,2,21
8,11,28,2,22
8,11,28,2,23
8,11,28,2,24
8,11,28,2,25
8,11,28,2,26
8,11,28,2,27
8,11,28,2,28
8,11,28,2,29
8,11,28,2,30
8,11,28,3,1
8,11,28,3,2
8,11,28,3,3
8,11,28,3,4
8,11,28,3,5
8,11,28,3,6
8,11,28,3,7
8,11,28,3,8
8,11,28,3,9
8,11,28,3,10
8,11,28,3,11
8,11,28,3,12
8,11,28,3,13
8,11,28,3,14
8,11,28,3,15
8,11,28,3,16
8,11,28,3,17
8,11,28,3,18
8,11,28,3,19
8,11,28,3,20
8,11,28,3,21
8,11,28,3,22
8,11,28,3,23
8,11,28,3,24
8,11,28,3,25
8,11,28,3,26
8,11,28,3,27
8,11,28,3,28
8,11,28,3,29
8,11,28,3,30
8,11,28,4,1
8,11,28,4,2
8,11,28,4,3
8,11,28,4,4
8,11,28,4,5
8,11,28,4,6
8,11,28,4,7
8,11,28,4,8
8,11,28,4,9
8,11,28,4,10
8,11,28,4,11
8,11,28,4,12
8,11,28,4,13
8,11,28,4,14
8,11,28,4,15
8,11,28,4,16
8,11,28,4,17
8,11,28,4,18
8,11,28,4,19
8,11,28,4,20
8,11,28,4,21
8,11,28,4,22
8,11,28,4,23
8,11,28,4,24
8,11,28,4,25
8,11,28,4,26
8,11,28,4,27
8,11,28,4,28
8,11,28,4,29
8,11,28,4,30
8,11,28,5,1
8,11,28,5,2
8,11,28,5,3
8,11,28,5,4
8,11,28,5,5
8,11,28,5,6
8,11,28,5,7
8,11,28,5,8
8,11,28,5,9
8,11,28,5,10
8,11,28,5,11
8,11,28,5,12
8,11,28,5,13
8,11,28,5,14
8,11,28,5,15
8,11,28,5,16
8,11,28,5,17
8,11,28,5,18
8,11,28,5,19
8,11,28,5,20
8,11,28,5,21
8,11,28,5,22
8,11,28,5,23
8,11,28,5,24
8,11,28,5,25
8,11,28,5,26
8,11,28,5,27
8,11,28,5,28
8,11,28,5,29
8,11,28,5,30
8,11,28,6,1
8,11,28,6,2
8,11,28,6,3
8,11,28,6,4
8,11,28,6,5
8,11,28,6,6
8,11,28,6,7
8,11,28,6,8
8,11,28,6,9
8,11,28,6,10
8,11,28,6,11
8,11,28,6,12
8,11,28,6,13
8,11,28,6,14
8,11,28,6,15
8,11,28,6,16
8,11,28,6,17
8,11,28,6,18
8,11,28,6,19
8,11,28,6,20
8,11,28,6,21
8,11,28,6,22
8,11,28,6,23
8,11,28,6,24
8,11,28,6,25
8,11,28,6,26
8,11,28,6,27
8,11,28,6,28
8,11,28,6,29
8,11,28,6,30
11,13,58,1,1
11,13,58,1,2
11,13,58,1,3
11,13,58,1,4
11,13,58,1,5
11,13,58,1,6
11,13,58,1,7
11,13,58,1,8
11,13,58,1,9
11,13,58,1,10
11,13,58,1,11
11,13,58,1,12
11,13,58,1,13
11,13,58,1,14
11,13,58,1,15
11,13,58,1,16
11,13,58,1,17
11,13,58,1,18
11,13,58,1,19
11,13,58,1,20
11,13,58,1,21
11,13,58,1,22
11,13,58,1,23
11,13,58,1,24
11,13,58,1,25
11,13,58,1,26
11,13,58,1,27
11,13,58,1,28
11,13,58,1,29
11,13,58,1,30
11,13,58,2,1
11,13,58,2,2
11,13,58,2,3
11,13,58,2,4
11,13,58,2,5
11,13,58,2,6
11,13,58,2,7
11,13,58,2,8
11,13,58,2,9
11,13,58,2,10
11,13,58,2,11
11,13,58,2,12
11,13,58,2,13
11,13,58,2,14
11,13,58,2,15
11,13,58,2,16
11,13,58,2,17
11,13,58,2,18
11,13,58,2,19
11,13,58,2,20
11,13,58,2,21
11,13,58,2,22
11,13,58,2,23
11,13,58,2,24
11,13,58,2,25
11,13,58,2,26
11,13,58,2,27
11,13,58,2,28
11,13,58,2,29
11,13,58,2,30
11,13,58,3,1
11,13,58,3,2
11,13,58,3,3
11,13,58,3,4
11,13,58,3,5
11,13,58,3,6
11,13,58,3,7
11,13,58,3,8
11,13,58,3,9
11,13,58,3,10
11,13,58,3,11
11,13,58,3,12
11,13,58,3,13
11,13,58,3,14
11,13,58,3,15
11,13,58,3,16
11,13,58,3,17
11,13,58,3,18
11,13,58,3,19
11,13,58,3,20
11,13,58,3,21
11,13,58,3,22
11,13,58,3,23
11,13,58,3,24
11,13,58,3,25
11,13,58,3,26
11,13,58,3,27
11,13,58,3,28
11,13,58,3,29
11,13,58,3,30
11,13,58,4,1
11,13,58,4,2
11,13,58,4,3
11,13,58,4,4
11,13,58,4,5
11,13,58,4,6
11,13,58,4,7
11,13,58,4,8
11,13,58,4,9
11,13,58,4,10
11,13,58,4,11
11,13,58,4,12
11,13,58,4,13
11,13,58,4,14
11,13,58,4,15
11,13,58,4,16
11,13,58,4,17
11,13,58,4,18
11,13,58,4,19
11,13,58,4,20
11,13,58,4,21
11,13,58,4,22
11,13,58,4,23
11,13,58,4,24
11,13,58,4,25
11,13,58,4,26
11,13,58,4,27
11,13,58,4,28
11,13,58,4,29
11,13,58,4,30
11,13,58,5,1
11,13,58,5,2
11,13,58,5,3
11,13,58,5,4
11,13,58,5,5
11,13,58,5,6
11,13,58,5,7
11,13,58,5,8
11,13,58,5,9
11,13,58,5,10
11,13,58,5,11
11,13,58,5,12
11,13,58,5,13
11,13,58,5,14
11,13,58,5,15
11,13,58,5,16
11,13,58,5,17
11,13,58,5,18
11,13,58,5,19
11,13,58,5,20
11,13,58,5,21
11,13,58,5,22
11,13,58,5,23
11,13,58,5,24
11,13,58,5,25
11,13,58,5,26
11,13,58,5,27
11,13,58,5,28
11,13,58,5,29
11,13,58,5,30
11,13,58,6,1
11,13,58,6,2
11,13,58,6,3
11,13,58,6,4
11,13,58,6,5
11,13,58,6,6
11,13,58,6,7
11,13,58,6,8
11,13,58,6,9
11,13,58,6,10
11,13,58,6,11
11,13,58,6,12
11,13,58,6,13
11,13,58,6,14
11,13,58,6,15
11,13,58,6,16
11,13,58,6,17
11,13,58,6,18
11,13,58,6,19
11,13,58,6,20
11,13,58,6,21
11,13,58,6,22
11,13,58,6,23
11,13,58,6,24
11,13,58,6,25
11,13,58,6,26
11,13,58,6,27
11,13,58,6,28
11,13,58,6,29
11,13,58,6,30
48,14,85,1,1
48,14,85,1,2
48,14,85,1,3
48,14,85,1,4
48,14,85,1,5
48,14,85,1,6
48,14,85,1,7
48,14,85,1,8
48,14,85,1,9
48,14,85,1,10
48,14,85,1,11
48,14,85,1,12
48,14,85,1,13
48,14,85,1,14
48,14,85,1,15
48,14,85,1,16
48,14,85,1,17
48,14,85,1,18
48,14,85,1,19
48,14,85,1,20
48,14,85,1,21
48,14,85,1,22
48,14,85,1,23
48,14,85,1,24
48,14,85,1,25
48,14,85,1,26
48,14,85,1,27
48,14,85,1,28
48,14,85,1,29
48,14,85,1,30
48,14,85,2,1
48,14,85,2,2
48,14,85,2,3
48,14,85,2,4
48,14,85,2,5
48,14,85,2,6
48,14,85,2,7
48,14,85,2,8
48,14,85,2,9
48,14,85,2,10
48,14,85,2,11
48,14,85,2,12
48,14,85,2,13
48,14,85,2,14
48,14,85,2,15
48,14,85,2,16
48,14,85,2,17
48,14,85,2,18
48,14,85,2,19
48,14,85,2,20
48,14,85,2,21
48,14,85,2,22
48,14,85,2,23
48,14,85,2,24
48,14,85,2,25
48,14,85,2,26
48,14,85,2,27
48,14,85,2,28
48,14,85,2,29
48,14,85,2,30
48,14,85,3,1
48,14,85,3,2
48,14,85,3,3
48,14,85,3,4
48,14,85,3,5
48,14,85,3,6
48,14,85,3,7
48,14,85,3,8
48,14,85,3,9
48,14,85,3,10
48,14,85,3,11
48,14,85,3,12
48,14,85,3,13
48,14,85,3,14
48,14,85,3,15
48,14,85,3,16
48,14,85,3,17
48,14,85,3,18
48,14,85,3,19
48,14,85,3,20
48,14,85,3,21
48,14,85,3,22
48,14,85,3,23
48,14,85,3,24
48,14,85,3,25
48,14,85,3,26
48,14,85,3,27
48,14,85,3,28
48,14,85,3,29
48,14,85,3,30
48,14,85,4,1
48,14,85,4,2
48,14,85,4,3
48,14,85,4,4
48,14,85,4,5
48,14,85,4,6
48,14,85,4,7
48,14,85,4,8
48,14,85,4,9
48,14,85,4,10
48,14,85,4,11
48,14,85,4,12
48,14,85,4,13
48,14,85,4,14
48,14,85,4,15
48,14,85,4,16
48,14,85,4,17
48,14,85,4,18
48,14,85,4,19
48,14,85,4,20
48,14,85,4,21
48,14,85,4,22
48,14,85,4,23
48,14,85,4,24
48,14,85,4,25
48,14,85,4,26
48,14,85,4,27
48,14,85,4,28
48,14,85,4,29
48,14,85,4,30
48,14,85,5,1
48,14,85,5,2
48,14,85,5,3
48,14,85,5,4
48,14,85,5,5
48,14,85,5,6
48,14,85,5,7
48,14,85,5,8
48,14,85,5,9
48,14,85,5,10
48,14,85,5,11
48,14,85,5,12
48,14,85,5,13
48,14,85,5,14
48,14,85,5,15
48,14,85,5,16
48,14,85,5,17
48,14,85,5,18
48,14,85,5,19
48,14,85,5,20
48,14,85,5,21
48,14,85,5,22
48,14,85,5,23
48,14,85,5,24
48,14,85,5,25
48,14,85,5,26
48,14,85,5,27
48,14,85,5,28
48,14,85,5,29
48,14,85,5,30
48,14,85,6,1
48,14,85,6,2
48,14,85,6,3
48,14,85,6,4
48,14,85,6,5
48,14,85,6,6
48,14,85,6,7
48,14,85,6,8
48,14,85,6,9
48,14,85,6,10
48,14,85,6,11
48,14,85,6,12
48,14,85,6,13
48,14,85,6,14
48,14,85,6,15
48,14,85,6,16
48,14,85,6,17
48,14,85,6,18
48,14,85,6,19
48,14,85,6,20
48,14,85,6,21
48,14,85,6,22
48,14,85,6,23
48,14,85,6,24
48,14,85,6,25
48,14,85,6,26
48,14,85,6,27
48,14,85,6,28
48,14,85,6,29
48,14,85,6,30
58,15,43,1,1
58,15,43,1,2
58,15,43,1,3
58,15,43,1,4
58,15,43,1,5
58,15,43,1,6
58,15,43,1,7
58,15,43,1,8
58,15,43,1,9
58,15,43,1,10
58,15,43,1,11
58,15,43,1,12
58,15,43,1,13
58,15,43,1,14
58,15,43,1,15
58,15,43,1,16
58,15,43,1,17
58,15,43,1,18
58,15,43,1,19
58,15,43,1,20
58,15,43,1,21
58,15,43,1,22
58,15,43,1,23
58,15,43,1,24
58,15,43,1,25
58,15,43,1,26
58,15,43,1,27
58,15,43,1,28
58,15,43,1,29
58,15,43,1,30
58,15,43,2,1
58,15,43,2,2
58,15,43,2,3
58,15,43,2,4
58,15,43,2,5
58,15,43,2,6
58,15,43,2,7
58,15,43,2,8
58,15,43,2,9
58,15,43,2,10
58,15,43,2,11
58,15,43,2,12
58,15,43,2,13
58,15,43,2,14
58,15,43,2,15
58,15,43,2,16
58,15,43,2,17
58,15,43,2,18
58,15,43,2,19
58,15,43,2,20
58,15,43,2,21
58,15,43,2,22
58,15,43,2,23
58,15,43,2,24
58,15,43,2,25
58,15,43,2,26
58,15,43,2,27
58,15,43,2,28
58,15,43,2,29
58,15,43,2,30
58,15,43,3,1
58,15,43,3,2
58,15,43,3,3
58,15,43,3,4
58,15,43,3,5
58,15,43,3,6
58,15,43,3,7
58,15,43,3,8
58,15,43,3,9
58,15,43,3,10
58,15,43,3,11
58,15,43,3,12
58,15,43,3,13
58,15,43,3,14
58,15,43,3,15
58,15,43,3,16
58,15,43,3,17
58,15,43,3,18
58,15,43,3,19
58,15,43,3,20
58,15,43,3,21
58,15,43,3,22
58,15,43,3,23
58,15,43,3,24
58,15,43,3,25
58,15,43,3,26
58,15,43,3,27
58,15,43,3,28
58,15,43,3,29
58,15,43,3,30
58,15,43,4,1
58,15,43,4,2
58,15,43,4,3
58,15,43,4,4
58,15,43,4,5
58,15,43,4,6
58,15,43,4,7
58,15,43,4,8
58,15,43,4,9
58,15,43,4,10
58,15,43,4,11
58,15,43,4,12
58,15,43,4,13
58,15,43,4,14
58,15,43,4,15
58,15,43,4,16
58,15,43,4,17
58,15,43,4,18
58,15,43,4,19
58,15,43,4,20
58,15,43,4,21
58,15,43,4,22
58,15,43,4,23
58,15,43,4,24
58,15,43,4,25
58,15,43,4,26
58,15,43,4,27
58,15,43,4,28
58,15,43,4,29
58,15,43,4,30
58,15,43,5,1
58,15,43,5,2
58,15,43,5,3
58,15,43,5,4
58,15,43,5,5
58,15,43,5,6
58,15,43,5,7
58,15,43,5,8
58,15,43,5,9
58,15,43,5,10
58,15,43,5,11
58,15,43,5,12
58,15,43,5,13
58,15,43,5,14
58,15,43,5,15
58,15,43,5,16
58,15,43,5,17
58,15,43,5,18
58,15,43,5,19
58,15,43,5,20
58,15,43,5,21
58,15,43,5,22
58,15,43,5,23
58,15,43,5,24
58,15,43,5,25
58,15,43,5,26
58,15,43,5,27
58,15,43,5,28
58,15,43,5,29
58,15,43,5,30
58,15,43,6,1
58,15,43,6,2
58,15,43,6,3
58,15,43,6,4
58,15,43,6,5
58,15,43,6,6
58,15,43,6,7
58,15,43,6,8
58,15,43,6,9
58,15,43,6,10
58,15,43,6,11
58,15,43,6,12
58,15,43,6,13
58,15,43,6,14
58,15,43,6,15
58,15,43,6,16
58,15,43,6,17
58,15,43,6,18
58,15,43,6,19
58,15,43,6,20
58,15,43,6,21
58,15,43,6,22
58,15,43,6,23
58,15,43,6,24
58,15,43,6,25
58,15,43,6,26
58,15,43,6,27
58,15,43,6,28
58,15,43,6,29
58,15,43,6,30
110,16,189,1,1
110,16,189,1,2
110,16,189,1,3
110,16,189,1,4
110,16,189,1,5
110,16,189,1,6
110,16,189,1,7
110,16,189,1,8
110,16,189,1,9
110,16,189,1,10
110,16,189,1,11
110,16,189,1,12
110,16,189,1,13
110,16,189,1,14
110,16,189,1,15
110,16,189,1,16
110,16,189,1,17
110,16,189,1,18
110,16,189,1,19
110,16,189,1,20
110,16,189,1,21
110,16,189,1,22
110,16,189,1,23
110,16,189,1,24
110,16,189,1,25
110,16,189,1,26
110,16,189,1,27
110,16,189,1,28
110,16,189,1,29
110,16,189,1,30
110,16,189,2,1
110,16,189,2,2
110,16,189,2,3
110,16,189,2,4
110,16,189,2,5
110,16,189,2,6
110,16,189,2,7
110,16,189,2,8
110,16,189,2,9
110,16,189,2,10
110,16,189,2,11
110,16,189,2,12
110,16,189,2,13
110,16,189,2,14
110,16,189,2,15
110,16,189,2,16
110,16,189,2,17
110,16,189,2,18
110,16,189,2,19
110,16,189,2,20
110,16,189,2,21
110,16,189,2,22
110,16,189,2,23
110,16,189,2,24
110,16,189,2,25
110,16,189,2,26
110,16,189,2,27
110,16,189,2,28
110,16,189,2,29
110,16,189,2,30
110,16,189,3,1
110,16,189,3,2
110,16,189,3,3
110,16,189,3,4
110,16,189,3,5
110,16,189,3,6
110,16,189,3,7
110,16,189,3,8
110,16,189,3,9
110,16,189,3,10
110,16,189,3,11
110,16,189,3,12
110,16,189,3,13
110,16,189,3,14
110,16,189,3,15
110,16,189,3,16
110,16,189,3,17
110,16,189,3,18
110,16,189,3,19
110,16,189,3,20
110,16,189,3,21
110,16,189,3,22
110,16,189,3,23
110,16,189,3,24
110,16,189,3,25
110,16,189,3,26
110,16,189,3,27
110,16,189,3,28
110,16,189,3,29
110,16,189,3,30
110,16,189,4,1
110,16,189,4,2
110,16,189,4,3
110,16,189,4,4
110,16,189,4,5
110,16,189,4,6
110,16,189,4,7
110,16,189,4,8
110,16,189,4,9
110,16,189,4,10
110,16,189,4,11
110,16,189,4,12
110,16,189,4,13
110,16,189,4,14
110,16,189,4,15
110,16,189,4,16
110,16,189,4,17
110,16,189,4,18
110,16,189,4,19
110,16,189,4,20
110,16,189,4,21
110,16,189,4,22
110,16,189,4,23
110,16,189,4,24
110,16,189,4,25
110,16,189,4,26
110,16,189,4,27
110,16,189,4,28
110,16,189,4,29
110,16,189,4,30
110,16,189,5,1
110,16,189,5,2
110,16,189,5,3
110,16,189,5,4
110,16,189,5,5
110,16,189,5,6
110,16,189,5,7
110,16,189,5,8
110,16,189,5,9
110,16,189,5,10
110,16,189,5,11
110,16,189,5,12
110,16,189,5,13
110,16,189,5,14
110,16,189,5,15
110,16,189,5,16
110,16,189,5,17
110,16,189,5,18
110,16,189,5,19
110,16,189,5,20
110,16,189,5,21
110,16,189,5,22
110,16,189,5,23
110,16,189,5,24
110,16,189,5,25
110,16,189,5,26
110,16,189,5,27
110,16,189,5,28
110,16,189,5,29
110,16,189,5,30
110,16,189,6,1
110,16,189,6,2
110,16,189,6,3
110,16,189,6,4
110,16,189,6,5
110,16,189,6,6
110,16,189,6,7
110,16,189,6,8
110,16,189,6,9
110,16,189,6,10
110,16,189,6,11
110,16,189,6,12
110,16,189,6,13
110,16,189,6,14
110,16,189,6,15
110,16,189,6,16
110,16,189,6,17
110,16,189,6,18
110,16,189,6,19
110,16,189,6,20
110,16,189,6,21
110,16,189,6,22
110,16,189,6,23
110,16,189,6,24
110,16,189,6,25
110,16,189,6,26
110,16,189,6,27
110,16,189,6,28
110,16,189,6,29
110,16,189,6,30
35,17,38,1,1
35,17,38,1,2
35,17,38,1,3
35,17,38,1,4
35,17,38,1,5
35,17,38,1,6
35,17,38,1,7
35,17,38,1,8
35,17,38,1,9
35,17,38,1,10
35,17,38,1,11
35,17,38,1,12
35,17,38,1,13
35,17,38,1,14
35,17,38,1,15
35,17,38,1,16
35,17,38,1,17
35,17,38,1,18
35,17,38,1,19
35,17,38,1,20
35,17,38,1,21
35,17,38,1,22
35,17,38,1,23
35,17,38,1,24
35,17,38,1,25
35,17,38,1,26
35,17,38,1,27
35,17,38,1,28
35,17,38,1,29
35,17,38,1,30
35,17,38,2,1
35,17,38,2,2
35,17,38,2,3
35,17,38,2,4
35,17,38,2,5
35,17,38,2,6
35,17,38,2,7
35,17,38,2,8
35,17,38,2,9
35,17,38,2,10
35,17,38,2,11
35,17,38,2,12
35,17,38,2,13
35,17,38,2,14
35,17,38,2,15
35,17,38,2,16
35,17,38,2,17
35,17,38,2,18
35,17,38,2,19
35,17,38,2,20
35,17,38,2,21
35,17,38,2,22
35,17,38,2,23
35,17,38,2,24
35,17,38,2,25
35,17,38,2,26
35,17,38,2,27
35,17,38,2,28
35,17,38,2,29
35,17,38,2,30
35,17,38,3,1
35,17,38,3,2
35,17,38,3,3
35,17,38,3,4
35,17,38,3,5
35,17,38,3,6
35,17,38,3,7
35,17,38,3,8
35,17,38,3,9
35,17,38,3,10
35,17,38,3,11
35,17,38,3,12
35,17,38,3,13
35,17,38,3,14
35,17,38,3,15
35,17,38,3,16
35,17,38,3,17
35,17,38,3,18
35,17,38,3,19
35,17,38,3,20
35,17,38,3,21
35,17,38,3,22
35,17,38,3,23
35,17,38,3,24
35,17,38,3,25
35,17,38,3,26
35,17,38,3,27
35,17,38,3,28
35,17,38,3,29
35,17,38,3,30
35,17,38,4,1
35,17,38,4,2
35,17,38,4,3
35,17,38,4,4
35,17,38,4,5
35,17,38,4,6
35,17,38,4,7
35,17,38,4,8
35,17,38,4,9
35,17,38,4,10
35,17,38,4,11
35,17,38,4,12
35,17,38,4,13
35,17,38,4,14
35,17,38,4,15
35,17,38,4,16
35,17,38,4,17
35,17,38,4,18
35,17,38,4,19
35,17,38,4,20
35,17,38,4,21
35,17,38,4,22
35,17,38,4,23
35,17,38,4,24
35,17,38,4,25
35,17,38,4,26
35,17,38,4,27
35,17,38,4,28
35,17,38,4,29
35,17,38,4,30
35,17,38,5,1
35,17,38,5,2
35,17,38,5,3
35,17,38,5,4
35,17,38,5,5
35,17,38,5,6
35,17,38,5,7
35,17,38,5,8
35,17,38,5,9
35,17,38,5,10
35,17,38,5,11
35,17,38,5,12
35,17,38,5,13
35,17,38,5,14
35,17,38,5,15
35,17,38,5,16
35,17,38,5,17
35,17,38,5,18
35,17,38,5,19
35,17,38,5,20
35,17,38,5,21
35,17,38,5,22
35,17,38,5,23
35,17,38,5,24
35,17,38,5,25
35,17,38,5,26
35,17,38,5,27
35,17,38,5,28
35,17,38,5,29
35,17,38,5,30
35,17,38,6,1
35,17,38,6,2
35,17,38,6,3
35,17,38,6,4
35,17,38,6,5
35,17,38,6,6
35,17,38,6,7
35,17,38,6,8
35,17,38,6,9
35,17,38,6,10
35,17,38,6,11
35,17,38,6,12
35,17,38,6,13
35,17,38,6,14
35,17,38,6,15
35,17,38,6,16
35,17,38,6,17
35,17,38,6,18
35,17,38,6,19
35,17,38,6,20
35,17,38,6,21
35,17,38,6,22
35,17,38,6,23
35,17,38,6,24
35,17,38,6,25
35,17,38,6,26
35,17,38,6,27
35,17,38,6,28
35,17,38,6,29
35,17,38,6,30
47,19,115,1,1
47,19,115,1,2
47,19,115,1,3
47,19,115,1,4
47,19,115,1,5
47,19,115,1,6
47,19,115,1,7
47,19,115,1,8
47,19,115,1,9
47,19,115,1,10
47,19,115,1,11
47,19,115,1,12
47,19,115,1,13
47,19,115,1,14
47,19,115,1,15
47,19,115,1,16
47,19,115,1,17
47,19,115,1,18
47,19,115,1,19
47,19,115,1,20
47,19,115,1,21
47,19,115,1,22
47,19,115,1,23
47,19,115,1,24
47,19,115,1,25
47,19,115,1,26
47,19,115,1,27
47,19,115,1,28
47,19,115,1,29
47,19,115,1,30
47,19,115,2,1
47,19,115,2,2
47,19,115,2,3
47,19,115,2,4
47,19,115,2,5
47,19,115,2,6
47,19,115,2,7
47,19,115,2,8
47,19,115,2,9
47,19,115,2,10
47,19,115,2,11
47,19,115,2,12
47,19,115,2,13
47,19,115,2,14
47,19,115,2,15
47,19,115,2,16
47,19,115,2,17
47,19,115,2,18
47,19,115,2,19
47,19,115,2,20
47,19,115,2,21
47,19,115,2,22
47,19,115,2,23
47,19,115,2,24
47,19,115,2,25
47,19,115,2,26
47,19,115,2,27
47,19,115,2,28
47,19,115,2,29
47,19,115,2,30
47,19,115,3,1
47,19,115,3,2
47,19,115,3,3
47,19,115,3,4
47,19,115,3,5
47,19,115,3,6
47,19,115,3,7
47,19,115,3,8
47,19,115,3,9
47,19,115,3,10
47,19,115,3,11
47,19,115,3,12
47,19,115,3,13
47,19,115,3,14
47,19,115,3,15
47,19,115,3,16
47,19,115,3,17
47,19,115,3,18
47,19,115,3,19
47,19,115,3,20
47,19,115,3,21
47,19,115,3,22
47,19,115,3,23
47,19,115,3,24
47,19,115,3,25
47,19,115,3,26
47,19,115,3,27
47,19,115,3,28
47,19,115,3,29
47,19,115,3,30
47,19,115,4,1
47,19,115,4,2
47,19,115,4,3
47,19,115,4,4
47,19,115,4,5
47,19,115,4,6
47,19,115,4,7
47,19,115,4,8
47,19,115,4,9
47,19,115,4,10
47,19,115,4,11
47,19,115,4,12
47,19,115,4,13
47,19,115,4,14
47,19,115,4,15
47,19,115,4,16
47,19,115,4,17
47,19,115,4,18
47,19,115,4,19
47,19,115,4,20
47,19,115,4,21
47,19,115,4,22
47,19,115,4,23
47,19,115,4,24
47,19,115,4,25
47,19,115,4,26
47,19,115,4,27
47,19,115,4,28
47,19,115,4,29
47,19,115,4,30
47,19,115,5,1
47,19,115,5,2
47,19,115,5,3
47,19,115,5,4
47,19,115,5,5
47,19,115,5,6
47,19,115,5,7
47,19,115,5,8
47,19,115,5,9
47,19,115,5,10
47,19,115,5,11
47,19,115,5,12
47,19,115,5,13
47,19,115,5,14
47,19,115,5,15
47,19,115,5,16
47,19,115,5,17
47,19,115,5,18
47,19,115,5,19
47,19,115,5,20
47,19,115,5,21
47,19,115,5,22
47,19,115,5,23
47,19,115,5,24
47,19,115,5,25
47,19,115,5,26
47,19,115,5,27
47,19,115,5,28
47,19,115,5,29
47,19,115,5,30
47,19,115,6,1
47,19,115,6,2
47,19,115,6,3
47,19,115,6,4
47,19,115,6,5
47,19,115,6,6
47,19,115,6,7
47,19,115,6,8
47,19,115,6,9
47,19,115,6,10
47,19,115,6,11
47,19,115,6,12
47,19,115,6,13
47,19,115,6,14
47,19,115,6,15
47,19,115,6,16
47,19,115,6,17
47,19,115,6,18
47,19,115,6,19
47,19,115,6,20
47,19,115,6,21
47,19,115,6,22
47,19,115,6,23
47,19,115,6,24
47,19,115,6,25
47,19,115,6,26
47,19,115,6,27
47,19,115,6,28
47,19,115,6,29
47,19,115,6,30
11,20,7,1,1
11,20,7,1,2
11,20,7,1,3
11,20,7,1,4
11,20,7,1,5
11,20,7,1,6
11,20,7,1,7
11,20,7,1,8
11,20,7,1,9
11,20,7,1,10
11,20,7,1,11
11,20,7,1,12
11,20,7,1,13
11,20,7,1,14
11,20,7,1,15
11,20,7,1,16
11,20,7,1,17
11,20,7,1,18
11,20,7,1,19
11,20,7,1,20
11,20,7,1,21
11,20,7,1,22
11,20,7,1,23
11,20,7,1,24
11,20,7,1,25
11,20,7,1,26
11,20,7,1,27
11,20,7,1,28
11,20,7,1,29
11,20,7,1,30
11,20,7,2,1
11,20,7,2,2
11,20,7,2,3
11,20,7,2,4
11,20,7,2,5
11,20,7,2,6
11,20,7,2,7
11,20,7,2,8
11,20,7,2,9
11,20,7,2,10
11,20,7,2,11
11,20,7,2,12
11,20,7,2,13
11,20,7,2,14
11,20,7,2,15
11,20,7,2,16
11,20,7,2,17
11,20,7,2,18
11,20,7,2,19
11,20,7,2,20
11,20,7,2,21
11,20,7,2,22
11,20,7,2,23
11,20,7,2,24
11,20,7,2,25
11,20,7,2,26
11,20,7,2,27
11,20,7,2,28
11,20,7,2,29
11,20,7,2,30
11,20,7,3,1
11,20,7,3,2
11,20,7,3,3
11,20,7,3,4
11,20,7,3,5
11,20,7,3,6
11,20,7,3,7
11,20,7,3,8
11,20,7,3,9
11,20,7,3,10
11,20,7,3,11
11,20,7,3,12
11,20,7,3,13
11,20,7,3,14
11,20,7,3,15
11,20,7,3,16
11,20,7,3,17
11,20,7,3,18
11,20,7,3,19
11,20,7,3,20
11,20,7,3,21
11,20,7,3,22
11,20,7,3,23
11,20,7,3,24
11,20,7,3,25
11,20,7,3,26
11,20,7,3,27
11,20,7,3,28
11,20,7,3,29
11,20,7,3,30
11,20,7,4,1
11,20,7,4,2
11,20,7,4,3
11,20,7,4,4
11,20,7,4,5
11,20,7,4,6
11,20,7,4,7
11,20,7,4,8
11,20,7,4,9
11,20,7,4,10
11,20,7,4,11
11,20,7,4,12
11,20,7,4,13
11,20,7,4,14
11,20,7,4,15
11,20,7,4,16
11,20,7,4,17
11,20,7,4,18
11,20,7,4,19
11,20,7,4,20
11,20,7,4,21
11,20,7,4,22
11,20,7,4,23
11,20,7,4,24
11,20,7,4,25
11,20,7,4,26
11,20,7,4,27
11,20,7,4,28
11,20,7,4,29
11,20,7,4,30
11,20,7,5,1
11,20,7,5,2
11,20,7,5,3
11,20,7,5,4
11,20,7,5,5
11,20,7,5,6
11,20,7,5,7
11,20,7,5,8
11,20,7,5,9
11,20,7,5,10
11,20,7,5,11
11,20,7,5,12
11,20,7,5,13
11,20,7,5,14
11,20,7,5,15
11,20,7,5,16
11,20,7,5,17
11,20,7,5,18
11,20,7,5,19
11,20,7,5,20
11,20,7,5,21
11,20,7,5,22
11,20,7,5,23
11,20,7,5,24
11,20,7,5,25
11,20,7,5,26
11,20,7,5,27
11,20,7,5,28
11,20,7,5,29
11,20,7,5,30
11,20,7,6,1
11,20,7,6,2
11,20,7,6,3
11,20,7,6,4
11,20,7,6,5
11,20,7,6,6
11,20,7,6,7
11,20,7,6,8
11,20,7,6,9
11,20,7,6,10
11,20,7,6,11
11,20,7,6,12
11,20,7,6,13
11,20,7,6,14
11,20,7,6,15
11,20,7,6,16
11,20,7,6,17
11,20,7,6,18
11,20,7,6,19
11,20,7,6,20
11,20,7,6,21
11,20,7,6,22
11,20,7,6,23
11,20,7,6,24
11,20,7,6,25
11,20,7,6,26
11,20,7,6,27
11,20,7,6,28
11,20,7,6,29
11,20,7,6,30
106,21,148,1,1
106,21,148,1,2
106,21,148,1,3
106,21,148,1,4
106,21,148,1,5
106,21,148,1,6
106,21,148,1,7
106,21,148,1,8
106,21,148,1,9
106,21,148,1,10
106,21,148,1,11
106,21,148,1,12
106,21,148,1,13
106,21,148,1,14
106,21,148,1,15
106,21,148,1,16
106,21,148,1,17
106,21,148,1,18
106,21,148,1,19
106,21,148,1,20
106,21,148,1,21
106,21,148,1,22
106,21,148,1,23
106,21,148,1,24
106,21,148,1,25
106,21,148,1,26
106,21,148,1,27
106,21,148,1,28
106,21,148,1,29
106,21,148,1,30
106,21,148,2,1
106,21,148,2,2
106,21,148,2,3
106,21,148,2,4
106,21,148,2,5
106,21,148,2,6
106,21,148,2,7
106,21,148,2,8
106,21,148,2,9
106,21,148,2,10
106,21,148,2,11
106,21,148,2,12
106,21,148,2,13
106,21,148,2,14
106,21,148,2,15
106,21,148,2,16
106,21,148,2,17
106,21,148,2,18
106,21,148,2,19
106,21,148,2,20
106,21,148,2,21
106,21,148,2,22
106,21,148,2,23
106,21,148,2,24
106,21,148,2,25
106,21,148,2,26
106,21,148,2,27
106,21,148,2,28
106,21,148,2,29
106,21,148,2,30
106,21,148,3,1
106,21,148,3,2
106,21,148,3,3
106,21,148,3,4
106,21,148,3,5
106,21,148,3,6
106,21,148,3,7
106,21,148,3,8
106,21,148,3,9
106,21,148,3,10
106,21,148,3,11
106,21,148,3,12
106,21,148,3,13
106,21,148,3,14
106,21,148,3,15
106,21,148,3,16
106,21,148,3,17
106,21,148,3,18
106,21,148,3,19
106,21,148,3,20
106,21,148,3,21
106,21,148,3,22
106,21,148,3,23
106,21,148,3,24
106,21,148,3,25
106,21,148,3,26
106,21,148,3,27
106,21,148,3,28
106,21,148,3,29
106,21,148,3,30
106,21,148,4,1
106,21,148,4,2
106,21,148,4,3
106,21,148,4,4
106,21,148,4,5
106,21,148,4,6
106,21,148,4,7
106,21,148,4,8
106,21,148,4,9
106,21,148,4,10
106,21,148,4,11
106,21,148,4,12
106,21,148,4,13
106,21,148,4,14
106,21,148,4,15
106,21,148,4,16
106,21,148,4,17
106,21,148,4,18
106,21,148,4,19
106,21,148,4,20
106,21,148,4,21
106,21,148,4,22
106,21,148,4,23
106,21,148,4,24
106,21,148,4,25
106,21,148,4,26
106,21,148,4,27
106,21,148,4,28
106,21,148,4,29
106,21,148,4,30
106,21,148,5,1
106,21,148,5,2
106,21,148,5,3
106,21,148,5,4
106,21,148,5,5
106,21,148,5,6
106,21,148,5,7
106,21,148,5,8
106,21,148,5,9
106,21,148,5,10
106,21,148,5,11
106,21,148,5,12
106,21,148,5,13
106,21,148,5,14
106,21,148,5,15
106,21,148,5,16
106,21,148,5,17
106,21,148,5,18
106,21,148,5,19
106,21,148,5,20
106,21,148,5,21
106,21,148,5,22
106,21,148,5,23
106,21,148,5,24
106,21,148,5,25
106,21,148,5,26
106,21,148,5,27
106,21,148,5,28
106,21,148,5,29
106,21,148,5,30
106,21,148,6,1
106,21,148,6,2
106,21,148,6,3
106,21,148,6,4
106,21,148,6,5
106,21,148,6,6
106,21,148,6,7
106,21,148,6,8
106,21,148,6,9
106,21,148,6,10
106,21,148,6,11
106,21,148,6,12
106,21,148,6,13
106,21,148,6,14
106,21,148,6,15
106,21,148,6,16
106,21,148,6,17
106,21,148,6,18
106,21,148,6,19
106,21,148,6,20
106,21,148,6,21
106,21,148,6,22
106,21,148,6,23
106,21,148,6,24
106,21,148,6,25
106,21,148,6,26
106,21,148,6,27
106,21,148,6,28
106,21,148,6,29
106,21,148,6,30
22,22,175,1,1
22,22,175,1,2
22,22,175,1,3
22,22,175,1,4
22,22,175,1,5
22,22,175,1,6
22,22,175,1,7
22,22,175,1,8
22,22,175,1,9
22,22,175,1,10
22,22,175,1,11
22,22,175,1,12
22,22,175,1,13
22,22,175,1,14
22,22,175,1,15
22,22,175,1,16
22,22,175,1,17
22,22,175,1,18
22,22,175,1,19
22,22,175,1,20
22,22,175,1,21
22,22,175,1,22
22,22,175,1,23
22,22,175,1,24
22,22,175,1,25
22,22,175,1,26
22,22,175,1,27
22,22,175,1,28
22,22,175,1,29
22,22,175,1,30
22,22,175,2,1
22,22,175,2,2
22,22,175,2,3
22,22,175,2,4
22,22,175,2,5
22,22,175,2,6
22,22,175,2,7
22,22,175,2,8
22,22,175,2,9
22,22,175,2,10
22,22,175,2,11
22,22,175,2,12
22,22,175,2,13
22,22,175,2,14
22,22,175,2,15
22,22,175,2,16
22,22,175,2,17
22,22,175,2,18
22,22,175,2,19
22,22,175,2,20
22,22,175,2,21
22,22,175,2,22
22,22,175,2,23
22,22,175,2,24
22,22,175,2,25
22,22,175,2,26
22,22,175,2,27
22,22,175,2,28
22,22,175,2,29
22,22,175,2,30
22,22,175,3,1
22,22,175,3,2
22,22,175,3,3
22,22,175,3,4
22,22,175,3,5
22,22,175,3,6
22,22,175,3,7
22,22,175,3,8
22,22,175,3,9
22,22,175,3,10
22,22,175,3,11
22,22,175,3,12
22,22,175,3,13
22,22,175,3,14
22,22,175,3,15
22,22,175,3,16
22,22,175,3,17
22,22,175,3,18
22,22,175,3,19
22,22,175,3,20
22,22,175,3,21
22,22,175,3,22
22,22,175,3,23
22,22,175,3,24
22,22,175,3,25
22,22,175,3,26
22,22,175,3,27
22,22,175,3,28
22,22,175,3,29
22,22,175,3,30
22,22,175,4,1
22,22,175,4,2
22,22,175,4,3
22,22,175,4,4
22,22,175,4,5
22,22,175,4,6
22,22,175,4,7
22,22,175,4,8
22,22,175,4,9
22,22,175,4,10
22,22,175,4,11
22,22,175,4,12
22,22,175,4,13
22,22,175,4,14
22,22,175,4,15
22,22,175,4,16
22,22,175,4,17
22,22,175,4,18
22,22,175,4,19
22,22,175,4,20
22,22,175,4,21
22,22,175,4,22
22,22,175,4,23
22,22,175,4,24
22,22,175,4,25
22,22,175,4,26
22,22,175,4,27
22,22,175,4,28
22,22,175,4,29
22,22,175,4,30
22,22,175,5,1
22,22,175,5,2
22,22,175,5,3
22,22,175,5,4
22,22,175,5,5
22,22,175,5,6
22,22,175,5,7
22,22,175,5,8
22,22,175,5,9
22,22,175,5,10
22,22,175,5,11
22,22,175,5,12
22,22,175,5,13
22,22,175,5,14
22,22,175,5,15
22,22,175,5,16
22,22,175,5,17
22,22,175,5,18
22,22,175,5,19
22,22,175,5,20
22,22,175,5,21
22,22,175,5,22
22,22,175,5,23
22,22,175,5,24
22,22,175,5,25
22,22,175,5,26
22,22,175,5,27
22,22,175,5,28
22,22,175,5,29
22,22,175,5,30
22,22,175,6,1
22,22,175,6,2
22,22,175,6,3
22,22,175,6,4
22,22,175,6,5
22,22,175,6,6
22,22,175,6,7
22,22,175,6,8
22,22,175,6,9
22,22,175,6,10
22,22,175,6,11
22,22,175,6,12
22,22,175,6,13
22,22,175,6,14
22,22,175,6,15
22,22,175,6,16
22,22,175,6,17
22,22,175,6,18
22,22,175,6,19
22,22,175,6,20
22,22,175,6,21
22,22,175,6,22
22,22,175,6,23
22,22,175,6,24
22,22,175,6,25
22,22,175,6,26
22,22,175,6,27
22,22,175,6,28
22,22,175,6,29
22,22,175,6,30
118,23,19,1,1
118,23,19,1,2
118,23,19,1,3
118,23,19,1,4
118,23,19,1,5
118,23,19,1,6
118,23,19,1,7
118,23,19,1,8
118,23,19,1,9
118,23,19,1,10
118,23,19,1,11
118,23,19,1,12
118,23,19,1,13
118,23,19,1,14
118,23,19,1,15
118,23,19,1,16
118,23,19,1,17
118,23,19,1,18
118,23,19,1,19
118,23,19,1,20
118,23,19,1,21
118,23,19,1,22
118,23,19,1,23
118,23,19,1,24
118,23,19,1,25
118,23,19,1,26
118,23,19,1,27
118,23,19,1,28
118,23,19,1,29
118,23,19,1,30
118,23,19,2,1
118,23,19,2,2
118,23,19,2,3
118,23,19,2,4
118,23,19,2,5
118,23,19,2,6
118,23,19,2,7
118,23,19,2,8
118,23,19,2,9
118,23,19,2,10
118,23,19,2,11
118,23,19,2,12
118,23,19,2,13
118,23,19,2,14
118,23,19,2,15
118,23,19,2,16
118,23,19,2,17
118,23,19,2,18
118,23,19,2,19
118,23,19,2,20
118,23,19,2,21
118,23,19,2,22
118,23,19,2,23
118,23,19,2,24
118,23,19,2,25
118,23,19,2,26
118,23,19,2,27
118,23,19,2,28
118,23,19,2,29
118,23,19,2,30
118,23,19,3,1
118,23,19,3,2
118,23,19,3,3
118,23,19,3,4
118,23,19,3,5
118,23,19,3,6
118,23,19,3,7
118,23,19,3,8
118,23,19,3,9
118,23,19,3,10
118,23,19,3,11
118,23,19,3,12
118,23,19,3,13
118,23,19,3,14
118,23,19,3,15
118,23,19,3,16
118,23,19,3,17
118,23,19,3,18
118,23,19,3,19
118,23,19,3,20
118,23,19,3,21
118,23,19,3,22
118,23,19,3,23
118,23,19,3,24
118,23,19,3,25
118,23,19,3,26
118,23,19,3,27
118,23,19,3,28
118,23,19,3,29
118,23,19,3,30
118,23,19,4,1
118,23,19,4,2
118,23,19,4,3
118,23,19,4,4
118,23,19,4,5
118,23,19,4,6
118,23,19,4,7
118,23,19,4,8
118,23,19,4,9
118,23,19,4,10
118,23,19,4,11
118,23,19,4,12
118,23,19,4,13
118,23,19,4,14
118,23,19,4,15
118,23,19,4,16
118,23,19,4,17
118,23,19,4,18
118,23,19,4,19
118,23,19,4,20
118,23,19,4,21
118,23,19,4,22
118,23,19,4,23
118,23,19,4,24
118,23,19,4,25
118,23,19,4,26
118,23,19,4,27
118,23,19,4,28
118,23,19,4,29
118,23,19,4,30
118,23,19,5,1
118,23,19,5,2
118,23,19,5,3
118,23,19,5,4
118,23,19,5,5
118,23,19,5,6
118,23,19,5,7
118,23,19,5,8
118,23,19,5,9
118,23,19,5,10
118,23,19,5,11
118,23,19,5,12
118,23,19,5,13
118,23,19,5,14
118,23,19,5,15
118,23,19,5,16
118,23,19,5,17
118,23,19,5,18
118,23,19,5,19
118,23,19,5,20
118,23,19,5,21
118,23,19,5,22
118,23,19,5,23
118,23,19,5,24
118,23,19,5,25
118,23,19,5,26
118,23,19,5,27
118,23,19,5,28
118,23,19,5,29
118,23,19,5,30
118,23,19,6,1
118,23,19,6,2
118,23,19,6,3
118,23,19,6,4
118,23,19,6,5
118,23,19,6,6
118,23,19,6,7
118,23,19,6,8
118,23,19,6,9
118,23,19,6,10
118,23,19,6,11
118,23,19,6,12
118,23,19,6,13
118,23,19,6,14
118,23,19,6,15
118,23,19,6,16
118,23,19,6,17
118,23,19,6,18
118,23,19,6,19
118,23,19,6,20
118,23,19,6,21
118,23,19,6,22
118,23,19,6,23
118,23,19,6,24
118,23,19,6,25
118,23,19,6,26
118,23,19,6,27
118,23,19,6,28
118,23,19,6,29
118,23,19,6,30
118,23,190,1,1
118,23,190,1,2
118,23,190,1,3
118,23,190,1,4
118,23,190,1,5
118,23,190,1,6
118,23,190,1,7
118,23,190,1,8
118,23,190,1,9
118,23,190,1,10
118,23,190,1,11
118,23,190,1,12
118,23,190,1,13
118,23,190,1,14
118,23,190,1,15
118,23,190,1,16
118,23,190,1,17
118,23,190,1,18
118,23,190,1,19
118,23,190,1,20
118,23,190,1,21
118,23,190,1,22
118,23,190,1,23
118,23,190,1,24
118,23,190,1,25
118,23,190,1,26
118,23,190,1,27
118,23,190,1,28
118,23,190,1,29
118,23,190,1,30
118,23,190,2,1
118,23,190,2,2
118,23,190,2,3
118,23,190,2,4
118,23,190,2,5
118,23,190,2,6
118,23,190,2,7
118,23,190,2,8
118,23,190,2,9
118,23,190,2,10
118,23,190,2,11
118,23,190,2,12
118,23,190,2,13
118,23,190,2,14
118,23,190,2,15
118,23,190,2,16
118,23,190,2,17
118,23,190,2,18
118,23,190,2,19
118,23,190,2,20
118,23,190,2,21
118,23,190,2,22
118,23,190,2,23
118,23,190,2,24
118,23,190,2,25
118,23,190,2,26
118,23,190,2,27
118,23,190,2,28
118,23,190,2,29
118,23,190,2,30
118,23,190,3,1
118,23,190,3,2
118,23,190,3,3
118,23,190,3,4
118,23,190,3,5
118,23,190,3,6
118,23,190,3,7
118,23,190,3,8
118,23,190,3,9
118,23,190,3,10
118,23,190,3,11
118,23,190,3,12
118,23,190,3,13
118,23,190,3,14
118,23,190,3,15
118,23,190,3,16
118,23,190,3,17
118,23,190,3,18
118,23,190,3,19
118,23,190,3,20
118,23,190,3,21
118,23,190,3,22
118,23,190,3,23
118,23,190,3,24
118,23,190,3,25
118,23,190,3,26
118,23,190,3,27
118,23,190,3,28
118,23,190,3,29
118,23,190,3,30
118,23,190,4,1
118,23,190,4,2
118,23,190,4,3
118,23,190,4,4
118,23,190,4,5
118,23,190,4,6
118,23,190,4,7
118,23,190,4,8
118,23,190,4,9
118,23,190,4,10
118,23,190,4,11
118,23,190,4,12
118,23,190,4,13
118,23,190,4,14
118,23,190,4,15
118,23,190,4,16
118,23,190,4,17
118,23,190,4,18
118,23,190,4,19
118,23,190,4,20
118,23,190,4,21
118,23,190,4,22
118,23,190,4,23
118,23,190,4,24
118,23,190,4,25
118,23,190,4,26
118,23,190,4,27
118,23,190,4,28
118,23,190,4,29
118,23,190,4,30
118,23,190,5,1
118,23,190,5,2
118,23,190,5,3
118,23,190,5,4
118,23,190,5,5
118,23,190,5,6
118,23,190,5,7
118,23,190,5,8
118,23,190,5,9
118,23,190,5,10
118,23,190,5,11
118,23,190,5,12
118,23,190,5,13
118,23,190,5,14
118,23,190,5,15
118,23,190,5,16
118,23,190,5,17
118,23,190,5,18
118,23,190,5,19
118,23,190,5,20
118,23,190,5,21
118,23,190,5,22
118,23,190,5,23
118,23,190,5,24
118,23,190,5,25
118,23,190,5,26
118,23,190,5,27
118,23,190,5,28
118,23,190,5,29
118,23,190,5,30
118,23,190,6,1
118,23,190,6,2
118,23,190,6,3
118,23,190,6,4
118,23,190,6,5
118,23,190,6,6
118,23,190,6,7
118,23,190,6,8
118,23,190,6,9
118,23,190,6,10
118,23,190,6,11
118,23,190,6,12
118,23,190,6,13
118,23,190,6,14
118,23,190,6,15
118,23,190,6,16
118,23,190,6,17
118,23,190,6,18
118,23,190,6,19
118,23,190,6,20
118,23,190,6,21
118,23,190,6,22
118,23,190,6,23
118,23,190,6,24
118,23,190,6,25
118,23,190,6,26
118,23,190,6,27
118,23,190,6,28
118,23,190,6,29
118,23,190,6,30
100,24,53,1,1
100,24,53,1,2
100,24,53,1,3
100,24,53,1,4
100,24,53,1,5
100,24,53,1,6
100,24,53,1,7
100,24,53,1,8
100,24,53,1,9
100,24,53,1,10
100,24,53,1,11
100,24,53,1,12
100,24,53,1,13
100,24,53,1,14
100,24,53,1,15
100,24,53,1,16
100,24,53,1,17
100,24,53,1,18
100,24,53,1,19
100,24,53,1,20
100,24,53,1,21
100,24,53,1,22
100,24,53,1,23
100,24,53,1,24
100,24,53,1,25
100,24,53,1,26
100,24,53,1,27
100,24,53,1,28
100,24,53,1,29
100,24,53,1,30
100,24,53,2,1
100,24,53,2,2
100,24,53,2,3
100,24,53,2,4
100,24,53,2,5
100,24,53,2,6
100,24,53,2,7
100,24,53,2,8
100,24,53,2,9
100,24,53,2,10
100,24,53,2,11
100,24,53,2,12
100,24,53,2,13
100,24,53,2,14
100,24,53,2,15
100,24,53,2,16
100,24,53,2,17
100,24,53,2,18
100,24,53,2,19
100,24,53,2,20
100,24,53,2,21
100,24,53,2,22
100,24,53,2,23
100,24,53,2,24
100,24,53,2,25
100,24,53,2,26
100,24,53,2,27
100,24,53,2,28
100,24,53,2,29
100,24,53,2,30
100,24,53,3,1
100,24,53,3,2
100,24,53,3,3
100,24,53,3,4
100,24,53,3,5
100,24,53,3,6
100,24,53,3,7
100,24,53,3,8
100,24,53,3,9
100,24,53,3,10
100,24,53,3,11
100,24,53,3,12
100,24,53,3,13
100,24,53,3,14
100,24,53,3,15
100,24,53,3,16
100,24,53,3,17
100,24,53,3,18
100,24,53,3,19
100,24,53,3,20
100,24,53,3,21
100,24,53,3,22
100,24,53,3,23
100,24,53,3,24
100,24,53,3,25
100,24,53,3,26
100,24,53,3,27
100,24,53,3,28
100,24,53,3,29
100,24,53,3,30
100,24,53,4,1
100,24,53,4,2
100,24,53,4,3
100,24,53,4,4
100,24,53,4,5
100,24,53,4,6
100,24,53,4,7
100,24,53,4,8
100,24,53,4,9
100,24,53,4,10
100,24,53,4,11
100,24,53,4,12
100,24,53,4,13
100,24,53,4,14
100,24,53,4,15
100,24,53,4,16
100,24,53,4,17
100,24,53,4,18
100,24,53,4,19
100,24,53,4,20
100,24,53,4,21
100,24,53,4,22
100,24,53,4,23
100,24,53,4,24
100,24,53,4,25
100,24,53,4,26
100,24,53,4,27
100,24,53,4,28
100,24,53,4,29
100,24,53,4,30
100,24,53,5,1
100,24,53,5,2
100,24,53,5,3
100,24,53,5,4
100,24,53,5,5
100,24,53,5,6
100,24,53,5,7
100,24,53,5,8
100,24,53,5,9
100,24,53,5,10
100,24,53,5,11
100,24,53,5,12
100,24,53,5,13
100,24,53,5,14
100,24,53,5,15
100,24,53,5,16
100,24,53,5,17
100,24,53,5,18
100,24,53,5,19
100,24,53,5,20
100,24,53,5,21
100,24,53,5,22
100,24,53,5,23
100,24,53,5,24
100,24,53,5,25
100,24,53,5,26
100,24,53,5,27
100,24,53,5,28
100,24,53,5,29
100,24,53,5,30
100,24,53,6,1
100,24,53,6,2
100,24,53,6,3
100,24,53,6,4
100,24,53,6,5
100,24,53,6,6
100,24,53,6,7
100,24,53,6,8
100,24,53,6,9
100,24,53,6,10
100,24,53,6,11
100,24,53,6,12
100,24,53,6,13
100,24,53,6,14
100,24,53,6,15
100,24,53,6,16
100,24,53,6,17
100,24,53,6,18
100,24,53,6,19
100,24,53,6,20
100,24,53,6,21
100,24,53,6,22
100,24,53,6,23
100,24,53,6,24
100,24,53,6,25
100,24,53,6,26
100,24,53,6,27
100,24,53,6,28
100,24,53,6,29
100,24,53,6,30
88,25,184,1,1
88,25,184,1,2
88,25,184,1,3
88,25,184,1,4
88,25,184,1,5
88,25,184,1,6
88,25,184,1,7
88,25,184,1,8
88,25,184,1,9
88,25,184,1,10
88,25,184,1,11
88,25,184,1,12
88,25,184,1,13
88,25,184,1,14
88,25,184,1,15
88,25,184,1,16
88,25,184,1,17
88,25,184,1,18
88,25,184,1,19
88,25,184,1,20
88,25,184,1,21
88,25,184,1,22
88,25,184,1,23
88,25,184,1,24
88,25,184,1,25
88,25,184,1,26
88,25,184,1,27
88,25,184,1,28
88,25,184,1,29
88,25,184,1,30
88,25,184,2,1
88,25,184,2,2
88,25,184,2,3
88,25,184,2,4
88,25,184,2,5
88,25,184,2,6
88,25,184,2,7
88,25,184,2,8
88,25,184,2,9
88,25,184,2,10
88,25,184,2,11
88,25,184,2,12
88,25,184,2,13
88,25,184,2,14
88,25,184,2,15
88,25,184,2,16
88,25,184,2,17
88,25,184,2,18
88,25,184,2,19
88,25,184,2,20
88,25,184,2,21
88,25,184,2,22
88,25,184,2,23
88,25,184,2,24
88,25,184,2,25
88,25,184,2,26
88,25,184,2,27
88,25,184,2,28
88,25,184,2,29
88,25,184,2,30
88,25,184,3,1
88,25,184,3,2
88,25,184,3,3
88,25,184,3,4
88,25,184,3,5
88,25,184,3,6
88,25,184,3,7
88,25,184,3,8
88,25,184,3,9
88,25,184,3,10
88,25,184,3,11
88,25,184,3,12
88,25,184,3,13
88,25,184,3,14
88,25,184,3,15
88,25,184,3,16
88,25,184,3,17
88,25,184,3,18
88,25,184,3,19
88,25,184,3,20
88,25,184,3,21
88,25,184,3,22
88,25,184,3,23
88,25,184,3,24
88,25,184,3,25
88,25,184,3,26
88,25,184,3,27
88,25,184,3,28
88,25,184,3,29
88,25,184,3,30
88,25,184,4,1
88,25,184,4,2
88,25,184,4,3
88,25,184,4,4
88,25,184,4,5
88,25,184,4,6
88,25,184,4,7
88,25,184,4,8
88,25,184,4,9
88,25,184,4,10
88,25,184,4,11
88,25,184,4,12
88,25,184,4,13
88,25,184,4,14
88,25,184,4,15
88,25,184,4,16
88,25,184,4,17
88,25,184,4,18
88,25,184,4,19
88,25,184,4,20
88,25,184,4,21
88,25,184,4,22
88,25,184,4,23
88,25,184,4,24
88,25,184,4,25
88,25,184,4,26
88,25,184,4,27
88,25,184,4,28
88,25,184,4,29
88,25,184,4,30
88,25,184,5,1
88,25,184,5,2
88,25,184,5,3
88,25,184,5,4
88,25,184,5,5
88,25,184,5,6
88,25,184,5,7
88,25,184,5,8
88,25,184,5,9
88,25,184,5,10
88,25,184,5,11
88,25,184,5,12
88,25,184,5,13
88,25,184,5,14
88,25,184,5,15
88,25,184,5,16
88,25,184,5,17
88,25,184,5,18
88,25,184,5,19
88,25,184,5,20
88,25,184,5,21
88,25,184,5,22
88,25,184,5,23
88,25,184,5,24
88,25,184,5,25
88,25,184,5,26
88,25,184,5,27
88,25,184,5,28
88,25,184,5,29
88,25,184,5,30
88,25,184,6,1
88,25,184,6,2
88,25,184,6,3
88,25,184,6,4
88,25,184,6,5
88,25,184,6,6
88,25,184,6,7
88,25,184,6,8
88,25,184,6,9
88,25,184,6,10
88,25,184,6,11
88,25,184,6,12
88,25,184,6,13
88,25,184,6,14
88,25,184,6,15
88,25,184,6,16
88,25,184,6,17
88,25,184,6,18
88,25,184,6,19
88,25,184,6,20
88,25,184,6,21
88,25,184,6,22
88,25,184,6,23
88,25,184,6,24
88,25,184,6,25
88,25,184,6,26
88,25,184,6,27
88,25,184,6,28
88,25,184,6,29
88,25,184,6,30
