1235da23-321b-43c2-8fbb-d07dd04f0d10,828
755c28d7-5225-4651-be20-0329627e359c,938
1a218a8e-3ac5-4f54-896c-cb48ba606522,184
cb99f503-99ce-4605-9f47-e62f72088c2e,951
21cf0b55-87b5-414a-90e3-db10f0397c8e,839
e84d2b27-2004-402d-8b33-33042ec5f0a4,867
843ad3fd-58cd-4196-a456-7c85753eee01,190
ffcf801e-c3db-48e7-abdb-9c46e8ce77ea,874
0499c51c-ff6c-4bf0-a462-51f011ba7a6a,946
d0c6bd4b-a1fe-4670-8173-c47a19e1b9a5,849
3b79cce8-eb54-4ea9-9d0b-586b02f2f42f,929
c6c0c460-e683-43d8-a0b0-bc6fdce2237e,919
34cf4139-f75a-4eb8-8c0d-cb2d9d079930,22
2a57bc69-eb92-4b78-bff5-0801118a725c,888
9acd65e9-35ad-4e9e-ac1d-2dc0ed595f7b,940
d19f8d0c-a23f-4abd-8d55-71bf83159ec0,733
913f25cf-f944-43f5-b208-75c07a91cfb2,189
28b3ff52-114a-4d82-892d-be8c3b757d84,876
ff5bb547-a896-4c81-a982-b49c995a7cf0,257
52c2b5f7-4815-4671-aa1e-801226920e59,113
3bdae095-0a95-4c2d-9bd7-818eaee22025,700
82683c7a-60f6-4a9e-94cf-b0718573f42d,120
d92d7d6e-a5fb-47cc-b51a-197587b1efc7,578
863df499-6213-4ecb-a7bf-f74fc1e93fe9,815
44ba2af1-2302-4dfc-934d-e44c5fe3a733,695
855d342f-a183-4af5-a66f-c23357e35cb5,440
628d6bb5-66f4-4ae1-a4e3-ee0692415986,187
274ead10-b989-43de-a787-d1a287a5124b,19
dcdaf0f9-6795-42bc-9e50-91ad02f12c9c,728
cc8ac74f-7ab2-4212-9fc0-04e43541f8d2,824
e2fa06dd-1294-48a6-95ff-2d94082a8483,242
e6b541e1-2932-470d-90dd-77364146ffda,913
1f2de65d-8b78-44ca-b39f-1e2bbd43b73b,677
0fac30b6-b360-4543-8365-6e74d8d17259,841
86147de6-239f-491e-bc53-4f29784e90fb,181
9d1dd9d6-74d3-4320-93be-321de5d182df,96
b26cad15-421d-4ea3-bb3e-7f69588f6dff,743
e4c4dd95-f100-471c-b415-cee2cf4b1a59,201
e699eb03-8561-44d5-a131-711783d871b2,844
986921ed-b767-4f78-b667-c08953f9fb9c,980
9f42f5d7-f094-4965-af2b-b281ef32b0b8,107
cc7a57af-9af4-4910-b21a-6323cfcb6ef5,963
1392b847-9188-46b6-9e47-01dac3476f42,446
164a577e-66b3-4360-94bc-51dedaac41b8,749
26dddfff-d399-43c8-b479-9392625d3256,823
a67e9def-feeb-4ab3-957a-f59778788c18,822
b23a84de-65f7-4ff6-acbf-0e76032ba0c9,920
b3eb9f27-0cdf-4b3c-b4fa-dfecac26c5ef,241
ddc42c27-1dc2-45f4-9eca-49be3837d485,231
5aa4e544-3708-4e84-aa78-31a2979af0b6,340
994ab472-00ed-4174-8082-2dbd285f4b50,873
6b013f88-7129-437e-a7b6-cbb834b282b6,13
0799c85e-8e06-451d-bc66-c5e5cd9a3809,458
3bc30e36-887d-42d3-ad23-e968c475a557,699
286cb224-a7b6-4aab-8971-42c5ad17b373,246
b109a7be-0308-4429-b8e3-9e33db60b03f,735
faa23090-d1bb-417e-9c08-43b9e5c204e4,906
3fde240d-fbbb-4586-877d-4c13ee2367cf,909
5afb3205-658b-4ebc-98cd-1733a983a8d6,745
dd014396-fec6-463f-b189-98d996eff1ee,924
ce1acb33-005a-4137-84e7-d5dab92bcfe5,872
66d9132f-de55-4154-aaa7-6201a85d9494,428
30b6c856-f93b-4c9b-bee4-d0a7e356f7d8,747
eb928adb-9604-46e7-a0fe-8e67483c6d0b,896
26b8f65c-9b43-4dbc-9877-509a58d9b6a5,193
ba1bf354-f8cf-4d5f-ba10-fcb88dad1b5a,730
86d7aa8e-ed1b-4762-9106-1467690683fd,922
82b67664-69af-4947-a847-ef9a6857b56d,453
546db38a-095c-4939-8b31-64c39ecea4f3,186
e8ceddbe-e137-45c7-977c-730836a68690,886
c5ffed93-928e-403e-a3e4-8612f3e2ca3e,750
39c18788-6f26-4a8f-8e55-8017ff384c34,727
01a5b38f-09a0-41d1-88ad-171882cdfe18,985
2a570c68-a7b4-49e0-bfa2-81682f5cfc65,810
9dacd2ec-a016-4ffa-927b-efd2e3e8f0d3,18
a5e317e0-4181-4e36-be32-06e275fd7f1e,110
b4c19979-0daa-4dd8-91aa-91c8cbefb651,931
3c53667e-4104-4304-97ec-25a83c95a3df,811
fc3dcc95-13c5-4307-909c-ca639806abb0,563
fd56d7f6-ff60-4ee3-a5fe-9d7325d4a0ae,814
32f4fd87-e239-4392-a6de-bb0c201fe7f8,850
178ed32b-5ea9-474f-b166-5945bcfadced,229
e996d74b-6fff-442c-8f89-db90ef788ce6,438
159c944b-f659-455a-b3dd-47c3bec3ff7b,341
8c74db7a-265f-4e4e-bd50-1c91b8251e23,450
ba3af7cd-4791-4e3e-a07a-96f704c30510,900
04e8321b-8202-4685-8fa1-dde623154217,192
132e5ad1-d6bf-4290-9d7b-09cbc797ab67,101
25f6d1d8-632f-403c-bf12-8a4b105ad477,878
f5681562-beb6-4cab-a469-6fb5bd67f380,679
d4b24cce-89be-4943-864b-df7d92a552bf,942
9a515724-fef6-4762-a59f-f3830a70c3bc,115
5cfe343f-1d82-4766-852e-97d37d3e9013,97
14f27510-c33f-46b0-9d45-9ef8219d3daf,108
a4382b41-c18d-4942-a8ec-9e44a4e752f3,976
9de67ca1-a75c-4bfb-ac36-9ece7d43a732,729
7febd000-83be-417e-b189-705950f322b9,680
96166e57-625f-46c0-a298-c83d24e8c3d6,689
8b6aaedf-3a5d-4655-9aa4-4ed6ae90365d,682
f01ad93e-2f1a-4f69-a704-71ede605465e,674
49ca1d9d-b1f7-498e-ab3a-fe18bd9e416e,821
d37806fd-54b9-422b-a90b-5c38ab2e3513,816
7f21eec1-7be0-4a6c-a4b5-924bb42f055e,739
3f61399b-fa20-4e54-82ac-c58bbc2236bc,676
11ee800e-4749-4c72-9660-29cb4dd0aff9,944
c6f4c96c-5200-406a-bcf5-cb9d753984e3,847
a0d0b680-215d-44e2-bbe6-5ee826e92689,903
6bb48ece-959f-488d-bc36-844ed77562d8,741
1a82db2f-7865-4a41-8f2f-f966338e0ee7,716
ccaa06ec-e87d-4554-99c3-8fc0629b37d8,897
62880858-08fe-49bd-956c-6e38ea05ea69,736
d6a1dbb7-fb16-44b9-94c0-34a2c085ca3e,945
2eaf0975-f0f4-4e23-bf41-c539e9816589,948
5183a044-c386-4de6-9b8e-08cc36eb8f4e,95
210a4d52-14ce-46ed-b3b5-0be37e9e9ce7,687
0308d1ba-0759-42a7-9a81-8c21e177e587,259
83e0588b-d30e-4cfc-8899-bb3de11ffbad,965
db978a32-097b-4e02-9aca-65077184e202,840
9dc608b0-73e3-4bbb-826e-615398b72441,21
378baecb-42f0-4e62-86e7-1ec7441ebb64,927
ac12e5d4-ad60-4adf-9c66-759f222587a0,936
8fc24918-ea4f-468b-9c1f-296b906e11d5,981
377c4909-ddd4-4785-86c8-64750358b427,249
66a07f3b-5aae-4277-a93d-06642c44e67e,255
82354a2d-6bbf-4864-bd9b-99bec9f1b1ad,984
5f80a365-6ff5-4815-82ca-a23f83f0a26a,820
9cb67f84-f0ea-4e2f-bb2e-f17cfcb387c7,209
106f86b7-7def-4277-94d2-9d529a554919,937
3b86d0a5-427c-464c-a1e6-7be466cf19ab,894
2e5d9b88-a655-416f-9be9-8ba10ff0b26d,868
0d083582-8585-441a-9aae-945adc4a8cd6,245
8c91a2d2-89ed-4fa2-b55b-bed4abd25c3c,205
3d8a3502-2b75-448d-97b9-29e21f62a943,947
8222f770-1bdd-4645-a2fd-1b4c8190414f,978
f2422d94-fbde-49ef-ac74-01b007577763,972
c45ff703-2ee9-4345-ad92-7c20a7c3aef1,895
981573ee-e315-4f06-ae35-651d08bcdb6c,673
bcff24de-f206-473e-9d47-6a2f6a3c5dc0,904
b7132020-bcbb-4185-b68c-d9cfd4b34334,443
0970cb75-d9cd-4bf4-aab7-0f8f7405721b,558
90baf9c6-6fb9-46d1-b086-5776ed4da93e,690
cbed6fd2-d8c5-4438-896d-839f41567e14,683
6ca85ac7-54fa-494b-88aa-49e76bc6455c,118
cedbfd74-a2e9-452e-abe6-37fb1a4c11ec,342
5ed27ad8-3379-47bc-a2f6-336dd5e463c7,702
4ca10efd-96a9-44ce-a63c-b3bf8d4b1b1c,194
526ef23a-a966-4a81-9079-c14709a8da15,99
0e530ea8-1500-40ef-a723-07e1aa534a6c,883
24ca0ed3-2988-44d0-a31c-233b3c45a803,726
b88adafc-b38e-4a81-a8a6-c9879226a8dd,439
1df251ec-c8fc-4661-be5e-17614e4aa4fc,206
3cabca82-058d-42e1-afeb-1060fd11e705,572
677f6049-900a-4d6f-a2f7-32701349883b,247
a770e710-7391-42cb-970e-a6c9bd467713,260
3658bb87-d77e-4156-b440-ee6efdb4c044,933
d264dc76-7e79-46d4-b80a-99881809ee39,442
7270ae37-b5b3-4fa1-9a4c-88e24fc416d3,869
b1b83ce5-023a-4a02-88f7-a5480a16d82a,864
a9b3160b-2d60-4f07-82cc-102c287d9879,672
6a3e24c6-182c-4c82-b748-0a35a49024e3,825
946111f6-a25e-4ce5-93fd-60a10552976d,234
bea44089-eae6-4ef5-a5c9-ee26cc7d10bc,731
6a291b02-ff66-48c2-b8e6-979c081764b5,899
d14d0664-a7a1-4d8f-b978-3d0b6dc86a9e,935
a517ec48-a0b7-4065-9616-9d5744bb4cab,256
3fd0b1fd-7466-4728-b0c1-4e0933692845,748
44659e80-21b1-426b-9bd9-425c0ec4f64b,675
6aa246c3-a0e2-4086-bf5a-20b2ebd4c1a5,696
dab75b50-0d43-4c1d-9b5a-9c210982bc83,885
34edf000-d626-4778-a5be-9d8af32cf3e1,969
7ee47288-3b8b-4be8-b0ce-33ca7968b0d9,185
95b86838-a055-41c1-af57-d8a4b34c602f,270
71b930eb-b748-4e66-91a4-38d9bb1e8c1f,898
b6693e56-8682-45a6-96b5-1f8816e69aa0,435
901535ed-5940-4d2e-9562-f7f4eb7f4355,116
ec20c65a-aaa0-46df-b8d4-c3278929fddd,970
a1c82f89-6481-4730-b733-8fb81e7af4db,732
6624c4b7-2441-4ae0-bc0f-e1ab128b2087,887
ec13ab9d-0724-4170-94a7-0ec66588f434,837
5cd6012e-03d4-473f-955b-d5ec8a2bbb2a,819
d3453928-82be-4215-aa9c-0c85836b7388,826
9953b07c-648d-4725-93e5-f990f10973eb,817
71851e25-9c6e-44f2-b671-2b2aacfcf988,431
63ed9512-ed67-4228-9cb1-d14610a9aa50,426
a6d7622c-dc60-45c5-9cec-373c45f10320,433
6fef1e88-c403-4c98-beb8-d5d041114f42,877
5ee968de-1361-495d-b161-8a4c7fbe5e66,911
7d042fa3-ed8f-4990-91f4-71c6ca26bde2,734
da328220-77b7-4c91-b999-ee441fac79df,92
957121cb-1557-4428-b80b-4b5775765ca3,436
511f4724-7fa8-4471-9d5c-f4382f4849f6,180
22722c4b-b3ca-47f0-83a4-3f5d826b4fe2,971
825eef12-2a3e-4f70-81ae-b78096bc2f19,967
8530df35-6edc-4ecc-8f10-15498195f714,870
a44cf3b5-6b5f-4991-bc5e-6dbf57d4dc89,910
f626f995-9b44-4e2e-8c12-474781f7822a,437
a1989354-7e6e-4e02-afbc-6daa1458d492,236
2d868c80-e354-460a-8274-c63b0906741c,941
8863580c-0b15-44b4-8a77-e6d9f91f9b3a,957
ff08b528-bcca-4601-bef0-dab32baf5483,998
c5548832-1e40-4b8f-9be7-7214d26bb975,949
e15ece94-abac-4967-a70a-f75559d72935,836
7a13213d-0429-4d84-8ac3-14bc51b83aee,197
bd6889a1-340d-4a6a-89bb-52a7da6f91d5,454
26b66255-3097-40c0-814d-5e9b52557d46,879
11275a7a-f474-403b-84ea-654b5161c789,838
181dabe7-91f3-475d-ab66-55493ec683f5,577
271d8bf0-1096-4db1-8623-15ca123f7607,103
caa63581-bfea-4c5a-a142-2f5d390ff3db,875
efd2f943-a8e6-4dd4-9e5f-b833ca262d3e,239
91924752-8b75-40c7-8dae-a067effe2e68,188
80d267e0-d41e-439a-85e0-e547cc6ad066,561
4a56c9a0-65ee-4a3b-85ba-c4df79a4f38c,240
2d4e936e-df79-495e-9f5f-b6b9613bfb56,845
c232481b-17d9-441f-9c68-d5c2edaf73a8,196
8b803088-fc6f-496c-a07a-fe87e24875d6,15
5ed0d6d4-5dd5-4539-ba2c-a62b3aa0096f,703
e4da690a-e18b-4c98-a9dc-71711484016a,210
73382a4f-2932-4d40-8fc0-5967d0c90152,843
7632a2e3-ca27-4928-931f-ac06910bda2a,447
e161a2fe-c458-4fed-8483-600367dfb3ae,842
b0970072-c717-4868-b506-959c30a93c55,244
35ef838d-25dc-4592-a085-794f855812e6,691
4f380c28-3544-4aa7-93b7-41dd81c6b980,954
5ae4c08c-70e3-4f0c-a45b-e0372bc67629,721
7d69fe86-e33d-4ef2-91dd-71dc6ad111f2,251
b84c9ff9-412b-4104-93f0-db3279196a92,204
cfc52449-fd58-43f1-9e20-11e3b1b1ce56,104
6b671fa5-df57-41fd-9879-7bda2d5bca60,427
950093cf-4424-4a76-bf53-3c4c440f6f71,807
e20de96c-ed45-4fd9-8be4-57f3e74691b5,179
43635f9f-f59e-4517-ba3f-19f646180e89,686
7215b200-3414-4773-9409-4528e041c3bd,681
b2ae7629-d32d-4b7b-9058-bd81d1830e1d,974
52280a32-3d3e-405f-b318-ce60f68aec19,105
17445be8-85cb-4d09-8e47-56c9f9e8c464,829
d9e31227-d09f-4801-a6e2-44a09f32ebfc,804
4b08f009-f454-4d6d-b8ab-dc21fb8d2ac3,444
fba91267-ce6b-405e-ac64-cc02ca81f0a9,445
7e10c9a9-3b20-41a1-bd12-c73a340425c8,233
43373674-ee38-4672-991b-304af4e7235e,889
cacd79f3-f3c0-4fa6-a9ea-38459aa014ea,93
f14fffc8-b610-4ebf-825b-a094a16d79b3,252
f440cd37-6361-485b-bb97-73fa4f85cff2,343
f3448df4-a4f9-4f3d-a48c-b18fb5bbfc51,723
9a791823-ca39-4294-9299-66552b7cff04,253
a7146f64-96fe-4b56-badd-428ea51c05da,692
c7dac6fe-a60c-4779-895f-486014c20a15,14
dad78c77-8bb3-4c02-b596-6e0c0c1a233d,109
f6645327-efcb-480e-ae0e-d67372d63f4d,884
2a6d6920-bf8a-4bff-ae42-7d0eeb319e54,722
6ab1f96e-fdcc-49f1-957a-250a55ce729a,953
e8a41818-63d2-4ad6-8d46-9308936f7a14,724
24dd9967-3519-41f4-b558-3dd1aa4fd5f9,195
e0ba26c2-190f-424d-97c2-936c760d21e5,199
35a7617c-8e58-4843-bd0c-eef46cffa8ad,441
0f66a7f6-7994-4856-b83e-2f678dee6a9b,339
04a40eab-5656-4fe6-86e8-a6af422c8c49,902
08ec52e4-0c6b-43e2-bb66-769493fc281e,740
838735d8-8e6b-4420-97d9-ccf6e48d875e,892
af086e7f-3bb7-4328-9576-51d3a1b244e6,808
ef092419-3c34-4910-951f-93a5aa90df7b,230
75b9e080-34dc-4af4-8da2-e2c12ff8a8d1,827
7f00a42a-2e81-4693-964e-f108b8f03a1a,254
0b92bd4f-1d48-4f57-8d9e-bead438ecd45,952
89ce4968-4626-4e2b-9681-fd14b2c17dd1,573
75cdc91a-f912-47eb-93be-0dda8a272915,994
617a102b-b32f-44de-9bb1-6185cf384610,432
5c13c153-4228-4457-853a-8a9693bf542d,250
3caf8c46-05ec-4361-b51a-b89f3fd27cce,890
8c8f4fc2-4618-4c42-81cd-57c3b87df3a5,20
1d08eb36-fec6-4722-a6a3-99005be0bd9f,962
d764e332-e7bb-464e-8da5-bc1bc13810e3,106
bd726907-b65d-4b53-8683-9341f407ec9b,203
3cd42c51-fba6-47ce-ab2e-57b226810a15,809
f8fada8a-f339-4037-8a4e-d63f87459531,934
6cec105e-cfb2-4035-966d-97928ced9243,908
c7c117e3-2546-4ab1-937a-7b89d19c3962,455
8487699e-942f-466a-91f7-28213ebb98db,684
b76d9e2d-bed0-4529-806a-4f74de559518,448
b5014d03-203d-423e-8bab-2330af35908e,930
4cc16905-a884-4d23-925d-f4843d2f0e23,738
a44453a6-029b-4149-ba4e-e9eb3a704a60,943
42360423-0df7-4fd2-9557-3fa740127f5a,916
3c404e17-b9ca-441d-9d6f-d885d36f0f21,751
36d9245b-58a9-4b2b-95f4-0d61921458b5,237
d3924627-fe1f-44f0-9627-bacde5b77f80,451
24fc55ad-cb8f-42ba-9db6-de489f4aacfb,863
8ed484d5-593c-4958-a981-e3e4550b8b38,114
d45c7653-23da-4696-8a19-5236d2a8804c,238
d55feeb4-64a1-45bb-aee6-cf4698834e66,112
96bb40e5-29d3-4f73-993a-a9e58a5e7af3,818
a7d26315-3e0f-45c8-8326-a0cc5388a6a0,737
7df254f7-65df-45c3-b321-cef555748f23,124
8325ac96-a45d-4201-9cfa-97234f9255c8,452
936ee3a8-3294-4b3c-b450-4e060be07edd,693
af9e4544-00b6-4964-bf22-3c68935e0d15,830
16c90fbd-e44f-49eb-bfbb-41256df95a81,98
01dc3535-5a1c-48a1-adf2-472e4ef4e0f2,744
435e40b3-f0f7-48bb-bafa-e559582d34a1,200
ebcc4a80-d023-4854-9fad-1fc0221e7658,715
d39489b0-5d12-491e-a593-ee429ff87f43,964
e7911950-e51c-4f02-983e-168c03c2ff3c,235
686fa11e-ca0d-4d7a-8f1d-59da8516f5ba,119
e443b2c5-90f1-4f85-aeb5-9b137966479d,202
aedd5888-c359-4ead-8227-c7b3c2bd2989,685
6a015dd1-49c7-4373-b839-d08c3146edec,905
644bc437-ea23-4246-bec9-d7b44ab764a0,973
d6c92118-30c2-4015-b3f7-fdcc2cf5d701,950
cd6a85ab-ac76-4530-b31a-58d6361320e2,564
479d0f79-54f4-4844-afa3-dd05fe6bba10,678
a3b47a0d-be4e-4141-a10f-f139a38c52de,812
324a0a63-f3c3-466d-ab3d-f7deb941423d,579
b6364794-0d5a-4dd4-937b-4180878126ca,232
2d3117b9-67fe-4520-a798-eed3f267b927,725
010eb2cd-5257-453e-aaa9-69364a53eed9,198
fc3c360c-155f-4367-a054-c447d03c1172,17
62a19035-46c9-4731-81bb-d50e4913fdce,212
2f6babe6-5ae9-488f-9628-ea6a1e14f72f,832
bd3b3e35-ecfb-4476-a1f0-f5a48e2b0c91,907
c1052526-d54e-4aa8-9df1-b2c30b5e9d88,746
6eb223ba-ec58-4a39-9b8c-f41ac38886ca,720
858484de-f854-46d4-8910-681b9fd8bcf3,917
0639449c-9930-4799-8d62-822945c890af,806
cc375b7d-589d-40bd-91a1-b3c7c6c22990,939
72ac5b33-7e25-4e17-b45e-30583931fd68,834
99e2d876-5620-426a-be8d-f86357ad3a16,831
ecc6e2db-48a1-4f43-90ae-47d8c00396f7,813
033b4da4-8feb-4211-a954-1e12e086d7f9,956
3c0d0780-e73c-4a6f-965c-c7c5cf588650,958
85dd2203-e922-40a0-aa68-15d43bb6fc9c,882
3702a0d8-2698-4294-a57e-61dd1060123b,694
92ba2109-b6d5-4d25-8758-58a6ba8340c3,213
aca74f97-93a0-477f-9411-cc791dbdaa0a,955
c32e2a63-898b-4cc4-875e-0286f789b993,891
9d8036cb-0df5-450e-b3f7-95e173ef709a,833
1e32ded0-e52e-4783-9cbd-591792694fb8,223
e1fd04fb-1389-43c4-90c0-b15541ce0dfa,975
d6330509-6e35-4f93-aa0f-b181144eff57,848
2ed1f4f3-28d6-4fb7-8b98-abb8bd322f13,752
cc2e0e1b-5294-493b-9b12-cc254cf541f5,430
a7c4fbab-1bba-44f0-9e15-f2e20b7c3207,102
c34992f6-7030-4946-b8ca-6df100847daf,688
0467782a-bc5c-434f-8365-0f2d06bcaea7,460
43b132f5-8d72-432f-b2b4-2727e8bf2be9,265
b7a8175c-992c-4b50-a7d8-58963ad5f883,915
147b2ae7-407d-45b9-b019-beb25ca65223,111
b9777858-d603-4ed9-b3c5-70710eee322f,16
c6f25494-93f3-4461-b3de-117e7126b6f2,207
f14d4463-cdd7-4744-9838-fa5d6da6a81b,893
122e4e9f-c036-4cfd-985e-c2e38551d8c6,871
60c1cbdd-7880-4bb9-a9f8-f8c1eba47b21,881
52678ba3-7da9-49a0-9fa7-b6146f69f4b3,568
7c6f88af-9c4e-404b-9cfd-b4e2c7f67a07,805
86462b14-bae8-4efc-922a-5e5c66effb1d,704
14759738-a629-40f5-967d-06cecd1680ce,880
3c62b586-2e3d-4b8d-aaf2-5125f48e555b,183
b21083c0-763d-4a24-b7ae-99edf597e174,100
b2af0b31-4dfe-4b17-bf97-4ee3e3ef2c46,248
6fd91c6b-51a4-4a9c-9d32-9804b2d07c89,208
eff0e7ff-4a2c-4bcf-86fd-7f848b5f3795,191
686da7d4-dfa8-43c0-bca1-c857dc7e5e28,429
b04912cb-6932-4807-9b0c-065c250d4f8e,966
8d6aa0a7-2fee-494c-9c68-ea0da71496b0,835
40da5703-a265-4d75-94ce-83993b09ead0,122
1cb95f98-0376-4777-87ff-12953a3d8f9e,94
47d448be-b470-417e-9eec-78bc5e55618d,434
11f9fabe-0878-4f5a-a69a-52b651326a9c,211
5942924a-e63a-4de2-add6-8a18f44c36bf,901
dd1d3898-954d-47ae-9de6-847847bac9f9,580
733a3129-c166-42e7-ad6c-40df7b5b5b16,449
479bbdcc-4b1e-4e61-babe-49f47e684ab9,742
23f19c18-b116-49a9-8cbb-e86a9ee488f4,912
cf2f5020-4e19-49b6-988d-f44d7eee0188,846